cstart,cend,recovery,color,rhr,hrv,daystrain,cals,maxhr,avghr,sleepstart,wake,sleepscore,resprate,asleep,inbed,lightsleepmin,deepsleepmin,rem,awake,sleepneed,sleepdebt,sleepefficiency
4/1/2020 23:03,4/2/2020 22:40,53,yellow,51,62,12,1785,172,70,4/1/2020 23:03,4/2/2020 7:01,83,14.6,439,478,195,94,150,39,527,38,92
4/2/2020 22:40,4/3/2020 22:13,52,yellow,51,59,7.7,1564,126,63,4/2/2020 22:40,4/3/2020 7:05,92,14.4,474,505,129,94,251,31,513,38,93
4/3/2020 22:13,4/4/2020 22:01,54,yellow,47,59,13,1828,183,61,4/3/2020 22:13,4/4/2020 6:45,100,14.3,488,512,192,82,214,24,485,23,95
4/4/2020 22:01,4/5/2020 22:27,99,green,45,85,11.3,1881,159,63,4/4/2020 22:01,4/5/2020 6:58,100,14.4,493,537,168,108,217,44,479,0,91
4/5/2020 22:27,4/6/2020 22:48,98,green,46,95,17.1,2385,183,68,4/5/2020 22:27,4/6/2020 6:53,100,14.4,480,506,200,123,157,26,471,0,94
4/6/2020 22:48,4/7/2020 22:07,62,yellow,50,64,14.1,1790,187,65,4/6/2020 22:48,4/7/2020 7:29,92,14.7,465,521,193,115,157,56,506,0,89
4/7/2020 22:07,4/8/2020 22:11,64,yellow,49,65,14.6,2009,178,63,4/7/2020 22:07,4/8/2020 6:56,100,14.6,504,529,202,108,194,25,504,18,95
4/8/2020 22:11,4/9/2020 21:53,58,yellow,49,62,8.1,1608,167,59,4/8/2020 22:11,4/9/2020 7:00,100,14.5,492,529,202,106,184,37,489,0,92
4/9/2020 21:53,4/10/2020 22:06,50,yellow,49,59,15,2046,181,65,4/9/2020 21:53,4/10/2020 7:35,100,14.6,502,582,204,125,173,80,462,0,86
4/10/2020 22:06,4/11/2020 22:57,60,yellow,47,65,13.4,1918,177,64,4/10/2020 22:06,4/11/2020 7:16,100,14.4,517,550,171,119,227,33,491,0,94
4/11/2020 22:57,4/12/2020 20:58,50,yellow,47,59,6.5,1437,141,58,4/11/2020 22:57,4/12/2020 7:41,100,14.4,484,524,170,105,209,40,481,0,92
4/12/2020 20:58,4/13/2020 22:28,87,green,43,82,14.9,2206,176,65,4/12/2020 20:58,4/13/2020 5:24,98,14.2,449,505,154,106,189,56,460,0,88
4/13/2020 22:28,4/15/2020 0:11,53,yellow,49,56,9.7,1781,164,61,4/13/2020 22:28,4/14/2020 6:44,96,14.5,477,496,136,107,234,19,497,5,96
4/15/2020 0:11,4/15/2020 21:59,56,yellow,49,57,13.3,1939,170,75,4/15/2020 0:11,4/15/2020 7:20,85,13.9,402,428,154,93,155,26,475,9,93
4/15/2020 21:59,4/17/2020 1:15,81,green,58,74,15.1,2291,181,71,4/15/2020 21:59,4/16/2020 6:45,98,13.9,503,526,294,109,100,23,515,34,95
4/17/2020 1:15,4/17/2020 21:42,93,green,50,90,15.6,1891,176,69,4/17/2020 1:15,4/17/2020 8:32,80,14.1,396,437,122,82,192,41,498,5,90
4/17/2020 21:42,4/18/2020 21:38,88,green,48,82,4.6,1423,132,55,4/17/2020 21:42,4/18/2020 5:29,79,14.5,430,467,157,98,175,37,541,45,92
4/18/2020 21:38,4/19/2020 23:05,81,green,49,76,12.8,1911,172,62,4/18/2020 21:38,4/19/2020 7:26,100,14.9,558,588,221,123,214,30,505,47,94
4/19/2020 23:05,4/20/2020 21:37,85,green,46,82,14.5,1973,185,75,4/19/2020 23:05,4/20/2020 8:19,100,14.5,505,554,167,132,206,49,478,0,91
4/20/2020 21:37,4/21/2020 22:17,62,yellow,48,69,15.1,2203,177,79,4/20/2020 21:37,4/21/2020 6:52,100,14.7,493,555,217,96,180,62,488,0,88
4/21/2020 22:17,4/22/2020 22:31,95,green,44,91,13.9,2258,150,79,4/21/2020 22:17,4/22/2020 7:23,100,14.6,500,546,239,76,185,46,492,0,91
4/22/2020 22:31,4/23/2020 22:27,32,red,49,52,7.8,1598,152,64,4/22/2020 22:31,4/23/2020 7:08,94,14.8,458,516,156,109,193,58,484,0,88
4/23/2020 22:27,4/24/2020 23:01,36,yellow,48,53,13.3,1963,184,73,4/23/2020 22:27,4/24/2020 7:23,100,14.9,455,535,223,96,136,80,429,13,85
4/24/2020 23:01,4/25/2020 22:35,33,red,53,48,5.6,1465,128,64,4/24/2020 23:01,4/25/2020 7:50,99,14.7,474,528,146,120,208,54,481,0,89
4/25/2020 22:35,4/26/2020 21:28,38,yellow,52,51,5.6,1418,140,64,4/25/2020 22:35,4/26/2020 7:30,100,15.2,507,535,218,102,187,28,461,2,94
4/26/2020 21:28,4/27/2020 21:41,46,yellow,45,56,11.9,1831,175,63,4/26/2020 21:28,4/27/2020 5:29,97,14.6,445,481,213,77,155,36,458,0,92
4/27/2020 21:41,4/29/2020 3:40,73,green,48,65,15.1,2292,186,61,4/27/2020 21:41,4/28/2020 6:43,100,14.5,502,541,218,109,175,39,483,8,92
4/29/2020 3:40,4/29/2020 22:39,76,green,49,75,13.2,1517,188,67,4/29/2020 3:40,4/29/2020 8:20,59,14.2,246,280,124,53,69,34,416,0,87
4/29/2020 22:39,4/30/2020 22:36,79,green,50,60,14.2,1953,186,65,4/29/2020 22:39,4/30/2020 7:38,100,14.6,489,538,146,121,222,49,475,93,90
4/30/2020 22:36,5/1/2020 22:24,92,green,50,70,14.8,2020,180,68,4/30/2020 22:36,5/1/2020 7:24,100,14.5,484,528,197,109,178,44,486,0,91
5/1/2020 22:24,5/2/2020 22:26,87,green,51,68,6,1372,166,68,5/1/2020 22:24,5/2/2020 6:58,96,14.5,470,513,209,93,168,43,490,0,91
5/2/2020 22:26,5/3/2020 21:41,90,green,51,71,14.3,1935,180,66,5/2/2020 22:26,5/3/2020 7:28,100,14.6,497,542,146,121,230,45,471,11,91
5/3/2020 21:41,5/4/2020 22:06,52,yellow,51,58,11.8,1856,165,64,5/3/2020 21:41,5/4/2020 6:50,100,14.1,509,549,229,109,171,40,487,0,92
5/4/2020 22:06,5/5/2020 22:25,98,green,47,83,15.2,2202,174,69,5/4/2020 22:06,5/5/2020 6:39,100,13.8,473,513,205,63,205,40,473,0,92
5/5/2020 22:25,5/6/2020 21:37,70,green,45,68,9.1,1659,166,67,5/5/2020 22:25,5/6/2020 6:56,95,14.3,471,511,207,91,173,40,493,0,92
5/6/2020 21:37,5/7/2020 22:37,71,green,46,72,9.6,1803,164,64,5/6/2020 21:37,5/7/2020 7:14,100,14.4,525,577,217,103,205,52,476,11,91
5/7/2020 22:37,5/8/2020 21:58,53,yellow,46,62,12.2,1753,176,61,5/7/2020 22:37,5/8/2020 7:15,100,13.9,502,518,163,117,222,16,466,0,96
5/8/2020 21:58,5/9/2020 22:01,77,green,44,73,12.5,1845,172,60,5/8/2020 21:58,5/9/2020 7:41,100,14.1,543,582,261,92,190,39,475,0,93
5/9/2020 22:01,5/10/2020 22:34,87,green,48,79,7.5,1611,167,60,5/9/2020 22:01,5/10/2020 7:00,100,13.9,499,538,138,106,255,39,477,0,92
5/10/2020 22:34,5/11/2020 22:03,41,yellow,48,56,10.5,1699,164,64,5/10/2020 22:34,5/11/2020 5:28,87,13.8,400,414,122,97,181,14,461,0,96
5/11/2020 22:03,5/12/2020 23:09,41,yellow,54,56,13.6,1954,176,63,5/11/2020 22:03,5/12/2020 7:24,100,13.9,534,561,263,99,172,27,498,29,95
5/12/2020 23:09,5/13/2020 22:21,31,red,51,47,6.7,1499,148,63,5/12/2020 23:09,5/13/2020 7:24,95,13.9,456,495,131,98,227,39,482,0,92
5/13/2020 22:21,5/15/2020 1:00,57,yellow,54,63,9.3,1709,171,63,5/13/2020 22:21,5/14/2020 6:55,100,14.4,490,513,232,68,190,23,471,11,95
5/15/2020 1:00,5/15/2020 21:24,39,yellow,51,52,5,1238,121,63,5/15/2020 1:00,5/15/2020 8:00,84,14.5,388,420,209,73,106,32,465,0,92
5/15/2020 21:24,5/16/2020 21:40,41,yellow,47,52,14,1844,186,61,5/15/2020 21:24,5/16/2020 4:59,86,14.1,426,455,203,90,133,29,494,36,93
5/16/2020 21:40,5/18/2020 2:54,71,green,51,66,14.9,2225,184,63,5/16/2020 21:40,5/17/2020 6:04,93,14.2,481,504,213,94,174,23,517,31,95
5/18/2020 2:54,5/18/2020 22:14,69,green,53,64,13.8,1722,179,73,5/18/2020 2:54,5/18/2020 9:22,69,14,349,387,94,99,156,38,507,15,90
5/18/2020 22:14,5/19/2020 21:53,44,yellow,52,59,6.1,1491,156,64,5/18/2020 22:14,5/19/2020 0:34,25,14.4,137,139,97,19,21,2,554,70,98
5/19/2020 21:53,5/20/2020 23:09,62,yellow,48,56,14.9,2371,175,75,5/19/2020 21:53,5/20/2020 7:23,100,14.5,534,570,201,94,239,36,383,170,93
5/20/2020 23:09,5/21/2020 22:27,36,yellow,51,48,12.2,1746,178,66,5/20/2020 23:09,5/21/2020 8:13,97,14.4,478,544,238,93,147,66,490,0,87
5/21/2020 22:27,5/22/2020 20:18,44,yellow,50,52,11.5,1586,183,64,5/21/2020 22:27,5/22/2020 7:48,100,14.5,526,561,196,124,206,35,484,8,94
5/22/2020 20:18,5/23/2020 21:28,91,green,48,84,14.4,2238,178,80,5/22/2020 20:18,5/23/2020 1:20,61,14.1,288,302,111,71,106,14,472,0,95
5/23/2020 21:28,5/24/2020 19:42,57,yellow,53,57,5.4,1372,130,61,5/23/2020 21:28,5/24/2020 7:34,98,14.3,567,606,219,130,218,39,576,88,93
5/24/2020 19:42,5/25/2020 18:19,48,yellow,49,58,12.5,1731,174,68,5/24/2020 19:42,5/24/2020 23:29,43,14.5,199,227,100,43,56,28,464,5,87
5/25/2020 18:19,5/26/2020 21:55,69,green,51,63,12.7,2142,178,71,5/25/2020 18:19,5/26/2020 0:44,80,14.5,330,385,215,58,57,55,412,129,85
5/26/2020 21:55,5/27/2020 22:01,36,yellow,54,45,12.9,1605,188,70,5/26/2020 21:55,5/27/2020 6:22,100,14.2,494,506,205,117,172,12,403,58,97
5/27/2020 22:01,5/28/2020 22:26,68,green,56,65,14,2238,177,72,5/27/2020 22:01,5/28/2020 7:25,100,14.2,528,564,230,126,172,36,479,0,93
5/28/2020 22:26,5/29/2020 21:54,47,yellow,55,53,7.1,1550,147,69,5/28/2020 22:26,5/29/2020 6:52,96,14,466,505,181,115,170,39,485,0,92
5/29/2020 21:54,5/30/2020 21:38,65,yellow,50,60,6,1488,124,65,5/29/2020 21:54,5/30/2020 5:59,96,14.3,454,484,192,103,159,30,472,11,93
5/30/2020 21:38,5/31/2020 21:36,57,yellow,48,56,12.2,1805,180,66,5/30/2020 21:38,5/31/2020 6:50,100,14.2,505,551,183,106,216,46,471,11,91
5/31/2020 21:36,6/1/2020 21:35,42,yellow,51,50,13.9,1889,179,67,5/31/2020 21:36,6/1/2020 5:59,100,14.5,474,503,204,94,176,29,475,0,94
6/1/2020 21:35,6/2/2020 21:44,47,yellow,48,51,11.1,1754,177,64,6/1/2020 21:35,6/2/2020 6:03,95,14.2,460,507,212,91,157,47,485,0,91
6/2/2020 21:44,6/3/2020 22:18,91,green,48,74,12.9,1972,179,64,6/2/2020 21:44,6/3/2020 7:02,100,14.2,498,557,180,127,191,59,485,14,90
6/3/2020 22:18,6/4/2020 22:16,98,green,47,92,15.8,2088,189,70,6/3/2020 22:18,6/4/2020 6:37,96,14.1,460,499,140,110,210,39,479,0,92
6/4/2020 22:16,6/5/2020 22:48,89,green,47,76,15.2,2080,188,68,6/4/2020 22:16,6/5/2020 7:01,95,14.5,483,524,175,107,201,41,509,11,93
6/5/2020 22:48,6/6/2020 21:46,55,yellow,49,54,14.1,1923,176,63,6/5/2020 22:48,6/6/2020 7:40,97,13.9,493,532,229,84,180,39,507,14,93
6/6/2020 21:46,6/7/2020 21:52,67,green,47,61,10.5,1682,173,62,6/6/2020 21:46,6/7/2020 7:38,100,14.3,561,592,195,142,224,31,494,8,95
6/7/2020 21:52,6/8/2020 22:39,60,yellow,49,60,9.4,1694,176,64,6/7/2020 21:52,6/8/2020 7:39,100,14.3,541,587,192,121,228,46,468,0,93
6/8/2020 22:39,6/9/2020 23:43,66,yellow,50,66,12.3,1829,174,65,6/8/2020 22:39,6/9/2020 7:17,100,13.9,483,517,144,124,215,34,465,0,94
6/9/2020 23:43,6/10/2020 22:00,83,green,48,78,8.6,1556,157,67,6/9/2020 23:43,6/10/2020 6:11,70,14,331,387,142,78,111,56,476,0,87
6/10/2020 22:00,6/11/2020 22:14,35,yellow,55,47,14.4,2020,178,70,6/10/2020 22:00,6/11/2020 7:14,96,14,510,554,198,121,191,44,531,68,93
6/11/2020 22:14,6/12/2020 22:05,38,yellow,55,48,12.4,1827,179,66,6/11/2020 22:14,6/12/2020 7:24,100,14,497,550,216,125,156,53,499,11,90
6/12/2020 22:05,6/13/2020 23:35,48,yellow,52,53,11.1,1845,169,67,6/12/2020 22:05,6/13/2020 7:02,99,14.2,470,537,258,94,118,67,476,0,89
6/13/2020 23:35,6/14/2020 21:53,45,yellow,51,52,4.4,1326,116,64,6/13/2020 23:35,6/14/2020 7:42,93,13.9,438,486,199,76,163,48,473,2,91
6/14/2020 21:53,6/15/2020 22:18,51,yellow,51,52,12.6,1808,177,65,6/14/2020 21:53,6/15/2020 6:01,90,14.4,425,487,182,78,165,62,473,15,89
6/15/2020 22:18,6/17/2020 0:32,50,yellow,51,52,9.3,1764,171,64,6/15/2020 22:18,6/16/2020 8:10,100,14.6,552,592,250,137,165,40,500,22,94
6/17/2020 0:32,6/17/2020 22:21,60,yellow,48,55,11.2,1726,170,69,6/17/2020 0:32,6/17/2020 7:50,86,14.2,398,437,134,107,157,39,465,0,93
6/17/2020 22:21,6/18/2020 22:58,97,green,49,86,15.5,2322,185,72,6/17/2020 22:21,6/18/2020 6:51,95,14.4,476,510,188,111,177,34,503,31,93
6/18/2020 22:58,6/19/2020 22:35,81,green,49,69,14.7,2211,178,67,6/18/2020 22:58,6/19/2020 8:05,100,14,514,547,177,103,234,33,509,14,93
6/19/2020 22:35,6/21/2020 0:30,58,yellow,51,53,12.2,1861,179,63,6/19/2020 22:35,6/20/2020 7:26,100,14.3,500,531,221,117,162,31,489,0,94
6/21/2020 0:30,6/21/2020 21:56,72,green,49,65,8.1,1475,141,69,6/21/2020 0:30,6/21/2020 7:59,90,14.3,427,448,188,80,159,21,475,0,95
6/21/2020 21:56,6/22/2020 21:07,61,yellow,46,57,10.5,1678,170,63,6/21/2020 21:56,6/22/2020 6:25,99,14.3,478,508,160,105,213,30,485,22,94
6/22/2020 21:07,6/23/2020 23:56,91,green,51,89,12.3,2024,181,62,6/22/2020 21:07,6/23/2020 7:22,100,14.4,559,615,210,132,217,56,471,2,90
6/23/2020 23:56,6/24/2020 22:28,51,yellow,49,55,6.5,1429,176,62,6/23/2020 23:56,6/24/2020 7:13,87,13.7,414,437,188,81,145,23,475,0,94
6/24/2020 22:28,6/25/2020 22:46,42,yellow,49,50,14.2,2137,189,70,6/24/2020 22:28,6/25/2020 6:54,96,14.3,468,506,159,110,199,38,489,29,93
6/25/2020 22:46,6/26/2020 23:45,82,green,49,77,10.6,1817,169,66,6/25/2020 22:46,6/26/2020 7:07,94,13.9,468,501,129,108,231,33,498,11,93
6/26/2020 23:45,6/27/2020 23:05,72,green,49,68,14.1,1882,188,69,6/26/2020 23:45,6/27/2020 7:17,84,14.2,403,452,241,68,94,49,482,13,89
6/27/2020 23:05,6/28/2020 21:57,47,yellow,51,53,7.9,1557,143,70,6/27/2020 23:05,6/28/2020 7:29,92,14.2,481,503,158,108,215,22,522,36,95
6/28/2020 21:57,6/29/2020 21:17,49,yellow,48,54,8.1,1596,164,66,6/28/2020 21:57,6/29/2020 5:47,86,14.4,412,470,171,99,142,58,480,18,88
6/29/2020 21:17,7/1/2020 2:50,76,green,46,69,12.8,2128,179,61,6/29/2020 21:17,6/30/2020 8:13,100,14.3,609,655,245,146,218,46,494,31,92
7/1/2020 2:50,7/2/2020 0:10,71,green,53,73,8.4,1492,162,62,7/1/2020 2:50,7/1/2020 9:00,72,14.2,344,370,123,76,145,26,478,0,92
7/2/2020 0:10,7/2/2020 22:17,63,yellow,46,68,15.9,2199,185,71,7/2/2020 0:10,7/2/2020 7:16,75,14.1,392,426,139,69,184,34,526,63,92
7/2/2020 22:17,7/3/2020 23:02,72,green,46,71,11.3,1849,172,63,7/2/2020 22:17,7/3/2020 8:02,96,13.8,534,585,189,116,229,51,554,56,91
7/3/2020 23:02,7/4/2020 22:47,54,yellow,49,61,15.2,2147,177,67,7/3/2020 23:02,7/4/2020 8:05,100,14.1,489,543,231,92,166,54,483,11,90
7/4/2020 22:47,7/5/2020 22:47,51,yellow,47,61,7.1,1563,151,62,7/4/2020 22:47,7/5/2020 4:29,68,13.9,334,342,141,73,120,8,493,0,98
7/5/2020 22:47,7/6/2020 22:19,66,yellow,48,67,11.7,1868,177,66,7/5/2020 22:47,7/6/2020 7:25,100,13.8,487,518,238,69,180,31,415,72,94
7/6/2020 22:19,7/8/2020 0:34,46,yellow,47,57,11.8,1819,183,62,7/6/2020 22:19,7/7/2020 7:16,100,14,500,536,218,101,181,36,473,0,93
7/8/2020 0:34,7/8/2020 22:59,36,yellow,52,51,11.1,1740,163,67,7/8/2020 0:34,7/8/2020 8:13,90,13.8,425,459,162,79,184,34,473,0,92
7/8/2020 22:59,7/9/2020 22:04,47,yellow,51,59,9.9,1705,157,65,7/8/2020 22:59,7/9/2020 7:35,93,14.2,463,516,157,116,190,53,500,29,89
7/9/2020 22:04,7/10/2020 23:40,35,yellow,53,47,6.3,1627,140,64,7/9/2020 22:04,7/10/2020 6:59,100,13.9,508,534,228,129,151,26,487,20,95
7/10/2020 23:40,7/11/2020 22:29,85,green,50,72,18.1,2482,187,75,7/10/2020 23:40,7/11/2020 7:40,98,14.2,450,479,161,103,186,29,459,0,93
7/11/2020 22:29,7/12/2020 22:45,38,yellow,53,49,5.8,1507,152,64,7/11/2020 22:29,7/12/2020 8:40,100,14.2,527,611,220,130,177,84,519,5,86
7/12/2020 22:45,7/13/2020 23:22,42,yellow,48,49,15.5,2349,178,68,7/12/2020 22:45,7/13/2020 7:05,100,14.2,463,500,230,103,130,37,458,0,92
7/13/2020 23:22,7/14/2020 23:00,40,yellow,51,45,11.9,1800,172,66,7/13/2020 23:22,7/14/2020 7:20,90,14.2,443,478,245,83,115,35,495,0,93
7/14/2020 23:00,7/15/2020 23:09,54,yellow,51,52,6.9,1559,146,63,7/14/2020 23:00,7/15/2020 7:55,99,13.9,489,535,175,126,188,46,496,22,91
7/15/2020 23:09,7/16/2020 22:39,98,green,49,94,12.3,1750,178,63,7/15/2020 23:09,7/16/2020 7:39,100,14.1,461,510,211,110,140,49,463,2,90
7/16/2020 22:39,7/17/2020 22:59,84,green,50,74,11.8,1865,167,69,7/16/2020 22:39,7/17/2020 7:18,100,14.2,486,518,202,132,152,32,476,0,93
7/17/2020 22:59,7/18/2020 22:54,82,green,49,72,14,1976,184,76,7/17/2020 22:59,7/18/2020 7:53,100,14.2,504,534,282,117,105,30,473,0,94
7/18/2020 22:54,7/19/2020 21:30,47,yellow,56,59,8.5,1554,173,68,7/18/2020 22:54,7/19/2020 7:44,100,14.9,494,530,272,100,122,36,387,0,93
7/19/2020 21:30,7/20/2020 21:56,92,green,48,78,13.7,1905,186,66,7/19/2020 21:30,7/20/2020 5:59,100,14,473,509,204,142,127,36,463,0,93
7/20/2020 21:56,7/22/2020 1:53,65,yellow,53,63,6.6,1773,137,59,7/20/2020 21:56,7/21/2020 8:25,100,14.1,594,628,280,114,200,34,483,0,94
7/22/2020 1:53,7/22/2020 22:54,82,green,57,87,12.5,1787,168,67,7/22/2020 1:53,7/22/2020 8:13,75,14.1,342,380,136,71,135,38,459,0,90
7/22/2020 22:54,7/23/2020 23:58,71,green,51,74,9.6,1782,175,64,7/22/2020 22:54,7/23/2020 8:01,94,13.8,501,547,270,110,121,46,533,56,91
7/23/2020 23:58,7/24/2020 23:17,78,green,52,75,11.7,1751,178,66,7/23/2020 23:58,7/24/2020 7:48,91,13.8,434,470,226,72,136,36,479,13,92
7/24/2020 23:17,7/25/2020 23:08,66,yellow,50,69,9.5,1643,178,67,7/24/2020 23:17,7/25/2020 8:02,95,13.8,469,525,196,115,158,56,493,20,89
7/25/2020 23:08,7/26/2020 21:49,46,yellow,51,56,13.3,1953,174,69,7/25/2020 23:08,7/26/2020 8:30,100,14,505,561,265,92,148,56,480,14,90
7/26/2020 21:49,7/27/2020 22:08,50,yellow,48,60,7.3,1578,157,62,7/26/2020 21:49,7/27/2020 5:59,95,14,456,490,242,90,124,34,481,0,93
7/27/2020 22:08,7/29/2020 1:12,59,yellow,49,63,7.2,1736,157,59,7/27/2020 22:08,7/28/2020 7:20,100,13.9,514,551,179,102,233,37,475,14,93
7/29/2020 1:12,7/29/2020 22:04,52,yellow,51,60,11.3,1588,179,67,7/29/2020 1:12,7/29/2020 7:53,92,13.8,374,400,145,89,140,26,407,0,95
7/29/2020 22:04,7/30/2020 21:54,56,yellow,49,62,12.9,1847,182,67,7/29/2020 22:04,7/30/2020 6:38,98,13.7,482,513,187,89,206,31,489,18,93
7/30/2020 21:54,7/31/2020 22:29,97,green,48,87,18.3,2430,202,67,7/30/2020 21:54,7/31/2020 6:18,97,14.4,469,504,246,80,143,35,484,5,93
7/31/2020 22:29,8/1/2020 22:39,51,yellow,53,60,4.3,1445,128,59,7/31/2020 22:29,8/1/2020 7:11,90,14,471,522,196,118,157,51,524,8,90
8/1/2020 22:39,8/2/2020 20:49,91,green,50,82,12.5,1750,177,68,8/1/2020 22:39,8/2/2020 7:02,99,14,477,503,180,96,201,26,480,22,94
8/2/2020 20:49,8/3/2020 21:49,84,green,53,83,12.3,1880,178,65,8/2/2020 20:49,8/3/2020 3:59,84,13.7,404,430,183,95,126,26,479,2,94
8/3/2020 21:49,8/4/2020 22:45,72,green,51,69,4.5,1048,124,60,8/3/2020 21:49,8/4/2020 6:42,99,13.9,505,532,139,149,217,27,512,36,94
8/4/2020 22:45,8/5/2020 22:53,49,yellow,52,55,11.2,1780,196,64,8/4/2020 22:45,8/5/2020 6:58,99,13.9,457,492,151,109,197,35,460,2,92
8/5/2020 22:53,8/6/2020 22:19,53,yellow,52,62,11.8,1807,176,67,8/5/2020 22:53,8/6/2020 6:58,98,14.1,464,485,192,93,179,21,474,2,95
8/6/2020 22:19,8/7/2020 23:06,74,green,61,78,13.4,1939,181,69,8/6/2020 22:19,8/7/2020 6:48,100,13.9,485,509,284,79,122,24,479,5,95
8/7/2020 23:06,8/8/2020 23:40,41,yellow,60,55,10.2,1842,153,76,8/7/2020 23:06,8/8/2020 7:20,95,14.2,459,493,230,82,147,34,481,0,93
8/8/2020 23:40,8/9/2020 22:52,52,yellow,53,61,13.1,1835,207,78,8/8/2020 23:40,8/9/2020 7:56,96,14.1,459,496,248,76,135,37,479,11,92
8/9/2020 22:52,8/10/2020 22:36,66,yellow,52,65,12.2,1754,182,67,8/9/2020 22:52,8/10/2020 7:48,100,13.9,505,535,252,106,147,30,489,9,94
8/10/2020 22:36,8/11/2020 22:08,29,red,52,41,4.9,1442,136,64,8/10/2020 22:36,8/11/2020 7:02,100,14.1,482,505,241,107,134,23,475,0,95
8/11/2020 22:08,8/12/2020 21:51,87,green,49,77,8.8,1629,174,66,8/11/2020 22:08,8/12/2020 6:58,100,13.9,486,529,232,99,155,43,457,0,91
8/12/2020 21:51,8/13/2020 22:12,38,yellow,53,49,10.8,1788,176,67,8/12/2020 21:51,8/13/2020 7:08,100,14,525,557,259,99,167,32,463,0,94
8/13/2020 22:12,8/14/2020 22:21,48,yellow,55,55,11.2,1724,178,67,8/13/2020 22:12,8/14/2020 7:13,100,13.8,493,541,184,121,188,48,469,0,92
8/14/2020 22:21,8/15/2020 22:21,47,yellow,53,54,14.8,2071,181,68,8/14/2020 22:21,8/15/2020 6:31,97,14.2,456,489,207,93,156,33,471,0,94
8/15/2020 22:21,8/16/2020 21:58,65,yellow,52,63,4.8,1438,149,61,8/15/2020 22:21,8/16/2020 6:33,93,14.4,461,492,257,72,132,31,496,6,93
8/16/2020 21:58,8/17/2020 22:46,86,green,49,75,12,1835,178,65,8/16/2020 21:58,8/17/2020 5:59,95,14.3,448,481,211,97,140,33,473,15,93
8/17/2020 22:46,8/18/2020 23:55,78,green,56,75,13.1,1930,177,65,8/17/2020 22:46,8/18/2020 8:16,100,14.6,533,570,180,110,243,37,486,11,93
8/18/2020 23:55,8/19/2020 22:44,67,green,53,65,12.4,1742,186,71,8/18/2020 23:55,8/19/2020 7:54,94,13.9,451,479,189,76,186,28,480,0,94
8/19/2020 22:44,8/20/2020 22:47,45,yellow,61,60,4.7,1463,133,66,8/19/2020 22:44,8/20/2020 7:00,94,14.6,458,495,230,94,134,37,490,13,92
8/20/2020 22:47,8/21/2020 22:22,43,yellow,51,53,14.8,2184,189,76,8/20/2020 22:47,8/21/2020 7:45,100,14.1,494,537,175,124,195,43,471,13,91
8/21/2020 22:22,8/22/2020 21:43,74,green,51,70,13.7,1944,176,74,8/21/2020 22:22,8/22/2020 7:02,99,14.2,484,519,217,96,171,35,490,0,93
8/22/2020 21:43,8/23/2020 21:48,20,red,67,49,4.2,1424,119,70,8/22/2020 21:43,8/23/2020 7:05,100,16.2,489,561,331,42,116,72,410,2,87
8/23/2020 21:48,8/24/2020 22:19,14,red,61,46,5,1475,143,70,8/23/2020 21:48,8/24/2020 6:44,99,17.1,452,535,250,79,123,83,457,0,84
8/24/2020 22:19,8/25/2020 22:46,64,yellow,56,65,4.3,1456,128,59,8/24/2020 22:19,8/25/2020 8:24,100,15.1,564,604,257,129,178,40,460,2,93
8/25/2020 22:46,8/26/2020 22:26,69,green,49,65,5,1424,133,66,8/25/2020 22:46,8/26/2020 7:24,100,14.8,470,517,236,120,114,47,457,0,91
8/26/2020 22:26,8/27/2020 22:59,66,yellow,51,62,7.1,1627,160,67,8/26/2020 22:26,8/27/2020 7:59,100,14.7,523,572,331,64,128,49,458,0,91
8/27/2020 22:59,8/28/2020 23:21,51,yellow,49,55,4.5,1447,140,61,8/27/2020 22:59,8/28/2020 7:44,100,14.5,496,525,249,114,133,29,460,0,94
8/28/2020 23:21,8/29/2020 21:56,62,yellow,48,61,4.6,1357,151,60,8/28/2020 23:21,8/29/2020 7:50,100,14.8,461,509,196,99,166,48,457,0,91
8/29/2020 21:56,8/30/2020 22:10,69,green,49,64,12,1875,201,68,8/29/2020 21:56,8/30/2020 7:13,100,14.7,496,557,263,122,111,61,457,0,88
8/30/2020 22:10,8/31/2020 22:05,97,green,49,97,11.2,1763,202,70,8/30/2020 22:10,8/31/2020 7:40,100,14.8,506,569,316,117,73,63,474,0,89
8/31/2020 22:05,9/1/2020 21:36,46,yellow,49,57,11,1728,206,67,8/31/2020 22:05,9/1/2020 3:51,67,14.9,317,345,151,57,109,28,471,0,93
9/1/2020 21:36,9/2/2020 22:39,61,yellow,48,59,4.7,1498,143,61,9/1/2020 21:36,9/2/2020 6:38,100,14.8,496,541,335,70,91,45,471,75,91
9/2/2020 22:39,9/3/2020 22:23,70,green,49,63,9.9,1733,170,66,9/2/2020 22:39,9/3/2020 7:02,100,14.6,476,503,227,90,159,27,457,0,94
9/3/2020 22:23,9/4/2020 22:52,56,yellow,49,56,12.8,1966,182,70,9/3/2020 22:23,9/4/2020 7:16,100,14.6,500,533,176,109,215,33,466,0,94
9/4/2020 22:52,9/5/2020 21:39,53,yellow,52,58,4.5,1344,120,62,9/4/2020 22:52,9/5/2020 5:59,83,14.7,399,427,173,74,152,28,478,0,93
9/5/2020 21:39,9/7/2020 2:11,72,green,45,64,12.4,2090,181,60,9/5/2020 21:39,9/6/2020 7:13,100,14.3,535,573,254,111,170,38,496,38,93
9/7/2020 2:11,9/7/2020 23:50,80,green,51,68,13,1820,184,71,9/7/2020 2:11,9/7/2020 9:31,99,14.7,400,440,111,100,189,40,405,0,91
9/7/2020 23:50,9/8/2020 22:28,66,yellow,48,59,6.2,1459,147,63,9/7/2020 23:50,9/8/2020 7:38,86,14.6,412,467,233,70,109,55,482,2,88
9/8/2020 22:28,9/9/2020 23:23,89,green,48,69,14.8,2246,185,71,9/8/2020 22:28,9/9/2020 7:39,100,14.3,514,550,202,99,213,36,491,31,94
9/9/2020 23:23,9/10/2020 22:36,62,yellow,48,60,15.5,2308,185,70,9/9/2020 23:23,9/10/2020 8:19,100,14.4,512,536,204,109,199,24,490,0,95
9/10/2020 22:36,9/11/2020 23:04,73,green,48,62,11.9,1867,180,71,9/10/2020 22:36,9/11/2020 7:38,98,14.7,484,542,240,93,151,58,495,0,89
9/11/2020 23:04,9/12/2020 22:12,64,yellow,50,62,5.3,1423,137,58,9/11/2020 23:04,9/12/2020 5:59,83,14.8,399,415,182,79,138,16,480,5,96
9/12/2020 22:12,9/14/2020 0:14,98,green,46,80,12.5,1970,177,61,9/12/2020 22:12,9/13/2020 7:36,100,15.2,521,564,225,115,181,43,496,38,92
9/14/2020 0:14,9/14/2020 22:13,70,green,47,64,5.5,1369,139,62,9/14/2020 0:14,9/14/2020 6:09,69,14.9,329,355,149,74,106,26,476,0,94
9/14/2020 22:13,9/15/2020 23:11,79,green,47,66,14.7,2298,176,72,9/14/2020 22:13,9/15/2020 7:11,97,14.8,511,538,159,97,255,27,528,70,94
9/15/2020 23:11,9/16/2020 22:37,66,yellow,50,64,8.8,1582,158,67,9/15/2020 23:11,9/16/2020 7:40,99,15.1,492,509,276,82,134,17,498,8,96
9/16/2020 22:37,9/17/2020 22:39,95,green,49,81,13.9,1986,191,69,9/16/2020 22:37,9/17/2020 6:14,91,15.3,424,456,166,81,177,32,466,2,92
9/17/2020 22:39,9/18/2020 22:56,53,yellow,50,58,11.9,1814,173,66,9/17/2020 22:39,9/18/2020 7:20,95,15.3,481,520,197,99,185,39,504,20,92
9/18/2020 22:56,9/20/2020 0:08,65,yellow,47,63,10,1830,161,62,9/18/2020 22:56,9/19/2020 6:53,89,14.9,433,477,131,96,206,44,488,14,91
9/20/2020 0:08,9/20/2020 22:49,64,yellow,47,65,9.7,1668,165,65,9/20/2020 0:08,9/20/2020 7:09,81,14.9,396,421,151,70,175,25,492,25,94
9/20/2020 22:49,9/21/2020 22:31,73,green,48,70,5.8,1470,141,57,9/20/2020 22:49,9/21/2020 5:59,75,14.8,383,430,172,89,122,47,509,43,89
9/21/2020 22:31,9/23/2020 0:47,63,yellow,49,63,8.5,1741,174,60,9/21/2020 22:31,9/22/2020 7:40,100,15.1,520,549,171,130,219,29,515,56,94
9/23/2020 0:47,9/23/2020 22:24,50,yellow,48,57,14.3,1804,192,69,9/23/2020 0:47,9/23/2020 8:27,92,14.5,426,460,142,95,189,34,462,0,92
9/23/2020 22:24,9/24/2020 22:15,56,yellow,47,60,13,1970,181,70,9/23/2020 22:24,9/24/2020 6:15,84,14.6,428,470,203,75,150,42,510,23,91
9/24/2020 22:15,9/25/2020 23:36,71,green,50,69,12.1,2053,161,74,9/24/2020 22:15,9/25/2020 6:40,91,14.6,471,504,250,101,120,33,515,36,93
9/25/2020 23:36,9/26/2020 23:23,58,yellow,53,65,16.7,2239,189,72,9/25/2020 23:36,9/26/2020 8:38,96,15.5,482,542,170,126,186,60,501,26,89
9/26/2020 23:23,9/27/2020 21:45,96,green,46,79,7.2,1475,147,67,9/26/2020 23:23,9/27/2020 7:08,85,14.7,436,465,159,96,181,29,514,11,93
9/27/2020 21:45,9/28/2020 21:48,89,green,48,75,12.5,1854,176,62,9/27/2020 21:45,9/28/2020 5:34,89,14.8,440,468,179,89,172,28,494,34,94
9/28/2020 21:48,9/29/2020 23:42,82,green,48,71,13.8,2038,180,61,9/28/2020 21:48,9/29/2020 7:16,100,14.9,550,568,306,106,138,18,501,25,97
9/29/2020 23:42,9/30/2020 22:21,40,yellow,50,52,10.7,1743,153,68,9/29/2020 23:42,9/30/2020 7:32,92,14.4,442,470,139,119,184,28,483,0,94
9/30/2020 22:21,10/1/2020 23:23,44,yellow,49,55,11.5,1958,163,68,9/30/2020 22:21,10/1/2020 7:19,99,14.8,487,537,188,99,200,50,492,23,90
10/1/2020 23:23,10/2/2020 23:24,53,yellow,49,61,6.2,1493,144,65,10/1/2020 23:23,10/2/2020 7:55,97,14.4,461,512,183,106,172,51,475,2,90
10/2/2020 23:24,10/4/2020 2:01,43,yellow,49,54,13.9,2339,180,72,10/2/2020 23:24,10/3/2020 8:24,100,14.9,514,540,247,106,161,26,467,8,95
10/4/2020 2:01,10/4/2020 21:45,69,green,64,70,12.5,1600,177,70,10/4/2020 2:01,10/4/2020 8:19,73,14.6,354,378,165,78,111,24,484,0,93
10/4/2020 21:45,10/5/2020 22:29,61,yellow,48,60,14,2109,182,68,10/4/2020 21:45,10/5/2020 7:53,100,14.2,556,607,195,135,226,51,538,61,91
10/5/2020 22:29,10/6/2020 21:34,66,yellow,49,61,13.9,2031,185,69,10/5/2020 22:29,10/6/2020 7:32,100,14.4,500,543,284,104,112,43,485,0,92
10/6/2020 21:34,10/7/2020 23:46,76,green,49,66,15.2,2419,179,73,10/6/2020 21:34,10/7/2020 7:52,100,14.4,587,618,242,134,211,31,484,0,95
10/7/2020 23:46,10/8/2020 22:16,66,yellow,49,62,6.3,1438,138,60,10/7/2020 23:46,10/8/2020 8:12,93,14.4,456,506,256,84,116,50,492,0,90
10/8/2020 22:16,10/10/2020 1:22,84,green,48,69,13.5,2192,183,72,10/8/2020 22:16,10/9/2020 8:05,100,14.4,525,588,149,122,254,63,475,15,89
10/10/2020 1:22,10/10/2020 22:43,47,yellow,54,57,14.9,1931,187,74,10/10/2020 1:22,10/10/2020 7:40,73,14.9,352,377,178,67,107,25,482,0,93
10/10/2020 22:43,10/11/2020 23:02,76,green,50,66,5.2,1468,127,60,10/10/2020 22:43,10/11/2020 8:37,97,14.5,534,594,234,114,186,60,552,61,89
10/11/2020 23:02,10/12/2020 21:31,29,red,52,43,13.6,1994,183,69,10/11/2020 23:02,10/12/2020 7:14,100,14.5,464,492,224,82,158,28,466,8,94
10/12/2020 21:31,10/13/2020 22:47,37,yellow,51,49,15.1,2381,197,72,10/12/2020 21:31,10/13/2020 8:00,100,14.3,553,628,278,105,170,75,482,0,88
10/13/2020 22:47,10/14/2020 23:32,72,green,49,68,12.8,1968,177,68,10/13/2020 22:47,10/14/2020 6:56,90,14,441,488,218,78,145,47,491,0,90
10/14/2020 23:32,10/15/2020 21:09,69,green,48,65,14,1953,186,68,10/14/2020 23:32,10/15/2020 7:22,88,14.5,440,469,221,80,139,29,501,22,93
10/15/2020 21:09,10/17/2020 0:02,62,yellow,46,60,14.6,2281,188,71,10/15/2020 21:09,10/16/2020 5:17,87,14.6,443,487,212,90,141,44,512,27,90
10/17/2020 0:02,10/18/2020 1:46,53,yellow,52,58,13.6,2178,171,72,10/17/2020 0:02,10/17/2020 7:41,77,14.1,401,459,194,109,98,58,518,29,87
10/18/2020 1:46,10/18/2020 20:56,90,green,49,103,5.7,1222,154,61,10/18/2020 1:46,10/18/2020 7:53,61,14.7,324,366,166,78,80,42,535,52,88
10/18/2020 20:56,10/19/2020 23:06,58,yellow,49,57,11.8,2035,163,69,10/18/2020 20:56,10/19/2020 7:16,100,14.6,568,619,213,144,211,51,484,88,91
10/19/2020 23:06,10/20/2020 23:23,79,green,51,68,15.7,2254,184,70,10/19/2020 23:06,10/20/2020 7:40,100,14.3,479,513,175,113,191,34,473,0,93
10/20/2020 23:23,10/21/2020 22:05,60,yellow,48,60,14.5,2075,177,68,10/20/2020 23:23,10/21/2020 7:38,92,14.4,457,494,177,96,184,37,496,0,92
10/21/2020 22:05,10/22/2020 21:26,88,green,46,77,15.8,2306,186,70,10/21/2020 22:05,10/22/2020 5:32,80,14.5,407,447,214,80,113,40,511,23,90
10/22/2020 21:26,10/23/2020 22:36,93,green,49,80,11.3,1863,179,70,10/22/2020 21:26,10/23/2020 5:44,93,14.2,442,498,195,74,173,56,477,45,88
10/23/2020 22:36,10/25/2020 2:23,62,yellow,58,63,15.2,2364,184,72,10/23/2020 22:36,10/24/2020 6:40,91,14.5,448,484,192,106,150,36,491,20,92
10/25/2020 2:23,10/25/2020 21:44,57,yellow,49,62,5,1197,130,60,10/25/2020 2:23,10/25/2020 10:08,77,14.7,401,464,154,75,172,63,519,26,86
10/25/2020 21:44,10/26/2020 23:16,50,yellow,49,56,15.7,2475,189,70,10/25/2020 21:44,10/26/2020 7:29,100,14.7,538,585,259,96,183,47,510,52,92
10/26/2020 23:16,10/27/2020 22:10,59,yellow,50,61,10.8,1772,162,68,10/26/2020 23:16,10/27/2020 7:18,89,14.1,442,482,210,85,147,40,496,0,91
10/27/2020 22:10,10/29/2020 0:09,43,yellow,49,52,9.8,1867,163,67,10/27/2020 22:10,10/28/2020 6:59,99,14.1,498,529,191,92,215,31,501,32,94
10/29/2020 0:09,10/29/2020 23:18,62,yellow,51,63,13.6,2011,175,72,10/29/2020 0:09,10/29/2020 8:00,87,14.9,408,470,196,100,112,62,469,2,86
10/29/2020 23:18,10/30/2020 21:48,58,yellow,44,59,14.1,2094,171,67,10/29/2020 23:18,10/30/2020 7:45,88,14.4,448,507,167,88,193,59,512,29,89
10/30/2020 21:48,10/31/2020 21:46,79,green,46,69,5,1462,137,56,10/30/2020 21:48,10/31/2020 5:59,90,14.4,459,491,163,98,198,32,512,27,93
10/31/2020 21:46,11/2/2020 2:15,89,green,45,70,12.2,2123,174,61,10/31/2020 21:46,11/1/2020 7:31,100,14.3,556,584,205,110,241,28,480,22,95
11/2/2020 1:15,11/3/2020 1:13,47,yellow,53,55,14.2,2206,175,73,11/2/2020 1:15,11/2/2020 7:34,66,14,315,379,98,80,137,64,475,0,83
11/3/2020 1:13,11/3/2020 23:00,66,yellow,50,63,9.8,1642,158,67,11/3/2020 1:13,11/3/2020 8:20,73,14.5,409,426,182,64,163,17,563,77,96
11/3/2020 23:00,11/4/2020 21:57,45,yellow,47,54,10.7,1796,162,66,11/3/2020 23:00,11/4/2020 7:52,92,14.6,486,532,132,97,257,46,527,61,91
11/4/2020 21:57,11/5/2020 22:42,58,yellow,49,60,16.1,2278,185,65,11/4/2020 21:57,11/5/2020 7:41,100,14.2,534,583,202,128,204,49,492,23,91
11/5/2020 22:42,11/7/2020 1:18,43,yellow,50,52,13.7,2167,181,73,11/5/2020 22:42,11/6/2020 7:17,94,14.2,471,515,178,94,199,44,499,0,91
11/7/2020 1:18,11/7/2020 22:22,87,green,52,94,5.7,1268,141,63,11/7/2020 1:18,11/7/2020 8:49,78,15.2,388,450,142,45,201,62,500,17,86
11/7/2020 22:22,11/8/2020 21:53,77,green,50,71,5.9,1486,143,59,11/7/2020 22:22,11/8/2020 8:13,100,13.9,535,590,198,113,224,55,423,50,90
11/8/2020 21:53,11/9/2020 22:22,88,green,47,78,10.7,1771,170,64,11/8/2020 21:53,11/9/2020 6:58,100,13.3,501,544,155,104,242,43,458,0,92
11/9/2020 22:22,11/10/2020 22:00,66,yellow,48,63,8.4,1610,167,63,11/9/2020 22:22,11/10/2020 6:47,94,13.7,440,505,202,76,162,65,469,0,87
11/10/2020 22:00,11/11/2020 21:48,80,green,52,76,4.7,1439,132,63,11/10/2020 22:00,11/11/2020 6:02,93,13,444,482,139,113,192,38,480,17,92
11/11/2020 21:48,11/12/2020 21:56,58,yellow,62,64,5.5,1499,140,68,11/11/2020 21:48,11/12/2020 6:55,96,13.5,458,547,244,87,127,89,478,20,83
11/12/2020 21:56,11/13/2020 21:34,62,yellow,57,70,5.9,1492,139,64,11/12/2020 21:56,11/13/2020 7:45,100,13.5,505,588,285,91,129,83,470,11,85
11/13/2020 21:34,11/14/2020 22:37,82,green,54,80,8.1,1694,155,64,11/13/2020 21:34,11/14/2020 5:59,100,13.7,471,504,202,96,173,33,458,0,93
11/14/2020 22:37,11/16/2020 0:08,58,yellow,50,66,11.2,1846,167,63,11/14/2020 22:37,11/15/2020 8:49,100,13.4,577,612,192,140,245,35,462,0,94
11/16/2020 0:08,11/16/2020 22:36,49,yellow,48,60,13.8,1972,184,72,11/16/2020 0:08,11/16/2020 9:14,100,13.8,522,545,163,93,266,23,471,0,95
11/16/2020 22:36,11/17/2020 20:50,34,yellow,47,53,8.4,1565,144,66,11/16/2020 22:36,11/17/2020 3:45,61,14.1,297,308,164,32,101,11,483,0,96
11/17/2020 20:50,11/18/2020 23:53,38,yellow,52,50,7.4,1796,153,64,11/17/2020 20:50,11/18/2020 7:45,100,14.1,606,655,309,130,167,49,404,88,92
11/18/2020 23:53,11/19/2020 22:47,34,yellow,51,45,13.2,2040,174,72,11/18/2020 23:53,11/19/2020 8:09,98,14,450,487,210,97,143,37,460,0,92
11/19/2020 22:47,11/21/2020 2:34,26,red,56,38,7.5,1826,158,68,11/19/2020 22:47,11/20/2020 7:32,100,14.6,487,524,278,74,135,37,486,5,93
11/21/2020 2:34,11/22/2020 0:06,36,yellow,53,46,11.5,1771,163,75,11/21/2020 2:34,11/21/2020 8:06,68,13.9,314,332,130,60,124,18,460,0,94
11/22/2020 0:06,11/23/2020 0:56,13,red,69,33,6.5,1572,150,73,11/22/2020 0:06,11/22/2020 9:22,100,15.3,514,555,246,117,151,41,472,72,92
11/23/2020 0:56,11/23/2020 21:55,50,yellow,56,50,11.4,1695,169,73,11/23/2020 0:56,11/23/2020 6:18,66,14.4,303,322,180,30,93,19,459,0,94
11/23/2020 21:55,11/24/2020 23:58,76,green,53,61,14.2,2150,185,66,11/23/2020 21:55,11/24/2020 7:44,100,14.5,554,589,283,104,167,35,548,77,94
11/24/2020 23:58,11/25/2020 22:44,60,yellow,51,50,6.1,1455,149,68,11/24/2020 23:58,11/25/2020 8:08,94,14.4,455,489,187,87,181,34,486,0,94
11/25/2020 22:44,11/27/2020 0:20,58,yellow,50,48,12.8,2021,188,68,11/25/2020 22:44,11/26/2020 7:26,100,14.4,487,517,212,114,161,30,476,17,94
11/27/2020 0:20,11/28/2020 0:44,68,green,51,56,14.3,2071,179,68,11/27/2020 0:20,11/27/2020 8:47,97,14.2,466,506,158,108,200,40,478,0,92
11/28/2020 0:44,11/29/2020 0:42,64,yellow,49,55,14.5,2052,183,76,11/28/2020 0:44,11/28/2020 8:16,81,14.1,401,451,173,95,133,50,495,8,88
11/29/2020 0:42,11/29/2020 22:05,62,yellow,50,54,7.9,1437,166,67,11/29/2020 0:42,11/29/2020 9:32,90,14.1,479,510,292,84,103,31,531,43,93
11/29/2020 22:05,11/30/2020 22:26,89,green,54,74,10.7,1783,172,65,11/29/2020 22:05,11/30/2020 5:23,82,14.1,394,437,178,88,128,43,484,22,90
11/30/2020 22:26,12/2/2020 0:01,62,yellow,51,55,13.1,2130,170,66,11/30/2020 22:26,12/1/2020 7:33,100,13.6,512,535,200,138,174,23,510,40,95
12/2/2020 0:01,12/2/2020 23:12,83,green,47,66,13.9,2013,173,67,12/2/2020 0:01,12/2/2020 9:22,100,13.9,524,557,214,118,192,33,479,0,93
12/2/2020 23:12,12/3/2020 22:57,59,yellow,53,55,10.6,1825,169,69,12/2/2020 23:12,12/3/2020 7:58,100,14.2,489,526,251,66,172,37,484,0,93
12/3/2020 22:57,12/5/2020 1:06,59,yellow,51,54,14.2,2171,180,72,12/3/2020 22:57,12/4/2020 7:31,100,14.2,478,513,217,104,157,35,468,0,93
12/5/2020 1:06,12/5/2020 23:21,47,yellow,58,52,6.7,1462,149,67,12/5/2020 1:06,12/5/2020 8:59,92,14.4,449,473,222,102,125,24,486,0,94
12/5/2020 23:21,12/6/2020 21:48,55,yellow,49,53,6.9,1475,158,61,12/5/2020 23:21,12/6/2020 8:19,100,13.9,492,533,206,104,182,41,477,18,92
12/6/2020 21:48,12/7/2020 22:51,83,green,51,67,13.7,2109,175,69,12/6/2020 21:48,12/7/2020 7:48,100,13.9,549,599,254,87,208,50,459,0,91
12/7/2020 22:51,12/8/2020 23:02,74,green,48,59,13.4,1875,182,70,12/7/2020 22:51,12/8/2020 7:06,97,13.8,471,494,191,100,180,23,483,0,95
12/8/2020 23:02,12/9/2020 22:47,83,green,55,66,5.4,1471,143,61,12/8/2020 23:02,12/9/2020 7:59,100,14,490,534,208,95,187,44,489,8,91
12/9/2020 22:47,12/10/2020 22:53,47,yellow,51,48,6.6,1554,155,64,12/9/2020 22:47,12/10/2020 6:55,98,14,449,488,186,107,156,39,458,0,92
12/10/2020 22:53,12/12/2020 1:18,44,yellow,51,46,12.6,2028,179,69,12/10/2020 22:53,12/11/2020 7:48,100,13.9,495,535,220,104,171,40,465,5,92
12/12/2020 1:18,12/13/2020 2:24,57,yellow,59,56,14.8,2432,183,81,12/12/2020 1:18,12/12/2020 7:05,71,14.2,336,346,167,50,119,10,477,0,97
12/13/2020 2:24,12/14/2020 0:34,29,red,65,46,6.1,1410,140,72,12/13/2020 2:24,12/13/2020 8:53,66,14.9,368,388,195,63,110,20,556,65,94
12/14/2020 0:34,12/14/2020 22:20,51,yellow,52,50,7.7,1506,143,66,12/14/2020 0:34,12/14/2020 8:35,87,14,466,481,168,110,188,15,536,77,96
12/14/2020 22:20,12/15/2020 22:44,71,green,51,59,15,2119,189,67,12/14/2020 22:20,12/15/2020 7:39,100,13.7,521,559,173,107,241,38,490,29,93
12/15/2020 22:44,12/16/2020 21:47,97,green,50,82,9.8,1707,161,62,12/15/2020 22:44,12/16/2020 7:57,100,13.9,524,553,272,86,166,29,491,0,94
12/16/2020 21:47,12/17/2020 22:38,66,yellow,55,53,8.5,1688,163,69,12/16/2020 21:47,12/17/2020 7:29,100,14.2,526,582,292,84,150,56,466,0,90
12/17/2020 22:38,12/19/2020 2:39,59,yellow,51,48,13.1,2210,173,69,12/17/2020 22:38,12/18/2020 6:59,100,13.8,476,500,191,105,180,24,462,0,95
12/19/2020 2:39,12/19/2020 23:44,87,green,48,68,14,1876,176,70,12/19/2020 2:39,12/19/2020 9:02,73,14.4,352,380,178,65,109,28,479,0,92
12/19/2020 23:44,12/20/2020 22:24,49,yellow,53,47,5.7,1426,149,66,12/19/2020 23:44,12/20/2020 8:19,87,14.4,477,512,166,99,212,35,546,61,93
12/20/2020 22:24,12/21/2020 22:31,75,green,52,59,12.3,1994,169,68,12/20/2020 22:24,12/21/2020 7:53,100,13.9,537,569,248,95,194,32,488,29,94
12/21/2020 22:31,12/22/2020 22:05,67,green,56,60,8.8,1639,158,68,12/21/2020 22:31,12/22/2020 7:28,100,13.9,479,535,262,90,127,56,475,0,89
12/22/2020 22:05,12/23/2020 23:33,42,yellow,56,46,13,1979,195,72,12/22/2020 22:05,12/23/2020 7:11,100,14.4,501,545,265,100,136,44,463,0,92
12/23/2020 23:33,12/24/2020 22:36,53,yellow,57,51,4.5,1388,133,65,12/23/2020 23:33,12/24/2020 6:44,85,14.1,409,430,185,84,140,21,479,0,95
12/24/2020 22:36,12/25/2020 21:58,74,green,51,58,7.1,1537,160,64,12/24/2020 22:36,12/25/2020 6:49,95,13.8,468,493,198,105,165,25,491,34,95
12/25/2020 21:58,12/26/2020 23:04,51,yellow,55,48,14.8,2184,188,68,12/25/2020 21:58,12/26/2020 6:54,100,13.7,482,535,236,94,152,53,474,14,90
12/26/2020 23:04,12/27/2020 22:00,52,yellow,54,52,9.4,1694,155,63,12/26/2020 23:04,12/27/2020 7:26,98,13.7,480,498,191,98,191,18,490,0,96
12/27/2020 22:00,12/28/2020 22:40,70,green,50,54,13.4,2064,176,67,12/27/2020 22:00,12/28/2020 7:31,100,13.7,529,570,123,139,267,41,470,5,93
12/28/2020 22:40,12/29/2020 22:43,55,yellow,52,49,8.5,1685,153,65,12/28/2020 22:40,12/29/2020 8:06,100,13.7,520,565,231,126,163,45,481,0,91
12/29/2020 22:43,12/30/2020 23:06,65,yellow,58,53,5.3,1509,132,62,12/29/2020 22:43,12/30/2020 7:26,100,13.8,488,520,252,78,158,32,462,0,93
12/30/2020 23:06,1/1/2021 1:32,54,yellow,50,48,13.1,2112,177,71,12/30/2020 23:06,12/31/2020 7:23,100,13.9,466,496,215,118,133,30,458,0,94
1/1/2021 1:32,1/1/2021 21:29,10,red,73,22,7.3,1348,168,67,1/1/2021 1:32,1/1/2021 10:38,100,14.2,493,545,208,127,158,52,479,0,90
1/1/2021 21:29,1/3/2021 2:57,83,green,50,58,12.1,2211,175,67,1/1/2021 21:29,1/2/2021 7:03,100,14.1,522,573,252,116,154,51,460,0,91
1/3/2021 2:57,1/3/2021 22:35,79,green,50,63,4.8,1195,135,63,1/3/2021 2:57,1/3/2021 9:27,76,14.1,359,389,130,87,142,30,474,0,92
1/3/2021 22:35,1/4/2021 23:01,97,green,47,82,7.8,1670,150,63,1/3/2021 22:35,1/4/2021 7:52,100,13.8,525,557,173,115,237,32,512,54,94
1/4/2021 23:01,1/5/2021 22:31,90,green,52,74,14.4,2034,181,65,1/4/2021 23:01,1/5/2021 8:13,100,13.7,515,545,274,88,153,30,461,0,95
1/5/2021 22:31,1/6/2021 22:57,37,yellow,55,38,4.7,1477,131,60,1/5/2021 22:31,1/6/2021 7:46,100,13.8,491,554,201,78,212,63,487,0,90
1/6/2021 22:57,1/7/2021 22:01,71,green,50,62,9.9,1766,151,63,1/6/2021 22:57,1/7/2021 6:47,94,13.9,430,470,130,96,204,40,457,0,91
1/7/2021 22:01,1/8/2021 22:48,59,yellow,49,55,12.5,1892,177,65,1/7/2021 22:01,1/8/2021 7:50,100,14,558,589,243,118,197,31,480,13,94
1/8/2021 22:48,1/10/2021 0:34,60,yellow,49,57,12.8,1944,176,68,1/8/2021 22:48,1/9/2021 7:28,100,13.9,479,516,226,95,158,37,476,0,92
1/10/2021 0:34,1/10/2021 22:26,51,yellow,58,56,6.6,1431,155,68,1/10/2021 0:34,1/10/2021 7:39,83,14,397,423,228,84,85,26,477,0,94
1/10/2021 22:26,1/11/2021 23:16,59,yellow,51,57,10.6,1859,167,62,1/10/2021 22:26,1/11/2021 8:50,100,13.8,580,623,241,119,220,43,498,38,93
1/11/2021 23:16,1/12/2021 22:51,49,yellow,51,50,9,1691,146,66,1/11/2021 23:16,1/12/2021 7:46,100,13.8,470,506,227,68,175,36,468,0,92
1/12/2021 22:51,1/13/2021 23:05,83,green,49,67,9.2,1753,152,64,1/12/2021 22:51,1/13/2021 8:14,100,13.8,515,562,238,91,186,47,463,0,91
1/13/2021 23:05,1/14/2021 23:11,47,yellow,49,51,8,1650,152,62,1/13/2021 23:05,1/14/2021 7:23,99,13.8,459,496,214,97,148,37,464,0,92
1/14/2021 23:11,1/16/2021 0:25,35,yellow,52,44,15,2067,183,68,1/14/2021 23:11,1/15/2021 7:29,98,13.9,454,498,207,63,184,44,464,2,91
1/16/2021 0:25,1/16/2021 23:23,36,yellow,55,43,6.1,1472,147,65,1/16/2021 0:25,1/16/2021 8:20,85,13.8,420,475,208,81,131,55,496,5,88
1/16/2021 23:23,1/17/2021 22:58,51,yellow,52,51,5.7,1471,140,60,1/16/2021 23:23,1/17/2021 8:27,100,13.9,499,542,262,78,159,43,426,34,92
1/17/2021 22:58,1/18/2021 22:59,88,green,49,64,8.9,1713,156,64,1/17/2021 22:58,1/18/2021 7:56,100,13.8,494,538,214,99,181,44,458,0,91
1/18/2021 22:59,1/19/2021 23:36,82,green,47,60,9.4,1795,152,63,1/18/2021 22:59,1/19/2021 7:19,100,13.6,478,500,207,88,183,22,463,0,96
1/19/2021 23:36,1/20/2021 21:35,65,yellow,50,52,10.1,1649,154,64,1/19/2021 23:36,1/20/2021 7:39,100,13.8,466,479,233,90,143,13,464,0,97
1/20/2021 21:35,1/21/2021 22:43,73,green,50,55,9.4,1768,168,61,1/20/2021 21:35,1/21/2021 7:47,100,13.9,536,611,243,117,176,75,466,0,87
1/21/2021 22:43,1/23/2021 0:46,90,green,54,68,11.4,2006,166,66,1/21/2021 22:43,1/22/2021 8:14,100,13.9,534,571,265,115,154,37,464,0,93
1/23/2021 0:46,1/23/2021 23:40,90,green,52,70,6.6,1486,153,64,1/23/2021 0:46,1/23/2021 8:05,85,14.1,401,434,189,96,116,33,471,0,92
1/23/2021 23:40,1/24/2021 22:20,18,red,49,38,4.6,1363,127,61,1/23/2021 23:40,1/24/2021 4:29,56,14.3,277,289,124,44,109,12,493,34,95
1/24/2021 22:20,1/25/2021 23:05,61,yellow,49,55,9.3,1780,151,64,1/24/2021 22:20,1/25/2021 8:39,100,13.9,560,618,185,138,237,58,557,99,90
1/25/2021 23:05,1/26/2021 23:07,34,yellow,55,47,8.6,1697,147,63,1/25/2021 23:05,1/26/2021 9:07,100,14.6,533,587,264,106,163,54,464,0,90
1/26/2021 23:07,1/27/2021 23:07,97,green,48,80,13.8,2031,186,68,1/26/2021 23:07,1/27/2021 7:51,100,13.8,477,524,185,90,202,47,462,0,91
1/27/2021 23:07,1/28/2021 23:22,58,yellow,51,53,8.3,1672,154,64,1/27/2021 23:07,1/28/2021 7:43,94,13.8,455,514,196,105,154,59,483,0,88
1/28/2021 23:22,1/30/2021 0:48,58,yellow,51,52,12.5,2115,155,72,1/28/2021 23:22,1/29/2021 7:44,94,13.7,452,501,232,53,167,49,479,17,90
1/30/2021 0:48,1/31/2021 2:04,53,yellow,54,52,5.2,1553,130,63,1/30/2021 0:48,1/30/2021 8:10,85,13.9,420,441,281,60,79,21,494,17,95
1/31/2021 2:04,1/31/2021 19:52,73,green,55,104,5.7,1133,136,64,1/31/2021 2:04,1/31/2021 5:37,43,13.7,209,213,87,41,81,4,491,34,98
1/31/2021 19:52,2/1/2021 21:52,38,yellow,54,43,12.8,2124,174,66,1/31/2021 19:52,2/1/2021 6:48,100,14.2,604,655,266,144,194,51,587,129,92
2/1/2021 21:52,2/2/2021 22:12,44,yellow,53,43,5.9,1536,140,63,2/1/2021 21:52,2/2/2021 6:34,100,14.1,489,521,158,127,204,32,477,0,94
2/2/2021 22:12,2/3/2021 22:56,68,green,50,58,12.7,1844,185,62,2/2/2021 22:12,2/3/2021 7:09,100,13.7,501,536,245,78,178,35,458,0,93
2/3/2021 22:56,2/4/2021 21:56,59,yellow,55,55,8.4,1617,151,64,2/3/2021 22:56,2/4/2021 7:56,100,13.9,479,539,190,93,196,60,477,0,88
2/4/2021 21:56,2/5/2021 23:54,61,yellow,50,53,9.4,1862,148,64,2/4/2021 21:56,2/5/2021 7:37,100,13.9,545,580,189,122,234,35,462,0,93
2/5/2021 23:54,2/6/2021 22:11,70,green,55,61,8,1541,150,66,2/5/2021 23:54,2/6/2021 7:25,88,14.2,410,449,206,88,116,39,464,0,91
2/6/2021 22:11,2/7/2021 21:37,46,yellow,50,46,8.6,1648,147,65,2/6/2021 22:11,2/7/2021 3:59,68,13.7,330,348,133,76,121,18,488,27,95
2/7/2021 21:37,2/8/2021 22:23,85,green,50,64,7.7,1683,142,62,2/7/2021 21:37,2/8/2021 7:51,100,13.7,580,612,204,136,240,32,535,72,94
2/8/2021 22:23,2/9/2021 22:31,49,yellow,51,49,14.8,2145,190,67,2/8/2021 22:23,2/9/2021 7:40,100,13.8,523,557,167,120,236,34,461,0,94
2/9/2021 22:31,2/10/2021 22:00,36,yellow,50,43,9.2,1715,143,65,2/9/2021 22:31,2/10/2021 7:19,96,13.8,469,528,253,104,112,59,489,0,89
2/10/2021 22:00,2/11/2021 22:18,55,yellow,49,52,9.1,1748,148,64,2/10/2021 22:00,2/11/2021 6:16,97,13.9,460,493,218,90,152,33,476,11,93
2/11/2021 22:18,2/12/2021 22:59,67,green,52,57,11.2,1876,166,66,2/11/2021 22:18,2/12/2021 7:21,100,14.1,483,538,220,93,170,55,472,8,89
2/12/2021 22:59,2/13/2021 21:52,93,green,48,70,6.7,1500,150,59,2/12/2021 22:59,2/13/2021 7:49,100,13.7,468,528,161,122,185,60,470,0,88
2/13/2021 21:52,2/14/2021 22:54,82,green,47,65,6.7,1600,176,59,2/13/2021 21:52,2/14/2021 3:41,68,13.9,310,349,112,63,135,39,459,0,89
2/14/2021 22:54,2/16/2021 0:22,92,green,46,70,12.5,2072,175,67,2/14/2021 22:54,2/15/2021 6:34,100,14,434,459,161,82,191,25,418,72,94
2/16/2021 0:22,2/16/2021 23:27,92,green,51,75,7.7,1560,147,64,2/16/2021 0:22,2/16/2021 8:10,89,13.5,426,456,200,92,134,30,476,0,93
2/16/2021 23:27,2/17/2021 23:18,39,yellow,54,48,10.9,1869,151,68,2/16/2021 23:27,2/17/2021 7:24,90,13.4,436,475,159,104,173,39,486,24,92
2/17/2021 23:18,2/18/2021 22:43,41,yellow,55,50,8.2,1624,152,65,2/17/2021 23:18,2/18/2021 7:56,94,13.7,464,513,157,99,208,49,492,22,90
2/18/2021 22:43,2/19/2021 22:39,44,yellow,52,52,13.9,1950,183,66,2/18/2021 22:43,2/19/2021 6:59,94,13.7,450,496,228,66,156,46,479,17,90
2/19/2021 22:39,2/20/2021 23:36,30,red,55,39,8.4,1737,149,64,2/19/2021 22:39,2/20/2021 8:08,100,13.8,523,569,245,128,150,46,501,17,92
2/20/2021 23:36,2/21/2021 21:37,90,green,48,74,5.7,1386,135,62,2/20/2021 23:36,2/21/2021 6:10,80,13.7,367,393,211,66,90,26,462,0,93
2/21/2021 22:37,2/22/2021 21:57,90,green,48,73,11.3,1766,174,65,2/21/2021 22:37,2/22/2021 6:56,93,14,467,499,188,116,163,32,503,45,93
2/22/2021 21:57,2/23/2021 22:21,53,yellow,50,48,8.6,1723,151,65,2/22/2021 21:57,2/23/2021 6:40,100,13.9,492,522,305,98,89,30,491,20,94
2/23/2021 22:21,2/24/2021 22:09,61,yellow,55,52,13.3,1984,173,68,2/23/2021 22:21,2/24/2021 6:50,100,13.9,487,505,267,71,149,18,462,0,96
2/24/2021 22:09,2/25/2021 22:34,79,green,54,64,6.6,1581,167,61,2/24/2021 22:09,2/25/2021 6:51,98,14.1,471,522,281,88,102,51,480,0,90
2/25/2021 21:34,2/26/2021 21:49,84,green,50,67,10.4,1797,177,64,2/25/2021 21:34,2/26/2021 6:52,100,13.9,497,557,220,114,163,60,465,5,89
2/26/2021 21:49,2/27/2021 22:39,49,yellow,51,47,9.4,1776,163,64,2/26/2021 21:49,2/27/2021 6:50,100,13.9,505,540,224,89,192,35,467,0,93
2/27/2021 22:39,2/28/2021 23:08,35,yellow,54,42,4.1,1448,129,59,2/27/2021 22:39,2/28/2021 6:54,97,14.1,449,495,177,120,152,46,464,0,90
2/28/2021 23:08,3/1/2021 22:03,61,yellow,52,54,7.7,1578,151,62,2/28/2021 23:08,3/1/2021 7:35,97,13.8,452,506,196,86,170,54,465,8,89
3/1/2021 22:03,3/2/2021 22:30,72,green,51,59,8.3,1703,143,63,3/1/2021 22:03,3/2/2021 6:42,100,13.9,483,515,191,122,170,32,469,8,93
3/2/2021 22:30,3/3/2021 22:31,45,yellow,52,46,12.7,2038,163,67,3/2/2021 22:30,3/3/2021 7:20,100,13.8,481,529,158,135,188,48,462,0,90
3/3/2021 22:31,3/4/2021 22:13,41,yellow,50,44,11.7,1864,170,67,3/3/2021 22:31,3/4/2021 6:40,91,14,432,479,207,90,135,47,477,0,90
3/4/2021 22:13,3/5/2021 22:01,66,yellow,53,56,5.1,1464,133,62,3/4/2021 22:13,3/5/2021 6:12,83,13.9,410,479,171,91,148,69,493,20,85
3/5/2021 22:01,3/6/2021 22:10,78,green,49,57,10.7,1804,162,66,3/5/2021 22:01,3/6/2021 7:28,100,13.9,515,565,199,124,192,50,496,38,91
3/6/2021 22:10,3/7/2021 21:55,53,yellow,59,48,5.5,1476,131,64,3/6/2021 22:10,3/7/2021 7:32,100,13.8,518,561,223,115,180,43,469,0,92
3/7/2021 21:55,3/8/2021 21:10,76,green,49,59,14,2109,181,68,3/7/2021 21:55,3/8/2021 7:24,100,13.8,527,568,210,114,203,41,458,0,92
3/8/2021 21:10,3/9/2021 22:50,65,yellow,54,56,12.3,2008,170,66,3/8/2021 21:10,3/9/2021 6:29,100,14,506,558,295,83,128,52,484,0,90
3/9/2021 22:50,3/10/2021 22:43,43,yellow,51,48,6.2,1515,161,63,3/9/2021 22:50,3/10/2021 8:11,100,14.2,520,561,267,100,153,41,475,0,92
3/10/2021 22:43,3/11/2021 22:43,33,red,53,44,13.5,2091,176,75,3/10/2021 22:43,3/11/2021 6:40,90,14.2,411,476,153,95,163,65,458,0,86
3/11/2021 22:43,3/12/2021 23:28,50,yellow,51,52,12.9,1997,187,70,3/11/2021 22:43,3/12/2021 6:59,90,14.1,456,496,274,59,123,40,504,22,91
3/12/2021 23:28,3/13/2021 22:00,61,yellow,55,55,13.7,1894,185,70,3/12/2021 23:28,3/13/2021 7:27,85,14,423,452,267,58,98,29,501,22,93
3/13/2021 22:00,3/14/2021 21:17,33,red,53,41,5.3,1439,151,62,3/13/2021 22:00,3/14/2021 6:45,93,14,479,521,200,110,169,42,516,34,91
3/14/2021 21:17,3/15/2021 20:38,59,yellow,51,52,12.5,1962,163,71,3/14/2021 21:17,3/15/2021 6:54,100,14.1,548,577,273,120,155,29,473,15,94
3/15/2021 20:38,3/16/2021 21:07,62,yellow,51,54,11.4,1883,179,69,3/15/2021 20:38,3/16/2021 6:22,100,14.3,536,581,272,115,149,45,476,0,92
3/16/2021 21:07,3/17/2021 22:13,60,yellow,52,52,9.8,1801,159,67,3/16/2021 21:07,3/17/2021 6:17,100,14.2,483,550,242,100,141,67,471,0,87
3/17/2021 23:13,3/18/2021 23:27,85,green,50,63,14.8,2248,189,71,3/17/2021 23:13,3/18/2021 7:29,97,14.1,451,487,110,107,234,36,465,0,92
3/18/2021 23:27,3/19/2021 22:11,71,green,56,60,10.2,1765,146,73,3/18/2021 23:27,3/19/2021 7:43,90,13.9,450,495,254,83,113,45,498,8,90
3/19/2021 22:11,3/20/2021 22:28,78,green,49,57,11.9,1855,171,66,3/19/2021 22:11,3/20/2021 7:33,100,14.1,527,562,209,129,189,35,489,22,93
3/20/2021 22:28,3/21/2021 22:20,60,yellow,54,52,8.8,1687,152,67,3/20/2021 22:28,3/21/2021 7:20,100,14.1,495,528,217,102,176,33,473,0,93
3/21/2021 22:20,3/22/2021 21:36,48,yellow,50,49,6.9,1516,141,63,3/21/2021 22:20,3/22/2021 6:17,87,13.6,402,464,139,103,160,62,463,0,87
3/22/2021 21:36,3/24/2021 0:05,33,red,65,41,5.9,1654,133,67,3/22/2021 21:36,3/23/2021 6:27,91,13.7,447,531,272,85,90,84,489,29,84
3/24/2021 0:05,3/24/2021 21:16,51,yellow,58,50,4.7,1285,133,70,3/24/2021 0:05,3/24/2021 6:54,73,13.6,350,408,190,49,111,58,478,20,85
3/24/2021 21:16,3/25/2021 22:09,84,green,55,61,6,1583,141,67,3/24/2021 21:16,3/25/2021 7:32,94,14,487,615,333,79,75,128,518,61,79
3/25/2021 22:09,3/26/2021 22:50,98,green,49,82,4.7,1490,138,59,3/25/2021 22:09,3/26/2021 7:19,100,13.7,499,549,306,74,119,50,476,17,90
3/26/2021 22:50,3/27/2021 22:24,98,green,52,86,6.4,1528,142,62,3/26/2021 22:50,3/27/2021 7:24,100,13.8,470,514,205,89,176,44,457,0,91
3/27/2021 22:24,3/28/2021 21:30,58,yellow,49,48,9.2,1686,142,68,3/27/2021 22:24,3/28/2021 6:53,100,14,461,508,189,113,159,47,458,0,90
3/28/2021 21:30,3/29/2021 22:42,51,yellow,51,44,6.5,1625,144,63,3/28/2021 21:30,3/29/2021 5:29,95,14,439,478,244,73,122,39,464,0,91
3/29/2021 22:42,3/31/2021 1:09,54,yellow,52,47,13.4,2049,194,69,3/29/2021 22:42,3/30/2021 7:25,100,14.2,476,522,178,92,206,46,473,14,91
3/31/2021 1:09,3/31/2021 22:19,33,red,56,39,4.8,1287,123,63,3/31/2021 1:09,3/31/2021 7:09,69,13.9,331,358,182,64,85,27,481,0,92
3/31/2021 22:19,4/1/2021 22:31,50,yellow,51,45,6,1541,132,64,3/31/2021 22:19,4/1/2021 7:03,90,14.1,474,508,194,123,157,34,527,70,93
