cstart,cend,sleeponset,wakeonset,SleepScore,resprate,asleep,inbed,lightsleep,deepsleep,rem,awake,sleepneed,sleepdebt,efficiency,Nap
4/1/2020 23:03,4/2/2020 22:40,4/1/2020 23:03,4/2/2020 7:01,83,14.6,439,478,195,94,150,39,527,38,92,FALSE
4/2/2020 23:03,4/3/2020 22:13,4/2/2020 22:40,4/3/2020 7:05,92,14.4,474,505,129,94,251,31,513,38,93,FALSE
4/3/2020 23:03,4/4/2020 22:01,4/3/2020 22:13,4/4/2020 6:45,100,14.3,488,512,192,82,214,24,485,23,95,FALSE
4/4/2020 23:03,4/5/2020 22:27,4/4/2020 22:01,4/5/2020 6:58,100,14.4,493,537,168,108,217,44,479,0,91,FALSE
4/5/2020 23:03,4/6/2020 22:48,4/5/2020 22:27,4/6/2020 6:53,100,14.4,480,506,200,123,157,26,471,0,94,FALSE
4/6/2020 23:03,4/7/2020 22:07,4/6/2020 22:48,4/7/2020 7:29,92,14.7,465,521,193,115,157,56,506,0,89,FALSE
4/7/2020 23:03,4/8/2020 22:11,4/7/2020 22:07,4/8/2020 6:56,100,14.6,504,529,202,108,194,25,504,18,95,FALSE
4/8/2020 23:03,4/9/2020 21:53,4/8/2020 22:11,4/9/2020 7:00,100,14.5,492,529,202,106,184,37,489,0,92,FALSE
4/9/2020 23:03,4/10/2020 22:06,4/9/2020 21:53,4/10/2020 7:35,100,14.6,502,582,204,125,173,80,462,0,86,FALSE
4/10/2020 23:03,4/11/2020 22:57,4/10/2020 22:06,4/11/2020 7:16,100,14.4,517,550,171,119,227,33,491,0,94,FALSE
4/11/2020 23:03,4/12/2020 20:58,4/11/2020 22:57,4/12/2020 7:41,100,14.4,484,524,170,105,209,40,481,0,92,FALSE
4/12/2020 23:03,4/13/2020 22:28,4/12/2020 20:58,4/13/2020 5:24,98,14.2,449,505,154,106,189,56,460,0,88,FALSE
4/13/2020 23:03,4/15/2020 0:11,4/13/2020 22:28,4/14/2020 6:44,96,14.5,477,496,136,107,234,19,497,5,96,FALSE
4/14/2020 23:03,4/15/2020 21:59,4/15/2020 0:11,4/15/2020 7:20,85,13.9,402,428,154,93,155,26,475,9,93,FALSE
4/15/2020 23:03,4/17/2020 1:15,4/15/2020 21:59,4/16/2020 6:45,98,13.9,503,526,294,109,100,23,515,34,95,FALSE
4/16/2020 23:03,4/17/2020 21:42,4/17/2020 1:15,4/17/2020 8:32,80,14.1,396,437,122,82,192,41,498,5,90,FALSE
4/17/2020 23:03,4/18/2020 21:38,4/17/2020 21:42,4/18/2020 5:29,79,14.5,430,467,157,98,175,37,541,45,92,FALSE
4/18/2020 23:03,4/19/2020 23:05,4/18/2020 21:38,4/19/2020 7:26,100,14.9,558,588,221,123,214,30,505,47,94,FALSE
4/19/2020 23:03,4/20/2020 21:37,4/19/2020 23:05,4/20/2020 8:19,100,14.5,505,554,167,132,206,49,478,0,91,FALSE
4/20/2020 23:03,4/21/2020 22:17,4/20/2020 21:37,4/21/2020 6:52,100,14.7,493,555,217,96,180,62,488,0,88,FALSE
4/21/2020 23:03,4/22/2020 22:31,4/21/2020 22:17,4/22/2020 7:23,100,14.6,500,546,239,76,185,46,492,0,91,FALSE
4/22/2020 23:03,4/23/2020 22:27,4/23/2020 12:30,4/23/2020 13:20,10,15.3,46,49,43,0,3,3,471,13,100,TRUE
4/23/2020 23:03,4/23/2020 22:27,4/22/2020 22:31,4/23/2020 7:08,94,14.8,458,516,156,109,193,58,484,0,88,FALSE
4/24/2020 23:03,4/24/2020 23:01,4/23/2020 22:27,4/24/2020 7:23,100,14.9,455,535,223,96,136,80,429,13,85,FALSE
4/25/2020 23:03,4/25/2020 22:35,4/24/2020 23:01,4/25/2020 7:50,99,14.7,474,528,146,120,208,54,481,0,89,FALSE
4/26/2020 23:03,4/26/2020 21:28,4/25/2020 22:35,4/26/2020 7:30,100,15.2,507,535,218,102,187,28,461,2,94,FALSE
4/27/2020 23:03,4/27/2020 21:41,4/26/2020 21:28,4/27/2020 5:29,97,14.6,445,481,213,77,155,36,458,0,92,FALSE
4/28/2020 23:03,4/29/2020 3:40,4/28/2020 13:22,4/28/2020 15:05,16,14.7,76,102,37,20,19,26,491,0,88,TRUE
4/29/2020 23:03,4/29/2020 3:40,4/27/2020 21:41,4/28/2020 6:43,100,14.5,502,541,218,109,175,39,483,8,92,FALSE
4/30/2020 23:03,4/29/2020 22:39,4/29/2020 10:31,4/29/2020 12:12,18,14.3,99,100,72,4,23,1,550,93,98,TRUE
5/1/2020 23:03,4/29/2020 22:39,4/29/2020 3:40,4/29/2020 8:20,59,14.2,246,280,124,53,69,34,416,0,87,FALSE
5/2/2020 23:03,4/30/2020 22:36,4/29/2020 22:39,4/30/2020 7:38,100,14.6,489,538,146,121,222,49,475,93,90,FALSE
5/3/2020 23:03,5/1/2020 22:24,4/30/2020 22:36,5/1/2020 7:24,100,14.5,484,528,197,109,178,44,486,0,91,FALSE
5/4/2020 23:03,5/2/2020 22:26,5/1/2020 22:24,5/2/2020 6:58,96,14.5,470,513,209,93,168,43,490,0,91,FALSE
5/5/2020 23:03,5/3/2020 21:41,5/2/2020 22:26,5/3/2020 7:28,100,14.6,497,542,146,121,230,45,471,11,91,FALSE
5/6/2020 23:03,5/4/2020 22:06,5/3/2020 21:41,5/4/2020 6:50,100,14.1,509,549,229,109,171,40,487,0,92,FALSE
5/7/2020 23:03,5/5/2020 22:25,5/4/2020 22:06,5/5/2020 6:39,100,13.8,473,513,205,63,205,40,473,0,92,FALSE
5/8/2020 23:03,5/6/2020 21:37,5/5/2020 22:25,5/6/2020 6:56,95,14.3,471,511,207,91,173,40,493,0,92,FALSE
5/9/2020 23:03,5/7/2020 22:37,5/6/2020 21:37,5/7/2020 7:14,100,14.4,525,577,217,103,205,52,476,11,91,FALSE
5/10/2020 23:03,5/8/2020 21:58,5/7/2020 22:37,5/8/2020 7:15,100,13.9,502,518,163,117,222,16,466,0,96,FALSE
5/11/2020 23:03,5/9/2020 22:01,5/8/2020 21:58,5/9/2020 7:41,100,14.1,543,582,261,92,190,39,475,0,93,FALSE
5/12/2020 23:03,5/10/2020 22:34,5/9/2020 22:01,5/10/2020 7:00,100,13.9,499,538,138,106,255,39,477,0,92,FALSE
5/13/2020 23:03,5/11/2020 22:03,5/10/2020 22:34,5/11/2020 5:28,87,13.8,400,414,122,97,181,14,461,0,96,FALSE
5/14/2020 23:03,5/12/2020 23:09,5/11/2020 22:03,5/12/2020 7:24,100,13.9,534,561,263,99,172,27,498,29,95,FALSE
5/15/2020 23:03,5/13/2020 22:21,5/12/2020 23:09,5/13/2020 7:24,95,13.9,456,495,131,98,227,39,482,0,92,FALSE
5/16/2020 23:03,5/15/2020 1:00,5/13/2020 22:21,5/14/2020 6:55,100,14.4,490,513,232,68,190,23,471,11,95,FALSE
5/17/2020 23:03,5/15/2020 21:24,5/15/2020 1:00,5/15/2020 8:00,84,14.5,388,420,209,73,106,32,465,0,92,FALSE
5/18/2020 23:03,5/16/2020 21:40,5/15/2020 21:24,5/16/2020 4:59,86,14.1,426,455,203,90,133,29,494,36,93,FALSE
5/19/2020 23:03,5/18/2020 2:54,5/16/2020 21:40,5/17/2020 6:04,93,14.2,481,504,213,94,174,23,517,31,95,FALSE
5/20/2020 23:03,5/18/2020 22:14,5/18/2020 2:54,5/18/2020 9:22,69,14,349,387,94,99,156,38,507,15,90,FALSE
5/21/2020 23:03,5/19/2020 21:53,5/19/2020 5:00,5/19/2020 9:40,39,14.5,246,279,127,63,56,33,628,170,88,TRUE
5/22/2020 23:03,5/19/2020 21:53,5/18/2020 22:14,5/19/2020 0:34,25,14.4,137,139,97,19,21,2,554,70,98,FALSE
5/23/2020 23:03,5/20/2020 23:09,5/19/2020 21:53,5/20/2020 7:23,100,14.5,534,570,201,94,239,36,383,170,93,FALSE
5/24/2020 23:03,5/21/2020 22:27,5/20/2020 23:09,5/21/2020 8:13,97,14.4,478,544,238,93,147,66,490,0,87,FALSE
5/25/2020 23:03,5/22/2020 20:18,5/21/2020 22:27,5/22/2020 7:48,100,14.5,526,561,196,124,206,35,484,8,94,FALSE
5/26/2020 23:03,5/23/2020 21:28,5/22/2020 20:18,5/23/2020 1:20,61,14.1,288,302,111,71,106,14,472,0,95,FALSE
5/27/2020 23:03,5/24/2020 19:42,5/23/2020 21:28,5/24/2020 7:34,98,14.3,567,606,219,130,218,39,576,88,93,FALSE
5/28/2020 23:03,5/25/2020 18:19,5/25/2020 6:00,5/25/2020 9:25,33,14.7,194,204,114,29,51,10,587,129,94,TRUE
5/29/2020 23:03,5/25/2020 18:19,5/24/2020 19:42,5/24/2020 23:29,43,14.5,199,227,100,43,56,28,464,5,87,FALSE
5/30/2020 23:03,5/26/2020 21:55,5/26/2020 4:35,5/26/2020 7:00,26,14.4,133,144,57,24,52,11,516,58,92,TRUE
5/31/2020 23:03,5/26/2020 21:55,5/25/2020 18:19,5/26/2020 0:44,80,14.5,330,385,215,58,57,55,412,129,85,FALSE
6/1/2020 23:03,5/27/2020 22:01,5/26/2020 21:55,5/27/2020 6:22,100,14.2,494,506,205,117,172,12,403,58,97,FALSE
6/2/2020 23:03,5/28/2020 22:26,5/27/2020 22:01,5/28/2020 7:25,100,14.2,528,564,230,126,172,36,479,0,93,FALSE
6/3/2020 23:03,5/29/2020 21:54,5/28/2020 22:26,5/29/2020 6:52,96,14,466,505,181,115,170,39,485,0,92,FALSE
6/4/2020 23:03,5/30/2020 21:38,5/29/2020 21:54,5/30/2020 5:59,96,14.3,454,484,192,103,159,30,472,11,93,FALSE
6/5/2020 23:03,5/31/2020 21:36,5/30/2020 21:38,5/31/2020 6:50,100,14.2,505,551,183,106,216,46,471,11,91,FALSE
6/6/2020 23:03,6/1/2020 21:35,5/31/2020 21:36,6/1/2020 5:59,100,14.5,474,503,204,94,176,29,475,0,94,FALSE
6/7/2020 23:03,6/2/2020 21:44,6/1/2020 21:35,6/2/2020 6:03,95,14.2,460,507,212,91,157,47,485,0,91,FALSE
6/8/2020 23:03,6/3/2020 22:18,6/2/2020 21:44,6/3/2020 7:02,100,14.2,498,557,180,127,191,59,485,14,90,FALSE
6/9/2020 23:03,6/4/2020 22:16,6/3/2020 22:18,6/4/2020 6:37,96,14.1,460,499,140,110,210,39,479,0,92,FALSE
6/10/2020 23:03,6/5/2020 22:48,6/4/2020 22:16,6/5/2020 7:01,95,14.5,483,524,175,107,201,41,509,11,93,FALSE
6/11/2020 23:03,6/6/2020 21:46,6/5/2020 22:48,6/6/2020 7:40,97,13.9,493,532,229,84,180,39,507,14,93,FALSE
6/12/2020 23:03,6/7/2020 21:52,6/6/2020 21:46,6/7/2020 7:38,100,14.3,561,592,195,142,224,31,494,8,95,FALSE
6/13/2020 23:03,6/8/2020 22:39,6/7/2020 21:52,6/8/2020 7:39,100,14.3,541,587,192,121,228,46,468,0,93,FALSE
6/14/2020 23:03,6/9/2020 23:43,6/8/2020 22:39,6/9/2020 7:17,100,13.9,483,517,144,124,215,34,465,0,94,FALSE
6/15/2020 23:03,6/10/2020 22:00,6/9/2020 23:43,6/10/2020 6:11,70,14,331,387,142,78,111,56,476,0,87,FALSE
6/16/2020 23:03,6/11/2020 22:14,6/10/2020 22:00,6/11/2020 7:14,96,14,510,554,198,121,191,44,531,68,93,FALSE
6/17/2020 23:03,6/12/2020 22:05,6/11/2020 22:14,6/12/2020 7:24,100,14,497,550,216,125,156,53,499,11,90,FALSE
6/18/2020 23:03,6/13/2020 23:35,6/12/2020 22:05,6/13/2020 7:02,99,14.2,470,537,258,94,118,67,476,0,89,FALSE
6/19/2020 23:03,6/14/2020 21:53,6/13/2020 23:35,6/14/2020 7:42,93,13.9,438,486,199,76,163,48,473,2,91,FALSE
6/20/2020 23:03,6/15/2020 22:18,6/14/2020 21:53,6/15/2020 6:01,90,14.4,425,487,182,78,165,62,473,15,89,FALSE
6/21/2020 23:03,6/17/2020 0:32,6/15/2020 22:18,6/16/2020 8:10,100,14.6,552,592,250,137,165,40,500,22,94,FALSE
6/22/2020 23:03,6/17/2020 22:21,6/17/2020 0:32,6/17/2020 7:50,86,14.2,398,437,134,107,157,39,465,0,93,FALSE
6/23/2020 23:03,6/18/2020 22:58,6/17/2020 22:21,6/18/2020 6:51,95,14.4,476,510,188,111,177,34,503,31,93,FALSE
6/24/2020 23:03,6/19/2020 22:35,6/18/2020 22:58,6/19/2020 8:05,100,14,514,547,177,103,234,33,509,14,93,FALSE
6/25/2020 23:03,6/21/2020 0:30,6/19/2020 22:35,6/20/2020 7:26,100,14.3,500,531,221,117,162,31,489,0,94,FALSE
6/26/2020 23:03,6/21/2020 21:56,6/21/2020 0:30,6/21/2020 7:59,90,14.3,427,448,188,80,159,21,475,0,95,FALSE
6/27/2020 23:03,6/22/2020 21:07,6/21/2020 21:56,6/22/2020 6:25,99,14.3,478,508,160,105,213,30,485,22,94,FALSE
6/28/2020 23:03,6/23/2020 23:56,6/22/2020 21:07,6/23/2020 7:22,100,14.4,559,615,210,132,217,56,471,2,90,FALSE
6/29/2020 23:03,6/24/2020 22:28,6/23/2020 23:56,6/24/2020 7:13,87,13.7,414,437,188,81,145,23,475,0,94,FALSE
6/30/2020 23:03,6/25/2020 22:46,6/24/2020 22:28,6/25/2020 6:54,96,14.3,468,506,159,110,199,38,489,29,93,FALSE
7/1/2020 23:03,6/26/2020 23:45,6/25/2020 22:46,6/26/2020 7:07,94,13.9,468,501,129,108,231,33,498,11,93,FALSE
7/2/2020 23:03,6/27/2020 23:05,6/26/2020 23:45,6/27/2020 7:17,84,14.2,403,452,241,68,94,49,482,13,89,FALSE
7/3/2020 23:03,6/28/2020 21:57,6/27/2020 23:05,6/28/2020 7:29,92,14.2,481,503,158,108,215,22,522,36,95,FALSE
7/4/2020 23:03,6/29/2020 21:17,6/28/2020 21:57,6/29/2020 5:47,86,14.4,412,470,171,99,142,58,480,18,88,FALSE
7/5/2020 23:03,7/1/2020 2:50,6/29/2020 21:17,6/30/2020 8:13,100,14.3,609,655,245,146,218,46,494,31,92,FALSE
7/6/2020 23:03,7/2/2020 0:10,7/1/2020 2:50,7/1/2020 9:00,72,14.2,344,370,123,76,145,26,478,0,92,FALSE
7/7/2020 23:03,7/2/2020 22:17,7/2/2020 0:10,7/2/2020 7:16,75,14.1,392,426,139,69,184,34,526,63,92,FALSE
7/8/2020 23:03,7/3/2020 23:02,7/2/2020 22:17,7/3/2020 8:02,96,13.8,534,585,189,116,229,51,554,56,91,FALSE
7/9/2020 23:03,7/4/2020 22:47,7/3/2020 23:02,7/4/2020 8:05,100,14.1,489,543,231,92,166,54,483,11,90,FALSE
7/10/2020 23:03,7/5/2020 22:47,7/5/2020 7:08,7/5/2020 9:12,22,13.9,117,124,56,0,61,7,530,72,99,TRUE
7/11/2020 23:03,7/5/2020 22:47,7/4/2020 22:47,7/5/2020 4:29,68,13.9,334,342,141,73,120,8,493,0,98,FALSE
7/12/2020 23:03,7/6/2020 22:19,7/5/2020 22:47,7/6/2020 7:25,100,13.8,487,518,238,69,180,31,415,72,94,FALSE
7/13/2020 23:03,7/8/2020 0:34,7/6/2020 22:19,7/7/2020 7:16,100,14,500,536,218,101,181,36,473,0,93,FALSE
7/14/2020 23:03,7/8/2020 22:59,7/8/2020 0:34,7/8/2020 8:13,90,13.8,425,459,162,79,184,34,473,0,92,FALSE
7/15/2020 23:03,7/9/2020 22:04,7/8/2020 22:59,7/9/2020 7:35,93,14.2,463,516,157,116,190,53,500,29,89,FALSE
7/16/2020 23:03,7/10/2020 23:40,7/9/2020 22:04,7/10/2020 6:59,100,13.9,508,534,228,129,151,26,487,20,95,FALSE
7/17/2020 23:03,7/11/2020 22:29,7/10/2020 23:40,7/11/2020 7:40,98,14.2,450,479,161,103,186,29,459,0,93,FALSE
7/18/2020 23:03,7/12/2020 22:45,7/11/2020 22:29,7/12/2020 8:40,100,14.2,527,611,220,130,177,84,519,5,86,FALSE
7/19/2020 23:03,7/13/2020 23:22,7/12/2020 22:45,7/13/2020 7:05,100,14.2,463,500,230,103,130,37,458,0,92,FALSE
7/20/2020 23:03,7/14/2020 23:00,7/13/2020 23:22,7/14/2020 7:20,90,14.2,443,478,245,83,115,35,495,0,93,FALSE
7/21/2020 23:03,7/15/2020 23:09,7/14/2020 23:00,7/15/2020 7:55,99,13.9,489,535,175,126,188,46,496,22,91,FALSE
7/22/2020 23:03,7/16/2020 22:39,7/15/2020 23:09,7/16/2020 7:39,100,14.1,461,510,211,110,140,49,463,2,90,FALSE
7/23/2020 23:03,7/17/2020 22:59,7/16/2020 22:39,7/17/2020 7:18,100,14.2,486,518,202,132,152,32,476,0,93,FALSE
7/24/2020 23:03,7/18/2020 22:54,7/18/2020 18:00,7/18/2020 19:52,20,15.7,98,112,59,22,17,14,483,0,89,TRUE
7/25/2020 23:03,7/18/2020 22:54,7/17/2020 22:59,7/18/2020 7:53,100,14.2,504,534,282,117,105,30,473,0,94,FALSE
7/26/2020 23:03,7/19/2020 21:30,7/18/2020 22:54,7/19/2020 7:44,100,14.9,494,530,272,100,122,36,387,0,93,FALSE
7/27/2020 23:03,7/20/2020 21:56,7/19/2020 21:30,7/20/2020 5:59,100,14,473,509,204,142,127,36,463,0,93,FALSE
7/28/2020 23:03,7/22/2020 1:53,7/20/2020 21:56,7/21/2020 8:25,100,14.1,594,628,280,114,200,34,483,0,94,FALSE
7/29/2020 23:03,7/22/2020 22:54,7/22/2020 1:53,7/22/2020 8:13,75,14.1,342,380,136,71,135,38,459,0,90,FALSE
7/30/2020 23:03,7/23/2020 23:58,7/22/2020 22:54,7/23/2020 8:01,94,13.8,501,547,270,110,121,46,533,56,91,FALSE
7/31/2020 23:03,7/24/2020 23:17,7/23/2020 23:58,7/24/2020 7:48,91,13.8,434,470,226,72,136,36,479,13,92,FALSE
8/1/2020 23:03,7/25/2020 23:08,7/24/2020 23:17,7/25/2020 8:02,95,13.8,469,525,196,115,158,56,493,20,89,FALSE
8/2/2020 23:03,7/26/2020 21:49,7/25/2020 23:08,7/26/2020 8:30,100,14,505,561,265,92,148,56,480,14,90,FALSE
8/3/2020 23:03,7/27/2020 22:08,7/26/2020 21:49,7/27/2020 5:59,95,14,456,490,242,90,124,34,481,0,93,FALSE
8/4/2020 23:03,7/29/2020 1:12,7/28/2020 12:35,7/28/2020 13:35,12,14.2,53,59,37,0,16,6,460,0,100,TRUE
8/5/2020 23:03,7/29/2020 1:12,7/27/2020 22:08,7/28/2020 7:20,100,13.9,514,551,179,102,233,37,475,14,93,FALSE
8/6/2020 23:03,7/29/2020 22:04,7/29/2020 1:12,7/29/2020 7:53,92,13.8,374,400,145,89,140,26,407,0,95,FALSE
8/7/2020 23:03,7/30/2020 21:54,7/29/2020 22:04,7/30/2020 6:38,98,13.7,482,513,187,89,206,31,489,18,93,FALSE
8/8/2020 23:03,7/31/2020 22:29,7/30/2020 21:54,7/31/2020 6:18,97,14.4,469,504,246,80,143,35,484,5,93,FALSE
8/9/2020 23:03,8/1/2020 22:39,7/31/2020 22:29,8/1/2020 7:11,90,14,471,522,196,118,157,51,524,8,90,FALSE
8/10/2020 23:03,8/2/2020 20:49,8/1/2020 22:39,8/2/2020 7:02,99,14,477,503,180,96,201,26,480,22,94,FALSE
8/11/2020 23:03,8/3/2020 21:49,8/2/2020 20:49,8/3/2020 3:59,84,13.7,404,430,183,95,126,26,479,2,94,FALSE
8/12/2020 23:03,8/4/2020 22:45,8/3/2020 21:49,8/4/2020 6:42,99,13.9,505,532,139,149,217,27,512,36,94,FALSE
8/13/2020 23:03,8/5/2020 22:53,8/4/2020 22:45,8/5/2020 6:58,99,13.9,457,492,151,109,197,35,460,2,92,FALSE
8/14/2020 23:03,8/6/2020 22:19,8/5/2020 22:53,8/6/2020 6:58,98,14.1,464,485,192,93,179,21,474,2,95,FALSE
8/15/2020 23:03,8/7/2020 23:06,8/6/2020 22:19,8/7/2020 6:48,100,13.9,485,509,284,79,122,24,479,5,95,FALSE
8/16/2020 23:03,8/8/2020 23:40,8/7/2020 23:06,8/8/2020 7:20,95,14.2,459,493,230,82,147,34,481,0,93,FALSE
8/17/2020 23:03,8/9/2020 22:52,8/8/2020 23:40,8/9/2020 7:56,96,14.1,459,496,248,76,135,37,479,11,92,FALSE
8/18/2020 23:03,8/10/2020 22:36,8/9/2020 22:52,8/10/2020 7:48,100,13.9,505,535,252,106,147,30,489,9,94,FALSE
8/19/2020 23:03,8/11/2020 22:08,8/10/2020 22:36,8/11/2020 7:02,100,14.1,482,505,241,107,134,23,475,0,95,FALSE
8/20/2020 23:03,8/12/2020 21:51,8/11/2020 22:08,8/12/2020 6:58,100,13.9,486,529,232,99,155,43,457,0,91,FALSE
8/21/2020 23:03,8/13/2020 22:12,8/12/2020 21:51,8/13/2020 7:08,100,14,525,557,259,99,167,32,463,0,94,FALSE
8/22/2020 23:03,8/14/2020 22:21,8/13/2020 22:12,8/14/2020 7:13,100,13.8,493,541,184,121,188,48,469,0,92,FALSE
8/23/2020 23:03,8/15/2020 22:21,8/14/2020 22:21,8/15/2020 6:31,97,14.2,456,489,207,93,156,33,471,0,94,FALSE
8/24/2020 23:03,8/16/2020 21:58,8/15/2020 22:21,8/16/2020 6:33,93,14.4,461,492,257,72,132,31,496,6,93,FALSE
8/25/2020 23:03,8/17/2020 22:46,8/16/2020 21:58,8/17/2020 5:59,95,14.3,448,481,211,97,140,33,473,15,93,FALSE
8/26/2020 23:03,8/18/2020 23:55,8/17/2020 22:46,8/18/2020 8:16,100,14.6,533,570,180,110,243,37,486,11,93,FALSE
8/27/2020 23:03,8/19/2020 22:44,8/18/2020 23:55,8/19/2020 7:54,94,13.9,451,479,189,76,186,28,480,0,94,FALSE
8/28/2020 23:03,8/20/2020 22:47,8/19/2020 22:44,8/20/2020 7:00,94,14.6,458,495,230,94,134,37,490,13,92,FALSE
8/29/2020 23:03,8/21/2020 22:22,8/20/2020 22:47,8/21/2020 7:45,100,14.1,494,537,175,124,195,43,471,13,91,FALSE
8/30/2020 23:03,8/22/2020 21:43,8/22/2020 13:01,8/22/2020 14:24,16,17.8,76,82,42,24,10,6,485,2,96,TRUE
8/31/2020 23:03,8/22/2020 21:43,8/21/2020 22:22,8/22/2020 7:02,99,14.2,484,519,217,96,171,35,490,0,93,FALSE
9/1/2020 23:03,8/23/2020 21:48,8/22/2020 21:43,8/23/2020 7:05,100,16.2,489,561,331,42,116,72,410,2,87,FALSE
9/2/2020 23:03,8/24/2020 22:19,8/23/2020 21:48,8/24/2020 6:44,99,17.1,452,535,250,79,123,83,457,0,84,FALSE
9/3/2020 23:03,8/25/2020 22:46,8/24/2020 22:19,8/25/2020 8:24,100,15.1,564,604,257,129,178,40,460,2,93,FALSE
9/4/2020 23:03,8/26/2020 22:26,8/25/2020 22:46,8/26/2020 7:24,100,14.8,470,517,236,120,114,47,457,0,91,FALSE
9/5/2020 23:03,8/27/2020 22:59,8/26/2020 22:26,8/27/2020 7:59,100,14.7,523,572,331,64,128,49,458,0,91,FALSE
9/6/2020 23:03,8/28/2020 23:21,8/27/2020 22:59,8/28/2020 7:44,100,14.5,496,525,249,114,133,29,460,0,94,FALSE
9/7/2020 23:03,8/29/2020 21:56,8/28/2020 23:21,8/29/2020 7:50,100,14.8,461,509,196,99,166,48,457,0,91,FALSE
9/8/2020 23:03,8/30/2020 22:10,8/29/2020 21:56,8/30/2020 7:13,100,14.7,496,557,263,122,111,61,457,0,88,FALSE
9/9/2020 23:03,8/31/2020 22:05,8/30/2020 22:10,8/31/2020 7:40,100,14.8,506,569,316,117,73,63,474,0,89,FALSE
9/10/2020 23:03,9/1/2020 21:36,9/1/2020 8:08,9/1/2020 9:27,14,15.5,73,78,40,16,17,5,531,75,93,TRUE
9/11/2020 23:03,9/1/2020 21:36,8/31/2020 22:05,9/1/2020 3:51,67,14.9,317,345,151,57,109,28,471,0,93,FALSE
9/12/2020 23:03,9/2/2020 22:39,9/1/2020 21:36,9/2/2020 6:38,100,14.8,496,541,335,70,91,45,471,75,91,FALSE
9/13/2020 23:03,9/3/2020 22:23,9/2/2020 22:39,9/3/2020 7:02,100,14.6,476,503,227,90,159,27,457,0,94,FALSE
9/14/2020 23:03,9/4/2020 22:52,9/3/2020 22:23,9/4/2020 7:16,100,14.6,500,533,176,109,215,33,466,0,94,FALSE
9/15/2020 23:03,9/5/2020 21:39,9/4/2020 22:52,9/5/2020 5:59,83,14.7,399,427,173,74,152,28,478,0,93,FALSE
9/16/2020 23:03,9/7/2020 2:11,9/6/2020 14:35,9/6/2020 15:45,15,14.6,70,70,55,0,15,0,474,0,100,TRUE
9/17/2020 23:03,9/7/2020 2:11,9/5/2020 21:39,9/6/2020 7:13,100,14.3,535,573,254,111,170,38,496,38,93,FALSE
9/18/2020 23:03,9/7/2020 23:50,9/7/2020 2:11,9/7/2020 9:31,99,14.7,400,440,111,100,189,40,405,0,91,FALSE
9/19/2020 23:03,9/8/2020 22:28,9/7/2020 23:50,9/8/2020 7:38,86,14.6,412,467,233,70,109,55,482,2,88,FALSE
9/20/2020 23:03,9/9/2020 23:23,9/8/2020 22:28,9/9/2020 7:39,100,14.3,514,550,202,99,213,36,491,31,94,FALSE
9/21/2020 23:03,9/10/2020 22:36,9/9/2020 23:23,9/10/2020 8:19,100,14.4,512,536,204,109,199,24,490,0,95,FALSE
9/22/2020 23:03,9/11/2020 23:04,9/11/2020 23:04,9/12/2020 5:59,83,14.8,399,415,182,79,138,16,480,5,96,FALSE
9/23/2020 23:03,9/11/2020 23:04,9/10/2020 22:36,9/11/2020 7:38,98,14.7,484,542,240,93,151,58,495,0,89,FALSE
9/24/2020 23:03,9/14/2020 0:14,9/12/2020 22:12,9/13/2020 7:36,100,15.2,521,564,225,115,181,43,496,38,92,FALSE
9/25/2020 23:03,9/14/2020 22:13,9/14/2020 0:14,9/14/2020 6:09,69,14.9,329,355,149,74,106,26,476,0,94,FALSE
9/26/2020 23:03,9/15/2020 23:11,9/14/2020 22:13,9/15/2020 7:11,97,14.8,511,538,159,97,255,27,528,70,94,FALSE
9/27/2020 23:03,9/16/2020 22:37,9/15/2020 23:11,9/16/2020 7:40,99,15.1,492,509,276,82,134,17,498,8,96,FALSE
9/28/2020 23:03,9/17/2020 22:39,9/16/2020 22:37,9/17/2020 6:14,91,15.3,424,456,166,81,177,32,466,2,92,FALSE
9/29/2020 23:03,9/18/2020 22:56,9/17/2020 22:39,9/18/2020 7:20,95,15.3,481,520,197,99,185,39,504,20,92,FALSE
9/30/2020 23:03,9/20/2020 0:08,9/18/2020 22:56,9/19/2020 6:53,89,14.9,433,477,131,96,206,44,488,14,91,FALSE
10/1/2020 23:03,9/20/2020 22:49,9/20/2020 0:08,9/20/2020 7:09,81,14.9,396,421,151,70,175,25,492,25,94,FALSE
10/2/2020 23:03,9/21/2020 22:31,9/20/2020 22:49,9/21/2020 5:59,75,14.8,383,430,172,89,122,47,509,43,89,FALSE
10/3/2020 23:03,9/23/2020 0:47,9/21/2020 22:31,9/22/2020 7:40,100,15.1,520,549,171,130,219,29,515,56,94,FALSE
10/4/2020 23:03,9/23/2020 22:24,9/23/2020 0:47,9/23/2020 8:27,92,14.5,426,460,142,95,189,34,462,0,92,FALSE
10/5/2020 23:03,9/24/2020 22:15,9/23/2020 22:24,9/24/2020 6:15,84,14.6,428,470,203,75,150,42,510,23,91,FALSE
10/6/2020 23:03,9/25/2020 23:36,9/24/2020 22:15,9/25/2020 6:40,91,14.6,471,504,250,101,120,33,515,36,93,FALSE
10/7/2020 23:03,9/26/2020 23:23,9/25/2020 23:36,9/26/2020 8:38,96,15.5,482,542,170,126,186,60,501,26,89,FALSE
10/8/2020 23:03,9/27/2020 21:45,9/26/2020 23:23,9/27/2020 7:08,85,14.7,436,465,159,96,181,29,514,11,93,FALSE
10/9/2020 23:03,9/28/2020 21:48,9/27/2020 21:45,9/28/2020 5:34,89,14.8,440,468,179,89,172,28,494,34,94,FALSE
10/10/2020 23:03,9/29/2020 23:42,9/28/2020 21:48,9/29/2020 7:16,100,14.9,550,568,306,106,138,18,501,25,97,FALSE
10/11/2020 23:03,9/30/2020 22:21,9/29/2020 23:42,9/30/2020 7:32,92,14.4,442,470,139,119,184,28,483,0,94,FALSE
10/12/2020 23:03,10/1/2020 23:23,9/30/2020 22:21,10/1/2020 7:19,99,14.8,487,537,188,99,200,50,492,23,90,FALSE
10/13/2020 23:03,10/2/2020 23:24,10/1/2020 23:23,10/2/2020 7:55,97,14.4,461,512,183,106,172,51,475,2,90,FALSE
10/14/2020 23:03,10/4/2020 2:01,10/2/2020 23:24,10/3/2020 8:24,100,14.9,514,540,247,106,161,26,467,8,95,FALSE
10/15/2020 23:03,10/4/2020 21:45,10/4/2020 2:01,10/4/2020 8:19,73,14.6,354,378,165,78,111,24,484,0,93,FALSE
10/16/2020 23:03,10/5/2020 22:29,10/4/2020 21:45,10/5/2020 7:53,100,14.2,556,607,195,135,226,51,538,61,91,FALSE
10/17/2020 23:03,10/6/2020 21:34,10/5/2020 22:29,10/6/2020 7:32,100,14.4,500,543,284,104,112,43,485,0,92,FALSE
10/18/2020 23:03,10/7/2020 23:46,10/6/2020 21:34,10/7/2020 7:52,100,14.4,587,618,242,134,211,31,484,0,95,FALSE
10/19/2020 23:03,10/8/2020 22:16,10/7/2020 23:46,10/8/2020 8:12,93,14.4,456,506,256,84,116,50,492,0,90,FALSE
10/20/2020 23:03,10/10/2020 1:22,10/8/2020 22:16,10/9/2020 8:05,100,14.4,525,588,149,122,254,63,475,15,89,FALSE
10/21/2020 23:03,10/10/2020 22:43,10/10/2020 1:22,10/10/2020 7:40,73,14.9,352,377,178,67,107,25,482,0,93,FALSE
10/22/2020 23:03,10/11/2020 23:02,10/10/2020 22:43,10/11/2020 8:37,97,14.5,534,594,234,114,186,60,552,61,89,FALSE
10/23/2020 23:03,10/12/2020 21:31,10/11/2020 23:02,10/12/2020 7:14,100,14.5,464,492,224,82,158,28,466,8,94,FALSE
10/24/2020 23:03,10/13/2020 22:47,10/12/2020 21:31,10/13/2020 8:00,100,14.3,553,628,278,105,170,75,482,0,88,FALSE
10/25/2020 23:03,10/14/2020 23:32,10/13/2020 22:47,10/14/2020 6:56,90,14,441,488,218,78,145,47,491,0,90,FALSE
10/26/2020 23:03,10/15/2020 21:09,10/14/2020 23:32,10/15/2020 7:22,88,14.5,440,469,221,80,139,29,501,22,93,FALSE
10/27/2020 23:03,10/17/2020 0:02,10/15/2020 21:09,10/16/2020 5:17,87,14.6,443,487,212,90,141,44,512,27,90,FALSE
10/28/2020 23:03,10/18/2020 1:46,10/17/2020 0:02,10/17/2020 7:41,77,14.1,401,459,194,109,98,58,518,29,87,FALSE
10/29/2020 23:03,10/18/2020 20:56,10/18/2020 13:23,10/18/2020 14:26,12,14.6,63,63,50,13,0,0,546,88,100,TRUE
10/30/2020 23:03,10/18/2020 20:56,10/18/2020 1:46,10/18/2020 7:53,61,14.7,324,366,166,78,80,42,535,52,88,FALSE
10/31/2020 23:03,10/19/2020 23:06,10/18/2020 20:56,10/19/2020 7:16,100,14.6,568,619,213,144,211,51,484,88,91,FALSE
11/1/2020 23:03,10/20/2020 23:23,10/19/2020 23:06,10/20/2020 7:40,100,14.3,479,513,175,113,191,34,473,0,93,FALSE
11/2/2020 23:03,10/21/2020 22:05,10/20/2020 23:23,10/21/2020 7:38,92,14.4,457,494,177,96,184,37,496,0,92,FALSE
11/3/2020 23:03,10/22/2020 21:26,10/22/2020 12:20,10/22/2020 13:29,13,14.6,65,69,48,12,5,4,504,45,94,TRUE
11/4/2020 23:03,10/22/2020 21:26,10/21/2020 22:05,10/22/2020 5:32,80,14.5,407,447,214,80,113,40,511,23,90,FALSE
11/5/2020 23:03,10/23/2020 22:36,10/22/2020 21:26,10/23/2020 5:44,93,14.2,442,498,195,74,173,56,477,45,88,FALSE
11/6/2020 23:03,10/25/2020 2:23,10/23/2020 22:36,10/24/2020 6:40,91,14.5,448,484,192,106,150,36,491,20,92,FALSE
11/7/2020 23:03,10/25/2020 21:44,10/25/2020 2:23,10/25/2020 10:08,77,14.7,401,464,154,75,172,63,519,26,86,FALSE
11/8/2020 23:03,10/26/2020 23:16,10/25/2020 21:44,10/26/2020 7:29,100,14.7,538,585,259,96,183,47,510,52,92,FALSE
11/9/2020 23:03,10/27/2020 22:10,10/26/2020 23:16,10/27/2020 7:18,89,14.1,442,482,210,85,147,40,496,0,91,FALSE
11/10/2020 23:03,10/29/2020 0:09,10/27/2020 22:10,10/28/2020 6:59,99,14.1,498,529,191,92,215,31,501,32,94,FALSE
11/11/2020 23:03,10/29/2020 23:18,10/29/2020 0:09,10/29/2020 8:00,87,14.9,408,470,196,100,112,62,469,2,86,FALSE
11/12/2020 23:03,10/30/2020 21:48,10/29/2020 23:18,10/30/2020 7:45,88,14.4,448,507,167,88,193,59,512,29,89,FALSE
11/13/2020 23:03,10/31/2020 21:46,10/30/2020 21:48,10/31/2020 5:59,90,14.4,459,491,163,98,198,32,512,27,93,FALSE
11/14/2020 23:03,11/2/2020 2:15,10/31/2020 21:46,11/1/2020 7:31,100,14.3,556,584,205,110,241,28,480,22,95,FALSE
11/15/2020 23:03,11/3/2020 1:13,11/2/2020 1:15,11/2/2020 7:34,66,14,315,379,98,80,137,64,475,0,83,FALSE
11/16/2020 23:03,11/3/2020 23:00,11/3/2020 1:13,11/3/2020 8:20,73,14.5,409,426,182,64,163,17,563,77,96,FALSE
11/17/2020 23:03,11/4/2020 21:57,11/3/2020 23:00,11/4/2020 7:52,92,14.6,486,532,132,97,257,46,527,61,91,FALSE
11/18/2020 23:03,11/5/2020 22:42,11/4/2020 21:57,11/5/2020 7:41,100,14.2,534,583,202,128,204,49,492,23,91,FALSE
11/19/2020 23:03,11/7/2020 1:18,11/5/2020 22:42,11/6/2020 7:17,94,14.2,471,515,178,94,199,44,499,0,91,FALSE
11/20/2020 23:03,11/7/2020 22:22,11/7/2020 11:00,11/7/2020 12:25,17,15.6,84,84,51,8,25,0,507,50,100,TRUE
11/21/2020 23:03,11/7/2020 22:22,11/7/2020 1:18,11/7/2020 8:49,78,15.2,388,450,142,45,201,62,500,17,86,FALSE
11/22/2020 23:03,11/8/2020 21:53,11/7/2020 22:22,11/8/2020 8:13,100,13.9,535,590,198,113,224,55,423,50,90,FALSE
11/23/2020 23:03,11/9/2020 22:22,11/8/2020 21:53,11/9/2020 6:58,100,13.3,501,544,155,104,242,43,458,0,92,FALSE
11/24/2020 23:03,11/10/2020 22:00,11/9/2020 22:22,11/10/2020 6:47,94,13.7,440,505,202,76,162,65,469,0,87,FALSE
11/25/2020 23:03,11/11/2020 21:48,11/10/2020 22:00,11/11/2020 6:02,93,13,444,482,139,113,192,38,480,17,92,FALSE
11/26/2020 23:03,11/12/2020 21:56,11/11/2020 21:48,11/12/2020 6:55,96,13.5,458,547,244,87,127,89,478,20,83,FALSE
11/27/2020 23:03,11/13/2020 21:34,11/12/2020 21:56,11/13/2020 7:45,100,13.5,505,588,285,91,129,83,470,11,85,FALSE
11/28/2020 23:03,11/14/2020 22:37,11/13/2020 21:34,11/14/2020 5:59,100,13.7,471,504,202,96,173,33,458,0,93,FALSE
11/29/2020 23:03,11/16/2020 0:08,11/14/2020 22:37,11/15/2020 8:49,100,13.4,577,612,192,140,245,35,462,0,94,FALSE
11/30/2020 23:03,11/16/2020 22:36,11/16/2020 0:08,11/16/2020 9:14,100,13.8,522,545,163,93,266,23,471,0,95,FALSE
12/1/2020 23:03,11/17/2020 20:50,11/17/2020 20:50,11/18/2020 7:45,100,14.1,606,655,309,130,167,49,404,88,92,FALSE
12/2/2020 23:03,11/17/2020 20:50,11/17/2020 7:26,11/17/2020 9:58,27,14.4,147,152,105,16,26,5,545,88,96,TRUE
12/3/2020 23:03,11/17/2020 20:50,11/16/2020 22:36,11/17/2020 3:45,61,14.1,297,308,164,32,101,11,483,0,96,FALSE
12/4/2020 23:03,11/19/2020 22:47,11/18/2020 23:53,11/19/2020 8:09,98,14,450,487,210,97,143,37,460,0,92,FALSE
12/5/2020 23:03,11/21/2020 2:34,11/19/2020 22:47,11/20/2020 7:32,100,14.6,487,524,278,74,135,37,486,5,93,FALSE
12/6/2020 23:03,11/22/2020 0:06,11/21/2020 16:07,11/21/2020 17:20,13,15.9,72,72,46,0,26,0,540,72,100,TRUE
12/7/2020 23:03,11/22/2020 0:06,11/21/2020 2:34,11/21/2020 8:06,68,13.9,314,332,130,60,124,18,460,0,94,FALSE
12/8/2020 23:03,11/23/2020 0:56,11/22/2020 0:06,11/22/2020 9:22,100,15.3,514,555,246,117,151,41,472,72,92,FALSE
12/9/2020 23:03,11/23/2020 21:55,11/23/2020 0:56,11/23/2020 6:18,66,14.4,303,322,180,30,93,19,459,0,94,FALSE
12/10/2020 23:03,11/24/2020 23:58,11/23/2020 21:55,11/24/2020 7:44,100,14.5,554,589,283,104,167,35,548,77,94,FALSE
12/11/2020 23:03,11/25/2020 22:44,11/24/2020 23:58,11/25/2020 8:08,94,14.4,455,489,187,87,181,34,486,0,94,FALSE
12/12/2020 23:03,11/27/2020 0:20,11/25/2020 22:44,11/26/2020 7:26,100,14.4,487,517,212,114,161,30,476,17,94,FALSE
12/13/2020 23:03,11/28/2020 0:44,11/27/2020 0:20,11/27/2020 8:47,97,14.2,466,506,158,108,200,40,478,0,92,FALSE
12/14/2020 23:03,11/29/2020 0:42,11/28/2020 0:44,11/28/2020 8:16,81,14.1,401,451,173,95,133,50,495,8,88,FALSE
12/15/2020 23:03,11/29/2020 22:05,11/29/2020 0:42,11/29/2020 9:32,90,14.1,479,510,292,84,103,31,531,43,93,FALSE
12/16/2020 23:03,11/30/2020 22:26,11/29/2020 22:05,11/30/2020 5:23,82,14.1,394,437,178,88,128,43,484,22,90,FALSE
12/17/2020 23:03,12/2/2020 0:01,11/30/2020 22:26,12/1/2020 7:33,100,13.6,512,535,200,138,174,23,510,40,95,FALSE
12/18/2020 23:03,12/2/2020 23:12,12/2/2020 0:01,12/2/2020 9:22,100,13.9,524,557,214,118,192,33,479,0,93,FALSE
12/19/2020 23:03,12/3/2020 22:57,12/2/2020 23:12,12/3/2020 7:58,100,14.2,489,526,251,66,172,37,484,0,93,FALSE
12/20/2020 23:03,12/5/2020 1:06,12/3/2020 22:57,12/4/2020 7:31,100,14.2,478,513,217,104,157,35,468,0,93,FALSE
12/21/2020 23:03,12/5/2020 23:21,12/5/2020 1:06,12/5/2020 8:59,92,14.4,449,473,222,102,125,24,486,0,94,FALSE
12/22/2020 23:03,12/6/2020 21:48,12/5/2020 23:21,12/6/2020 8:19,100,13.9,492,533,206,104,182,41,477,18,92,FALSE
12/23/2020 23:03,12/7/2020 22:51,12/6/2020 21:48,12/7/2020 7:48,100,13.9,549,599,254,87,208,50,459,0,91,FALSE
12/24/2020 23:03,12/8/2020 23:02,12/7/2020 22:51,12/8/2020 7:06,97,13.8,471,494,191,100,180,23,483,0,95,FALSE
12/25/2020 23:03,12/9/2020 22:47,12/8/2020 23:02,12/9/2020 7:59,100,14,490,534,208,95,187,44,489,8,91,FALSE
12/26/2020 23:03,12/10/2020 22:53,12/9/2020 22:47,12/10/2020 6:55,98,14,449,488,186,107,156,39,458,0,92,FALSE
12/27/2020 23:03,12/12/2020 1:18,12/10/2020 22:53,12/11/2020 7:48,100,13.9,495,535,220,104,171,40,465,5,92,FALSE
12/28/2020 23:03,12/13/2020 2:24,12/12/2020 1:18,12/12/2020 7:05,71,14.2,336,346,167,50,119,10,477,0,97,FALSE
12/29/2020 23:03,12/14/2020 0:34,12/13/2020 2:24,12/13/2020 8:53,66,14.9,368,388,195,63,110,20,556,65,94,FALSE
12/30/2020 23:03,12/14/2020 22:20,12/14/2020 0:34,12/14/2020 8:35,87,14,466,481,168,110,188,15,536,77,96,FALSE
12/31/2020 23:03,12/15/2020 22:44,12/14/2020 22:20,12/15/2020 7:39,100,13.7,521,559,173,107,241,38,490,29,93,FALSE
1/1/2021 23:03,12/16/2020 21:47,12/15/2020 22:44,12/16/2020 7:57,100,13.9,524,553,272,86,166,29,491,0,94,FALSE
1/2/2021 23:03,12/17/2020 22:38,12/16/2020 21:47,12/17/2020 7:29,100,14.2,526,582,292,84,150,56,466,0,90,FALSE
1/3/2021 23:03,12/19/2020 2:39,12/17/2020 22:38,12/18/2020 6:59,100,13.8,476,500,191,105,180,24,462,0,95,FALSE
1/4/2021 23:03,12/19/2020 23:44,12/19/2020 2:39,12/19/2020 9:02,73,14.4,352,380,178,65,109,28,479,0,92,FALSE
1/5/2021 23:03,12/20/2020 22:24,12/19/2020 23:44,12/20/2020 8:19,87,14.4,477,512,166,99,212,35,546,61,93,FALSE
1/6/2021 23:03,12/21/2020 22:31,12/20/2020 22:24,12/21/2020 7:53,100,13.9,537,569,248,95,194,32,488,29,94,FALSE
1/7/2021 23:03,12/22/2020 22:05,12/21/2020 22:31,12/22/2020 7:28,100,13.9,479,535,262,90,127,56,475,0,89,FALSE
1/8/2021 23:03,12/23/2020 23:33,12/22/2020 22:05,12/23/2020 7:11,100,14.4,501,545,265,100,136,44,463,0,92,FALSE
1/9/2021 23:03,12/24/2020 22:36,12/23/2020 23:33,12/24/2020 6:44,85,14.1,409,430,185,84,140,21,479,0,95,FALSE
1/10/2021 23:03,12/25/2020 21:58,12/24/2020 22:36,12/25/2020 6:49,95,13.8,468,493,198,105,165,25,491,34,95,FALSE
1/11/2021 23:03,12/26/2020 23:04,12/25/2020 21:58,12/26/2020 6:54,100,13.7,482,535,236,94,152,53,474,14,90,FALSE
1/12/2021 23:03,12/27/2020 22:00,12/26/2020 23:04,12/27/2020 7:26,98,13.7,480,498,191,98,191,18,490,0,96,FALSE
1/13/2021 23:03,12/28/2020 22:40,12/27/2020 22:00,12/28/2020 7:31,100,13.7,529,570,123,139,267,41,470,5,93,FALSE
1/14/2021 23:03,12/29/2020 22:43,12/28/2020 22:40,12/29/2020 8:06,100,13.7,520,565,231,126,163,45,481,0,91,FALSE
1/15/2021 23:03,12/30/2020 23:06,12/29/2020 22:43,12/30/2020 7:26,100,13.8,488,520,252,78,158,32,462,0,93,FALSE
1/16/2021 23:03,1/1/2021 1:32,12/30/2020 23:06,12/31/2020 7:23,100,13.9,466,496,215,118,133,30,458,0,94,FALSE
1/17/2021 23:03,1/1/2021 21:29,1/1/2021 1:32,1/1/2021 10:38,100,14.2,493,545,208,127,158,52,479,0,90,FALSE
1/18/2021 23:03,1/3/2021 2:57,1/1/2021 21:29,1/2/2021 7:03,100,14.1,522,573,252,116,154,51,460,0,91,FALSE
1/19/2021 23:03,1/3/2021 22:35,1/3/2021 2:57,1/3/2021 9:27,76,14.1,359,389,130,87,142,30,474,0,92,FALSE
1/20/2021 23:03,1/4/2021 23:01,1/3/2021 22:35,1/4/2021 7:52,100,13.8,525,557,173,115,237,32,512,54,94,FALSE
1/21/2021 23:03,1/5/2021 22:31,1/4/2021 23:01,1/5/2021 8:13,100,13.7,515,545,274,88,153,30,461,0,95,FALSE
1/22/2021 23:03,1/6/2021 22:57,1/5/2021 22:31,1/6/2021 7:46,100,13.8,491,554,201,78,212,63,487,0,90,FALSE
1/23/2021 23:03,1/7/2021 22:01,1/6/2021 22:57,1/7/2021 6:47,94,13.9,430,470,130,96,204,40,457,0,91,FALSE
1/24/2021 23:03,1/8/2021 22:48,1/7/2021 22:01,1/8/2021 7:50,100,14,558,589,243,118,197,31,480,13,94,FALSE
1/25/2021 23:03,1/10/2021 0:34,1/8/2021 22:48,1/9/2021 7:28,100,13.9,479,516,226,95,158,37,476,0,92,FALSE
1/26/2021 23:03,1/10/2021 22:26,1/10/2021 0:34,1/10/2021 7:39,83,14,397,423,228,84,85,26,477,0,94,FALSE
1/27/2021 23:03,1/11/2021 23:16,1/10/2021 22:26,1/11/2021 8:50,100,13.8,580,623,241,119,220,43,498,38,93,FALSE
1/28/2021 23:03,1/12/2021 22:51,1/11/2021 23:16,1/12/2021 7:46,100,13.8,470,506,227,68,175,36,468,0,92,FALSE
1/29/2021 23:03,1/13/2021 23:05,1/12/2021 22:51,1/13/2021 8:14,100,13.8,515,562,238,91,186,47,463,0,91,FALSE
1/30/2021 23:03,1/14/2021 23:11,1/13/2021 23:05,1/14/2021 7:23,99,13.8,459,496,214,97,148,37,464,0,92,FALSE
1/31/2021 23:03,1/16/2021 0:25,1/14/2021 23:11,1/15/2021 7:29,98,13.9,454,498,207,63,184,44,464,2,91,FALSE
2/1/2021 23:03,1/16/2021 23:23,1/16/2021 12:30,1/16/2021 13:44,14,14.2,66,73,49,11,6,7,492,34,91,TRUE
2/2/2021 23:03,1/16/2021 23:23,1/16/2021 0:25,1/16/2021 8:20,85,13.8,420,475,208,81,131,55,496,5,88,FALSE
2/3/2021 23:03,1/17/2021 22:58,1/16/2021 23:23,1/17/2021 8:27,100,13.9,499,542,262,78,159,43,426,34,92,FALSE
2/4/2021 23:03,1/18/2021 22:59,1/17/2021 22:58,1/18/2021 7:56,100,13.8,494,538,214,99,181,44,458,0,91,FALSE
2/5/2021 23:03,1/19/2021 23:36,1/18/2021 22:59,1/19/2021 7:19,100,13.6,478,500,207,88,183,22,463,0,96,FALSE
2/6/2021 23:03,1/20/2021 21:35,1/19/2021 23:36,1/20/2021 7:39,100,13.8,466,479,233,90,143,13,464,0,97,FALSE
2/7/2021 23:03,1/21/2021 22:43,1/20/2021 21:35,1/21/2021 7:47,100,13.9,536,611,243,117,176,75,466,0,87,FALSE
2/8/2021 23:03,1/23/2021 0:46,1/21/2021 22:43,1/22/2021 8:14,100,13.9,534,571,265,115,154,37,464,0,93,FALSE
2/9/2021 23:03,1/23/2021 23:40,1/23/2021 0:46,1/23/2021 8:05,85,14.1,401,434,189,96,116,33,471,0,92,FALSE
2/10/2021 23:03,1/24/2021 22:20,1/23/2021 23:40,1/24/2021 4:29,56,14.3,277,289,124,44,109,12,493,34,95,FALSE
2/11/2021 23:03,1/25/2021 23:05,1/24/2021 22:20,1/25/2021 8:39,100,13.9,560,618,185,138,237,58,557,99,90,FALSE
2/12/2021 23:03,1/26/2021 23:07,1/25/2021 23:05,1/26/2021 9:07,100,14.6,533,587,264,106,163,54,464,0,90,FALSE
2/13/2021 23:03,1/27/2021 23:07,1/26/2021 23:07,1/27/2021 7:51,100,13.8,477,524,185,90,202,47,462,0,91,FALSE
2/14/2021 23:03,1/28/2021 23:22,1/27/2021 23:07,1/28/2021 7:43,94,13.8,455,514,196,105,154,59,483,0,88,FALSE
2/15/2021 23:03,1/30/2021 0:48,1/28/2021 23:22,1/29/2021 7:44,94,13.7,452,501,232,53,167,49,479,17,90,FALSE
2/16/2021 23:03,1/31/2021 2:04,1/30/2021 0:48,1/30/2021 8:10,85,13.9,420,441,281,60,79,21,494,17,95,FALSE
2/17/2021 23:03,1/31/2021 19:52,1/31/2021 2:04,1/31/2021 5:37,43,13.7,209,213,87,41,81,4,491,34,98,FALSE
2/18/2021 23:03,2/1/2021 21:52,1/31/2021 19:52,2/1/2021 6:48,100,14.2,604,655,266,144,194,51,587,129,92,FALSE
2/19/2021 23:03,2/2/2021 22:12,2/1/2021 21:52,2/2/2021 6:34,100,14.1,489,521,158,127,204,32,477,0,94,FALSE
2/20/2021 23:03,2/3/2021 22:56,2/2/2021 22:12,2/3/2021 7:09,100,13.7,501,536,245,78,178,35,458,0,93,FALSE
2/21/2021 23:03,2/4/2021 21:56,2/3/2021 22:56,2/4/2021 7:56,100,13.9,479,539,190,93,196,60,477,0,88,FALSE
2/22/2021 23:03,2/5/2021 23:54,2/4/2021 21:56,2/5/2021 7:37,100,13.9,545,580,189,122,234,35,462,0,93,FALSE
2/23/2021 23:03,2/6/2021 22:11,2/5/2021 23:54,2/6/2021 7:25,88,14.2,410,449,206,88,116,39,464,0,91,FALSE
2/24/2021 23:03,2/7/2021 21:37,2/6/2021 22:11,2/7/2021 3:59,68,13.7,330,348,133,76,121,18,488,27,95,FALSE
2/25/2021 23:03,2/8/2021 22:23,2/7/2021 21:37,2/8/2021 7:51,100,13.7,580,612,204,136,240,32,535,72,94,FALSE
2/26/2021 23:03,2/9/2021 22:31,2/8/2021 22:23,2/9/2021 7:40,100,13.8,523,557,167,120,236,34,461,0,94,FALSE
2/27/2021 23:03,2/10/2021 22:00,2/9/2021 22:31,2/10/2021 7:19,96,13.8,469,528,253,104,112,59,489,0,89,FALSE
2/28/2021 23:03,2/11/2021 22:18,2/10/2021 22:00,2/11/2021 6:16,97,13.9,460,493,218,90,152,33,476,11,93,FALSE
3/1/2021 23:03,2/12/2021 22:59,2/11/2021 22:18,2/12/2021 7:21,100,14.1,483,538,220,93,170,55,472,8,89,FALSE
3/2/2021 23:03,2/13/2021 21:52,2/12/2021 22:59,2/13/2021 7:49,100,13.7,468,528,161,122,185,60,470,0,88,FALSE
3/3/2021 23:03,2/14/2021 22:54,2/14/2021 15:26,2/14/2021 17:21,21,15,114,115,41,15,58,1,530,72,100,TRUE
3/4/2021 23:03,2/14/2021 22:54,2/13/2021 21:52,2/14/2021 3:41,68,13.9,310,349,112,63,135,39,459,0,89,FALSE
3/5/2021 23:03,2/16/2021 0:22,2/14/2021 22:54,2/15/2021 6:34,100,14,434,459,161,82,191,25,418,72,94,FALSE
3/6/2021 23:03,2/16/2021 23:27,2/16/2021 0:22,2/16/2021 8:10,89,13.5,426,456,200,92,134,30,476,0,93,FALSE
3/7/2021 23:03,2/17/2021 23:18,2/16/2021 23:27,2/17/2021 7:24,90,13.4,436,475,159,104,173,39,486,24,92,FALSE
3/8/2021 23:03,2/18/2021 22:43,2/17/2021 23:18,2/18/2021 7:56,94,13.7,464,513,157,99,208,49,492,22,90,FALSE
3/9/2021 23:03,2/19/2021 22:39,2/18/2021 22:43,2/19/2021 6:59,94,13.7,450,496,228,66,156,46,479,17,90,FALSE
3/10/2021 23:03,2/20/2021 23:36,2/19/2021 22:39,2/20/2021 8:08,100,13.8,523,569,245,128,150,46,501,17,92,FALSE
3/11/2021 23:03,2/21/2021 21:37,2/20/2021 23:36,2/21/2021 6:10,80,13.7,367,393,211,66,90,26,462,0,93,FALSE
3/12/2021 23:03,2/22/2021 21:57,2/21/2021 22:37,2/22/2021 6:56,93,14,467,499,188,116,163,32,503,45,93,FALSE
3/13/2021 23:03,2/23/2021 22:21,2/22/2021 21:57,2/23/2021 6:40,100,13.9,492,522,305,98,89,30,491,20,94,FALSE
3/14/2021 23:03,2/24/2021 22:09,2/23/2021 22:21,2/24/2021 6:50,100,13.9,487,505,267,71,149,18,462,0,96,FALSE
3/15/2021 23:03,2/25/2021 22:34,2/24/2021 22:09,2/25/2021 6:51,98,14.1,471,522,281,88,102,51,480,0,90,FALSE
3/16/2021 23:03,2/26/2021 21:49,2/25/2021 21:34,2/26/2021 6:52,100,13.9,497,557,220,114,163,60,465,5,89,FALSE
3/17/2021 23:03,2/27/2021 22:39,2/26/2021 21:49,2/27/2021 6:50,100,13.9,505,540,224,89,192,35,467,0,93,FALSE
3/18/2021 23:03,2/28/2021 23:08,2/27/2021 22:39,2/28/2021 6:54,97,14.1,449,495,177,120,152,46,464,0,90,FALSE
3/19/2021 23:03,3/1/2021 22:03,2/28/2021 23:08,3/1/2021 7:35,97,13.8,452,506,196,86,170,54,465,8,89,FALSE
3/20/2021 23:03,3/2/2021 22:30,3/1/2021 22:03,3/2/2021 6:42,100,13.9,483,515,191,122,170,32,469,8,93,FALSE
3/21/2021 23:03,3/3/2021 22:31,3/2/2021 22:30,3/3/2021 7:20,100,13.8,481,529,158,135,188,48,462,0,90,FALSE
3/22/2021 23:03,3/4/2021 22:13,3/3/2021 22:31,3/4/2021 6:40,91,14,432,479,207,90,135,47,477,0,90,FALSE
3/23/2021 23:03,3/5/2021 22:01,3/4/2021 22:13,3/5/2021 6:12,83,13.9,410,479,171,91,148,69,493,20,85,FALSE
3/24/2021 23:03,3/6/2021 22:10,3/5/2021 22:01,3/6/2021 7:28,100,13.9,515,565,199,124,192,50,496,38,91,FALSE
3/25/2021 23:03,3/7/2021 21:55,3/6/2021 22:10,3/7/2021 7:32,100,13.8,518,561,223,115,180,43,469,0,92,FALSE
3/26/2021 23:03,3/8/2021 21:10,3/7/2021 21:55,3/8/2021 7:24,100,13.8,527,568,210,114,203,41,458,0,92,FALSE
3/27/2021 23:03,3/9/2021 22:50,3/8/2021 21:10,3/9/2021 6:29,100,14,506,558,295,83,128,52,484,0,90,FALSE
3/28/2021 23:03,3/10/2021 22:43,3/9/2021 22:50,3/10/2021 8:11,100,14.2,520,561,267,100,153,41,475,0,92,FALSE
3/29/2021 23:03,3/11/2021 22:43,3/10/2021 22:43,3/11/2021 6:40,90,14.2,411,476,153,95,163,65,458,0,86,FALSE
3/30/2021 23:03,3/12/2021 23:28,3/11/2021 22:43,3/12/2021 6:59,90,14.1,456,496,274,59,123,40,504,22,91,FALSE
3/31/2021 23:03,3/13/2021 22:00,3/12/2021 23:28,3/13/2021 7:27,85,14,423,452,267,58,98,29,501,22,93,FALSE
