Cycle start time,Cycle end time,Cycle timezone,Sleep onset,Wake onset,Sleep performance %,Respiratory rate (rpm),Asleep duration (min),In bed duration (min),Light sleep duration (min),Deep (SWS) duration (min),REM duration (min),Awake duration (min),Sleep need (min),Sleep debt (min),Sleep efficiency %,Nap
5/2/2022 1:31,,UTC-05:00,5/2/2022 1:31,5/2/2022 8:15,76,14.1,360,404,110,81,169,44,473,5,89,FALSE
4/30/2022 22:52,5/2/2022 1:31,UTC-05:00,4/30/2022 22:52,5/1/2022 7:26,98,14.5,473,514,255,82,136,41,481,8,92,FALSE
4/29/2022 22:14,4/30/2022 22:52,UTC-05:00,4/29/2022 22:14,4/30/2022 6:40,97,13.9,448,506,221,95,132,58,464,5,88,FALSE
4/28/2022 22:38,4/29/2022 22:14,UTC-05:00,4/28/2022 22:38,4/29/2022 7:54,98,13.7,505,556,234,121,150,51,517,45,91,FALSE
4/27/2022 22:51,4/28/2022 22:38,UTC-05:00,4/27/2022 22:51,4/28/2022 6:17,80,13.5,405,439,216,71,118,34,508,32,92,FALSE
4/26/2022 23:29,4/27/2022 22:51,UTC-05:00,4/26/2022 23:29,4/27/2022 7:25,89,13.7,444,476,138,92,214,32,500,23,93,FALSE
4/25/2022 22:26,4/26/2022 23:29,UTC-05:00,4/25/2022 22:26,4/26/2022 6:32,92,14.1,465,485,220,93,152,20,505,38,96,FALSE
4/24/2022 22:23,4/25/2022 22:26,UTC-05:00,4/24/2022 22:23,4/25/2022 6:38,83,14.4,440,495,133,130,177,55,529,45,89,FALSE
4/23/2022 23:37,4/24/2022 22:23,UTC-05:00,4/23/2022 23:37,4/24/2022 7:01,80,13.9,396,444,178,70,148,48,493,17,89,FALSE
4/22/2022 22:59,4/23/2022 23:37,UTC-05:00,4/22/2022 22:59,4/23/2022 6:57,94,14.1,441,476,171,95,175,35,471,0,92,FALSE
4/21/2022 22:11,4/22/2022 22:59,UTC-05:00,4/21/2022 22:11,4/22/2022 7:05,100,13.8,503,533,169,115,219,30,492,34,94,FALSE
4/20/2022 22:26,4/21/2022 22:11,UTC-05:00,4/20/2022 22:26,4/21/2022 6:22,88,13.5,451,473,181,93,177,22,515,58,95,FALSE
4/20/2022 0:34,4/20/2022 22:26,UTC-05:00,4/20/2022 0:34,4/20/2022 8:28,80,13.6,413,473,156,93,164,60,515,49,87,FALSE
4/18/2022 22:52,4/20/2022 0:34,UTC-05:00,4/18/2022 22:52,4/19/2022 6:55,83,14.2,439,477,168,123,148,38,528,54,92,FALSE
4/17/2022 22:28,4/18/2022 22:52,UTC-05:00,4/17/2022 22:28,4/18/2022 5:17,76,14.2,386,406,124,87,175,20,505,43,95,FALSE
4/16/2022 21:50,4/17/2022 22:28,UTC-05:00,4/16/2022 21:50,4/17/2022 6:49,85,13.9,502,540,192,118,192,38,590,133,93,FALSE
4/16/2022 5:39,4/16/2022 21:50,UTC-05:00,4/16/2022 5:39,4/16/2022 9:12,41,14.6,194,213,100,37,57,19,479,20,93,FALSE
4/14/2022 23:09,4/16/2022 5:39,UTC-05:00,4/14/2022 23:09,4/15/2022 7:12,91,14,434,476,171,106,157,42,479,0,91,FALSE
4/13/2022 23:08,4/14/2022 23:09,UTC-05:00,4/13/2022 23:08,4/14/2022 7:47,100,14,489,518,177,120,192,29,472,13,94,FALSE
4/12/2022 22:50,4/13/2022 23:08,UTC-05:00,4/12/2022 22:50,4/13/2022 7:04,94,14.4,461,494,167,117,177,33,490,0,93,FALSE
3/9/2022 21:53,3/10/2022 21:53,UTC-06:00,3/9/2022 21:53,3/10/2022 5:00,81,14.3,385,426,143,84,158,41,473,0,91,FALSE
3/8/2022 22:07,3/9/2022 21:53,UTC-06:00,3/8/2022 22:07,3/9/2022 7:02,100,14.1,491,534,217,90,184,43,486,14,92,FALSE
3/7/2022 21:57,3/8/2022 22:07,UTC-06:00,3/7/2022 21:57,3/8/2022 7:00,95,14.3,493,543,214,127,152,50,519,56,91,FALSE
3/7/2022 2:18,3/7/2022 21:57,UTC-06:00,3/7/2022 2:18,3/7/2022 9:11,75,14.3,384,413,198,80,106,29,511,45,93,FALSE
3/5/2022 23:03,3/7/2022 2:18,UTC-06:00,3/5/2022 23:03,3/6/2022 6:51,80,14.2,428,467,131,106,191,39,533,46,91,FALSE
3/4/2022 23:15,3/5/2022 23:03,UTC-06:00,3/4/2022 23:15,3/5/2022 7:08,84,14.1,426,474,196,87,143,48,506,32,90,FALSE
3/3/2022 22:29,3/4/2022 23:15,UTC-06:00,3/3/2022 22:29,3/4/2022 6:49,89,14,466,497,189,94,183,31,522,54,94,FALSE
3/2/2022 21:53,3/3/2022 22:29,UTC-06:00,3/2/2022 21:53,3/3/2022 4:37,76,14.4,378,403,205,73,100,25,499,43,94,FALSE
3/2/2022 0:20,3/2/2022 21:53,UTC-06:00,3/2/2022 0:20,3/2/2022 9:15,81,13.9,484,534,186,95,203,50,600,133,90,FALSE
3/1/2022 2:02,3/2/2022 0:20,UTC-06:00,3/1/2022 2:02,3/1/2022 6:02,41,14.3,210,232,110,30,70,22,508,38,91,FALSE
2/27/2022 22:27,3/1/2022 2:02,UTC-06:00,2/27/2022 22:27,2/28/2022 6:14,83,13.5,421,466,170,84,167,45,508,43,90,FALSE
2/27/2022 0:00,2/27/2022 22:27,UTC-06:00,2/27/2022 0:00,2/27/2022 7:23,81,13.9,407,443,127,111,169,36,501,22,92,FALSE
2/25/2022 21:57,2/27/2022 0:00,UTC-06:00,2/25/2022 21:57,2/26/2022 6:22,90,14.2,433,503,190,102,141,70,483,14,86,FALSE
2/24/2022 21:57,2/25/2022 21:57,UTC-06:00,2/24/2022 21:57,2/25/2022 7:03,95,13.8,499,545,144,114,241,46,525,68,91,FALSE
2/23/2022 21:42,2/24/2022 21:57,UTC-06:00,2/23/2022 21:42,2/24/2022 4:08,70,13.8,349,386,134,75,140,37,498,17,91,FALSE
2/22/2022 22:35,2/23/2022 21:42,UTC-06:00,2/22/2022 22:35,2/23/2022 6:32,94,13.8,431,476,128,91,212,45,460,0,91,FALSE
2/21/2022 21:26,2/22/2022 22:35,UTC-06:00,2/21/2022 21:26,2/22/2022 6:25,100,14,493,536,235,98,160,43,485,5,92,FALSE
2/20/2022 22:05,2/21/2022 21:26,UTC-06:00,2/20/2022 22:05,2/21/2022 6:31,98,14,453,505,158,108,187,52,461,0,89,FALSE
2/19/2022 21:42,2/20/2022 22:05,UTC-06:00,2/19/2022 21:42,2/20/2022 6:50,100,13.9,510,546,208,119,183,36,489,14,93,FALSE
2/18/2022 22:54,2/19/2022 21:42,UTC-06:00,2/18/2022 22:54,2/19/2022 7:00,95,13.7,453,484,212,92,149,31,479,20,93,FALSE
2/17/2022 21:17,2/18/2022 22:54,UTC-06:00,2/17/2022 21:17,2/18/2022 5:14,93,14.1,439,477,220,81,138,38,474,0,92,FALSE
2/16/2022 21:33,2/17/2022 21:17,UTC-06:00,2/16/2022 21:33,2/17/2022 6:42,100,14.2,506,549,305,84,117,43,504,43,92,FALSE
2/15/2022 22:01,2/16/2022 21:33,UTC-06:00,2/15/2022 22:01,2/16/2022 5:59,85,14.2,444,477,212,71,161,33,524,43,93,FALSE
2/14/2022 21:27,2/15/2022 22:01,UTC-06:00,2/14/2022 21:27,2/15/2022 5:59,85,13.8,459,512,161,105,193,53,544,69,90,FALSE
2/14/2022 2:01,2/14/2022 21:27,UTC-06:00,2/14/2022 2:01,2/14/2022 9:19,76,14.2,410,438,180,96,134,28,543,74,93,FALSE
2/13/2022 1:06,2/14/2022 2:01,UTC-06:00,2/13/2022 1:06,2/13/2022 7:39,67,14,361,392,159,67,135,31,537,63,93,FALSE
2/12/2022 2:01,2/13/2022 1:06,UTC-06:00,2/12/2022 2:01,2/12/2022 9:19,72,13.9,382,437,174,72,136,55,529,49,88,FALSE
2/10/2022 23:38,2/12/2022 2:01,UTC-06:00,2/10/2022 23:38,2/11/2022 7:35,83,13.9,436,476,138,116,182,40,527,67,93,FALSE
2/9/2022 23:34,2/10/2022 23:38,UTC-06:00,2/9/2022 23:34,2/10/2022 6:59,77,13.9,422,445,223,77,122,23,544,79,94,FALSE
2/8/2022 22:05,2/9/2022 23:34,UTC-06:00,2/8/2022 22:05,2/9/2022 4:14,65,13.8,341,369,171,83,87,28,522,43,92,FALSE
2/8/2022 0:00,2/8/2022 22:05,UTC-06:00,2/8/2022 0:00,2/8/2022 8:04,85,13.8,446,481,187,103,156,35,523,52,93,FALSE
2/7/2022 1:05,2/8/2022 0:00,UTC-06:00,2/7/2022 1:05,2/7/2022 9:02,82,13.7,434,477,151,91,192,43,531,58,91,FALSE
2/6/2022 2:20,2/7/2022 1:05,UTC-06:00,2/6/2022 2:20,2/6/2022 9:13,74,13.9,382,413,169,73,140,31,520,56,92,FALSE
2/5/2022 2:49,2/6/2022 2:20,UTC-06:00,2/5/2022 2:49,2/5/2022 9:05,75,13.7,346,372,176,62,108,26,463,0,93,FALSE
2/3/2022 22:23,2/5/2022 2:49,UTC-06:00,2/3/2022 22:23,2/4/2022 7:31,100,14,496,548,149,145,202,52,490,70,91,FALSE
2/2/2022 20:18,2/3/2022 22:23,UTC-06:00,2/3/2022 16:35,2/3/2022 17:38,10,14.4,56,60,44,0,12,4,544,70,96,TRUE
2/2/2022 20:18,2/3/2022 22:23,UTC-06:00,2/2/2022 20:18,2/3/2022 4:14,69,14.1,405,476,176,81,148,71,585,127,85,FALSE
2/2/2022 5:38,2/2/2022 20:18,UTC-06:00,2/2/2022 5:38,2/2/2022 9:59,44,14.4,226,260,98,38,90,34,520,34,86,FALSE
2/1/2022 0:08,2/2/2022 5:38,UTC-06:00,2/1/2022 0:08,2/1/2022 8:26,88,13.8,445,498,201,93,151,53,504,23,89,FALSE
1/30/2022 22:26,2/1/2022 0:08,UTC-06:00,1/30/2022 22:26,1/31/2022 7:01,92,13.6,475,515,172,102,201,40,516,52,92,FALSE
1/29/2022 21:47,1/30/2022 22:26,UTC-06:00,1/29/2022 21:47,1/30/2022 4:14,77,13.5,359,386,162,71,126,27,467,77,93,FALSE
1/29/2022 3:17,1/29/2022 21:47,UTC-06:00,1/29/2022 15:56,1/29/2022 17:08,13,14.1,66,71,48,0,18,5,533,77,97,TRUE
1/29/2022 3:17,1/29/2022 21:47,UTC-06:00,1/29/2022 3:17,1/29/2022 9:36,66,13.9,336,379,164,65,107,43,511,43,89,FALSE
1/27/2022 22:50,1/29/2022 3:17,UTC-06:00,1/27/2022 22:50,1/28/2022 7:03,85,13.8,452,493,163,94,195,41,530,52,92,FALSE
1/27/2022 0:28,1/27/2022 22:50,UTC-06:00,1/27/2022 0:28,1/27/2022 7:31,77,13.8,395,417,188,69,138,22,516,43,94,FALSE
1/25/2022 22:25,1/27/2022 0:28,UTC-06:00,1/25/2022 22:25,1/26/2022 6:22,85,14.1,443,477,155,93,195,34,522,47,93,FALSE
1/24/2022 22:53,1/25/2022 22:25,UTC-06:00,1/24/2022 22:53,1/25/2022 6:40,79,13.4,413,461,182,92,139,48,522,58,90,FALSE
1/24/2022 0:04,1/24/2022 22:53,UTC-06:00,1/24/2022 0:04,1/24/2022 6:54,74,13.4,383,410,139,92,152,27,517,34,93,FALSE
1/22/2022 23:20,1/24/2022 0:04,UTC-06:00,1/22/2022 23:20,1/23/2022 7:25,88,13.3,457,484,180,91,186,27,520,46,94,FALSE
1/21/2022 21:48,1/22/2022 23:20,UTC-06:00,1/21/2022 21:48,1/22/2022 5:27,84,13.6,416,451,179,78,159,35,493,34,92,FALSE
1/20/2022 21:51,1/21/2022 21:48,UTC-06:00,1/20/2022 21:51,1/21/2022 6:29,88,13.6,478,517,164,89,225,39,541,61,92,FALSE
1/19/2022 21:57,1/20/2022 21:51,UTC-06:00,1/19/2022 21:57,1/20/2022 3:59,73,13.6,338,362,152,72,114,24,466,61,94,FALSE
1/18/2022 23:12,1/19/2022 21:57,UTC-06:00,1/19/2022 11:39,1/19/2022 12:39,10,15.9,52,60,33,11,8,8,517,61,100,TRUE
1/18/2022 23:12,1/19/2022 21:57,UTC-06:00,1/18/2022 23:12,1/19/2022 5:49,73,13.6,373,394,130,67,176,21,511,17,95,FALSE
1/17/2022 22:13,1/18/2022 23:12,UTC-06:00,1/17/2022 22:13,1/18/2022 6:41,94,13.6,480,507,136,112,232,27,513,36,95,FALSE
1/16/2022 21:47,1/17/2022 22:13,UTC-06:00,1/16/2022 21:47,1/17/2022 5:31,84,13.5,419,463,169,78,172,44,498,29,90,FALSE
1/15/2022 22:07,1/16/2022 21:47,UTC-06:00,1/15/2022 22:07,1/16/2022 6:28,90,13.7,451,501,156,103,192,50,500,40,90,FALSE
1/14/2022 23:34,1/15/2022 22:07,UTC-06:00,1/14/2022 23:34,1/15/2022 6:22,82,13.4,376,408,177,82,117,32,461,0,92,FALSE
1/13/2022 22:01,1/14/2022 23:34,UTC-06:00,1/13/2022 22:01,1/14/2022 7:33,100,13.7,534,572,209,118,207,38,523,117,93,FALSE
1/13/2022 0:01,1/13/2022 22:01,UTC-06:00,1/13/2022 11:22,1/13/2022 12:47,15,14.1,84,84,52,13,19,0,575,117,100,TRUE
1/13/2022 0:01,1/13/2022 22:01,UTC-06:00,1/13/2022 0:01,1/13/2022 4:14,48,13.5,243,253,121,48,74,10,504,26,97,FALSE
1/11/2022 23:58,1/13/2022 0:01,UTC-06:00,1/11/2022 23:58,1/12/2022 7:36,91,13.6,422,451,226,84,112,29,465,0,93,FALSE
1/10/2022 22:08,1/11/2022 23:58,UTC-06:00,1/10/2022 22:08,1/11/2022 7:51,100,13.8,543,582,203,121,219,39,523,45,93,FALSE
1/9/2022 22:00,1/10/2022 22:08,UTC-06:00,1/9/2022 22:00,1/10/2022 5:29,80,14.1,403,448,147,111,145,45,507,35,90,FALSE
1/8/2022 23:22,1/9/2022 22:00,UTC-06:00,1/8/2022 23:22,1/9/2022 7:35,88,13.8,458,488,197,92,169,30,520,35,93,FALSE
1/8/2022 0:21,1/8/2022 23:22,UTC-06:00,1/8/2022 0:21,1/8/2022 8:25,88,14.2,454,483,168,98,188,29,519,58,94,FALSE
1/7/2022 1:08,1/8/2022 0:21,UTC-06:00,1/7/2022 1:08,1/7/2022 8:23,80,13.9,398,435,145,79,174,37,498,8,91,FALSE
1/5/2022 22:25,1/7/2022 1:08,UTC-06:00,1/5/2022 22:25,1/6/2022 7:52,97,13.8,519,564,186,114,219,45,537,74,92,FALSE
1/4/2022 22:18,1/5/2022 22:25,UTC-06:00,1/4/2022 22:18,1/5/2022 5:09,67,13.5,374,411,189,71,114,37,561,79,91,FALSE
1/4/2022 1:32,1/4/2022 22:18,UTC-06:00,1/4/2022 1:32,1/4/2022 8:00,65,13.7,368,381,183,48,137,13,565,86,96,FALSE
1/3/2022 2:44,1/4/2022 1:32,UTC-06:00,1/3/2022 2:44,1/3/2022 8:20,62,13.5,312,337,89,71,152,25,503,17,93,FALSE
1/1/2022 22:13,1/3/2022 2:44,UTC-06:00,1/1/2022 22:13,1/2/2022 7:54,94,13.9,559,577,159,128,272,18,593,113,97,FALSE
1/1/2022 1:11,1/1/2022 22:13,UTC-06:00,1/1/2022 1:11,1/1/2022 5:29,50,14.1,244,257,120,50,74,13,487,17,95,FALSE
12/30/2021 23:43,1/1/2022 1:11,UTC-06:00,12/30/2021 23:43,12/31/2021 8:18,94,13.8,465,514,151,102,212,49,494,37,90,FALSE
12/30/2021 0:36,12/30/2021 23:43,UTC-06:00,12/30/2021 0:36,12/30/2021 8:11,87,13.8,419,453,172,114,133,34,481,2,92,FALSE
12/28/2021 22:50,12/30/2021 0:36,UTC-06:00,12/28/2021 22:50,12/29/2021 9:12,99,13.9,548,622,196,122,230,74,551,72,88,FALSE
12/28/2021 1:29,12/28/2021 22:50,UTC-06:00,12/28/2021 1:29,12/28/2021 9:07,75,14.3,417,457,132,114,171,40,557,75,91,FALSE
12/27/2021 0:54,12/28/2021 1:29,UTC-06:00,12/27/2021 0:54,12/27/2021 7:30,74,13.8,369,395,154,70,145,26,500,43,94,FALSE
12/26/2021 2:28,12/27/2021 0:54,UTC-06:00,12/26/2021 2:28,12/26/2021 10:09,85,14.2,428,461,148,104,176,33,504,17,93,FALSE
12/24/2021 21:52,12/26/2021 2:28,UTC-06:00,12/24/2021 21:52,12/25/2021 6:59,94,14.3,508,547,200,120,188,39,541,67,92,FALSE
12/23/2021 23:57,12/24/2021 21:52,UTC-06:00,12/23/2021 23:57,12/24/2021 7:47,77,14,410,469,120,125,165,59,533,74,88,FALSE
12/22/2021 23:52,12/23/2021 23:57,UTC-06:00,12/22/2021 23:52,12/23/2021 7:27,67,14.2,410,453,153,92,165,43,613,140,92,FALSE
12/22/2021 0:11,12/22/2021 23:52,UTC-06:00,12/22/2021 0:11,12/22/2021 3:55,38,14.4,202,223,105,37,60,21,531,52,90,FALSE
12/20/2021 22:49,12/22/2021 0:11,UTC-06:00,12/20/2021 22:49,12/21/2021 6:57,82,14.2,465,488,217,55,193,23,569,83,95,FALSE
12/19/2021 23:18,12/20/2021 22:49,UTC-06:00,12/19/2021 23:18,12/20/2021 5:32,63,14.4,340,375,156,61,123,35,539,61,91,FALSE
12/18/2021 23:51,12/19/2021 23:18,UTC-06:00,12/18/2021 23:51,12/19/2021 7:13,73,14.5,396,440,118,102,176,44,543,86,90,FALSE
12/18/2021 4:23,12/18/2021 23:51,UTC-06:00,12/18/2021 4:23,12/18/2021 10:47,62,15.1,331,383,162,69,100,52,537,54,86,FALSE
12/17/2021 0:44,12/18/2021 4:23,UTC-06:00,12/17/2021 0:44,12/17/2021 8:41,76,14.9,438,477,197,100,141,39,575,104,91,FALSE
12/16/2021 1:54,12/17/2021 0:44,UTC-06:00,12/16/2021 1:54,12/16/2021 7:06,54,14.9,292,308,142,54,96,16,544,49,94,FALSE
12/14/2021 23:38,12/16/2021 1:54,UTC-06:00,12/14/2021 23:38,12/15/2021 7:17,78,14.1,397,459,122,104,171,62,509,45,86,FALSE
12/13/2021 22:59,12/14/2021 23:38,UTC-06:00,12/13/2021 22:59,12/14/2021 6:18,80,14.6,423,436,121,119,183,13,531,56,97,FALSE
12/12/2021 23:40,12/13/2021 22:59,UTC-06:00,12/12/2021 23:40,12/13/2021 6:38,75,14.1,398,418,123,93,182,20,532,58,95,FALSE
12/12/2021 3:19,12/12/2021 23:40,UTC-06:00,12/12/2021 3:19,12/12/2021 9:43,74,14.8,345,384,146,90,109,39,465,0,89,FALSE
12/10/2021 15:17,12/12/2021 3:19,UTC-06:00,12/10/2021 15:17,12/11/2021 5:08,100,15,653,831,303,151,199,178,499,27,78,FALSE
12/9/2021 22:25,12/10/2021 15:17,UTC-06:00,12/9/2021 22:25,12/10/2021 6:17,88,14.6,437,472,181,115,141,35,494,0,92,FALSE
12/8/2021 23:40,12/9/2021 22:25,UTC-06:00,12/8/2021 23:40,12/9/2021 7:32,100,14.8,430,468,172,97,161,38,427,34,92,FALSE
12/8/2021 1:10,12/8/2021 23:40,UTC-06:00,12/8/2021 12:31,12/8/2021 13:59,16,15.1,80,88,44,19,17,8,506,34,93,TRUE
12/8/2021 1:10,12/8/2021 23:40,UTC-06:00,12/8/2021 1:10,12/8/2021 4:00,,,,,,,,,,,,FALSE
12/6/2021 22:00,12/8/2021 1:10,UTC-06:00,12/6/2021 22:00,12/7/2021 6:30,85,15.2,467,503,197,97,173,36,547,90,93,FALSE
12/6/2021 4:03,12/6/2021 22:00,UTC-06:00,12/6/2021 4:03,12/6/2021 9:27,60,15.8,289,322,109,72,108,33,479,0,90,FALSE
12/4/2021 23:29,12/6/2021 4:03,UTC-06:00,12/4/2021 23:29,12/5/2021 7:48,100,15.9,455,488,201,89,165,33,443,27,93,FALSE
12/3/2021 21:30,12/4/2021 23:29,UTC-06:00,12/4/2021 15:53,12/4/2021 16:54,10,16.8,49,58,49,0,0,9,489,27,100,TRUE
12/3/2021 21:30,12/4/2021 23:29,UTC-06:00,12/3/2021 21:30,12/4/2021 5:36,88,14.9,421,486,168,93,160,65,480,17,86,FALSE
12/2/2021 21:43,12/3/2021 21:30,UTC-06:00,12/2/2021 21:43,12/3/2021 6:08,94,14.7,443,504,219,92,132,61,472,8,90,FALSE
12/1/2021 20:57,12/2/2021 21:43,UTC-06:00,12/1/2021 20:57,12/2/2021 5:46,97,14.4,486,526,186,113,187,40,500,43,92,FALSE
11/30/2021 19:58,12/1/2021 20:57,UTC-06:00,11/30/2021 19:58,12/1/2021 4:08,81,14.1,429,488,229,70,130,59,527,56,88,FALSE
11/29/2021 21:42,11/30/2021 19:58,UTC-06:00,11/29/2021 21:42,11/30/2021 4:14,75,13.7,352,392,187,69,96,40,472,0,90,FALSE
11/28/2021 20:47,11/29/2021 21:42,UTC-06:00,11/28/2021 20:47,11/29/2021 5:56,100,14.3,496,548,124,123,249,52,457,0,90,FALSE
11/27/2021 20:24,11/28/2021 20:47,UTC-06:00,11/27/2021 20:24,11/28/2021 5:30,100,14.6,490,545,198,106,186,55,485,0,90,FALSE
11/26/2021 21:05,11/27/2021 20:24,UTC-06:00,11/26/2021 21:05,11/27/2021 6:02,100,14.3,503,534,203,103,197,31,484,26,94,FALSE
11/25/2021 22:25,11/26/2021 21:05,UTC-06:00,11/25/2021 22:25,11/26/2021 6:17,91,14.6,445,471,204,82,159,26,491,0,94,FALSE
11/24/2021 21:43,11/25/2021 22:25,UTC-06:00,11/24/2021 21:43,11/25/2021 6:36,100,14.4,493,530,215,100,178,37,487,14,93,FALSE
11/23/2021 20:15,11/24/2021 21:43,UTC-06:00,11/23/2021 20:15,11/24/2021 4:59,95,14.6,497,525,187,99,211,28,521,58,95,FALSE
11/23/2021 0:33,11/23/2021 20:15,UTC-06:00,11/23/2021 0:33,11/23/2021 7:45,80,14.5,392,429,206,53,133,37,489,23,91,FALSE
11/21/2021 21:45,11/23/2021 0:33,UTC-06:00,11/21/2021 21:45,11/22/2021 6:05,92,14.1,479,500,206,103,170,21,523,61,96,FALSE
11/20/2021 23:34,11/21/2021 21:45,UTC-06:00,11/20/2021 23:34,11/21/2021 7:05,73,14.6,413,450,163,79,171,37,565,108,92,FALSE
11/20/2021 6:50,11/20/2021 23:34,UTC-06:00,11/20/2021 6:50,11/20/2021 11:09,52,14,242,259,98,38,106,17,467,8,93,FALSE
11/18/2021 21:54,11/20/2021 6:50,UTC-06:00,11/18/2021 21:54,11/19/2021 6:12,97,14.4,456,498,208,117,131,42,468,0,91,FALSE
11/17/2021 19:50,11/18/2021 21:54,UTC-06:00,11/17/2021 19:50,11/18/2021 6:34,100,14.5,581,633,320,108,153,52,550,68,92,FALSE
11/16/2021 21:04,11/17/2021 19:50,UTC-06:00,11/16/2021 21:04,11/17/2021 3:58,70,14.2,388,413,181,72,135,25,555,77,93,FALSE
11/15/2021 21:39,11/16/2021 21:04,UTC-06:00,11/15/2021 21:39,11/16/2021 3:57,66,14.5,321,377,154,71,96,56,488,23,85,FALSE
11/14/2021 21:25,11/15/2021 21:39,UTC-06:00,11/14/2021 21:25,11/15/2021 6:14,92,14.5,501,526,211,89,201,25,548,72,95,FALSE
11/13/2021 23:55,11/14/2021 21:25,UTC-06:00,11/13/2021 23:55,11/14/2021 6:16,68,14.3,351,380,169,70,112,29,516,43,92,FALSE
11/12/2021 22:59,11/13/2021 23:55,UTC-06:00,11/12/2021 22:59,11/13/2021 6:16,81,14.8,400,423,135,99,166,23,495,0,94,FALSE
8/5/2021 22:47,8/6/2021 22:02,UTC-05:00,8/5/2021 22:47,8/6/2021 7:12,95,14.8,461,503,242,96,123,42,487,0,92,FALSE
8/4/2021 22:02,8/5/2021 22:47,UTC-05:00,8/4/2021 22:02,8/5/2021 6:45,100,14.6,486,522,245,108,133,36,474,15,93,FALSE
8/3/2021 22:36,8/4/2021 22:02,UTC-05:00,8/3/2021 22:36,8/4/2021 6:52,93,14.2,441,485,222,79,140,44,476,0,90,FALSE
8/2/2021 21:52,8/3/2021 22:36,UTC-05:00,8/2/2021 21:52,8/3/2021 7:17,100,14.2,536,565,258,108,170,29,492,29,95,FALSE
8/1/2021 21:41,8/2/2021 21:52,UTC-05:00,8/1/2021 21:41,8/2/2021 5:02,87,14.1,399,441,194,102,103,42,461,0,91,FALSE
7/31/2021 22:52,8/1/2021 21:41,UTC-05:00,7/31/2021 22:52,8/1/2021 7:28,100,13.7,479,513,234,76,169,34,468,0,93,FALSE
7/30/2021 22:59,7/31/2021 22:52,UTC-05:00,7/30/2021 22:59,7/31/2021 8:12,100,14.4,499,551,222,117,160,52,475,17,90,FALSE
7/29/2021 23:04,7/30/2021 22:59,UTC-05:00,7/29/2021 23:04,7/30/2021 7:09,94,14.2,431,482,176,102,153,51,458,0,89,FALSE
7/28/2021 21:32,7/29/2021 23:04,UTC-05:00,7/28/2021 21:32,7/29/2021 7:16,100,14.1,528,582,211,104,213,54,460,0,90,FALSE
7/27/2021 23:00,7/28/2021 21:32,UTC-05:00,7/27/2021 23:00,7/28/2021 7:59,100,14.4,507,539,246,115,146,32,467,0,93,FALSE
7/26/2021 22:19,7/27/2021 23:00,UTC-05:00,7/26/2021 22:19,7/27/2021 7:23,100,14.6,503,537,220,104,179,34,458,0,93,FALSE
7/25/2021 21:27,7/26/2021 22:19,UTC-05:00,7/25/2021 21:27,7/26/2021 6:47,100,14.6,477,558,222,118,137,81,350,52,85,FALSE
7/24/2021 21:32,7/25/2021 21:27,UTC-05:00,7/25/2021 10:20,7/25/2021 13:05,31,14.6,158,165,67,36,55,7,509,52,97,TRUE
7/24/2021 21:32,7/25/2021 21:27,UTC-05:00,7/24/2021 21:32,7/25/2021 5:09,77,15.9,389,457,151,69,169,68,502,45,85,FALSE
7/23/2021 22:07,7/24/2021 21:32,UTC-05:00,7/23/2021 22:07,7/24/2021 5:51,80,16.5,391,464,233,69,89,73,489,31,84,FALSE
7/22/2021 21:43,7/23/2021 22:07,UTC-05:00,7/22/2021 21:43,7/23/2021 6:26,86,15.7,429,522,241,90,98,93,498,20,82,FALSE
7/21/2021 22:07,7/22/2021 21:43,UTC-05:00,7/21/2021 22:07,7/22/2021 6:42,93,14.2,487,515,217,101,169,28,526,45,94,FALSE
7/21/2021 3:21,7/21/2021 22:07,UTC-05:00,7/21/2021 3:21,7/21/2021 10:08,80,14.1,382,408,91,81,210,26,481,23,93,FALSE
7/19/2021 23:02,7/21/2021 3:21,UTC-05:00,7/19/2021 23:02,7/20/2021 7:23,92,14.3,468,500,157,97,214,32,509,52,93,FALSE
7/18/2021 22:02,7/19/2021 23:02,UTC-05:00,7/18/2021 22:02,7/19/2021 4:59,77,14.6,361,417,115,96,150,56,472,15,86,FALSE
7/17/2021 21:54,7/18/2021 22:02,UTC-05:00,7/17/2021 21:54,7/18/2021 6:05,93,14.3,446,490,160,112,174,44,480,5,90,FALSE
7/16/2021 21:24,7/17/2021 21:54,UTC-05:00,7/16/2021 21:24,7/17/2021 6:23,98,14.4,494,537,175,113,206,43,506,24,91,FALSE
7/15/2021 23:00,7/16/2021 21:24,UTC-05:00,7/15/2021 23:00,7/16/2021 7:03,89,14.2,426,482,184,84,158,56,480,0,90,FALSE
7/14/2021 21:56,7/15/2021 23:00,UTC-05:00,7/14/2021 21:56,7/15/2021 7:07,100,14,506,550,226,134,146,44,507,24,92,FALSE
7/13/2021 22:56,7/14/2021 21:56,UTC-05:00,7/13/2021 22:56,7/14/2021 6:56,89,14.3,434,480,185,88,161,46,485,17,90,FALSE
7/12/2021 21:51,7/13/2021 22:56,UTC-05:00,7/12/2021 21:51,7/13/2021 6:47,94,14.6,492,536,240,81,171,44,522,45,92,FALSE
7/11/2021 21:53,7/12/2021 21:51,UTC-05:00,7/11/2021 21:53,7/12/2021 4:59,80,14.4,372,426,150,84,138,54,463,5,87,FALSE
7/10/2021 23:04,7/11/2021 21:53,UTC-05:00,7/10/2021 23:04,7/11/2021 7:57,98,14.1,490,534,212,90,188,44,502,24,92,FALSE
7/9/2021 23:18,7/10/2021 23:04,UTC-05:00,7/9/2021 23:18,7/10/2021 6:45,89,14.5,421,447,195,94,132,26,472,0,94,FALSE
7/8/2021 22:23,7/9/2021 23:18,UTC-05:00,7/8/2021 22:23,7/9/2021 7:07,100,14.5,481,523,199,106,176,42,477,17,91,FALSE
7/7/2021 22:32,7/8/2021 22:23,UTC-05:00,7/7/2021 22:32,7/8/2021 6:46,94,14.2,460,494,172,116,172,34,492,0,93,FALSE
7/6/2021 21:29,7/7/2021 22:32,UTC-05:00,7/6/2021 21:29,7/7/2021 6:43,100,14.4,496,554,248,115,133,58,495,11,89,FALSE
7/5/2021 21:23,7/6/2021 21:29,UTC-05:00,7/5/2021 21:23,7/6/2021 6:23,96,14.1,489,539,220,115,154,50,511,45,91,FALSE
7/4/2021 21:37,7/5/2021 21:23,UTC-05:00,7/4/2021 21:37,7/5/2021 4:30,80,14.1,368,412,132,85,151,44,463,0,89,FALSE
7/3/2021 22:13,7/4/2021 21:37,UTC-05:00,7/3/2021 22:13,7/4/2021 6:51,100,14.4,502,515,271,87,144,13,472,2,97,FALSE
7/2/2021 22:17,7/3/2021 22:13,UTC-05:00,7/2/2021 22:17,7/3/2021 6:33,99,14.1,458,495,172,108,178,37,462,0,92,FALSE
7/1/2021 22:44,7/2/2021 22:17,UTC-05:00,7/1/2021 22:44,7/2/2021 7:13,100,14.2,476,508,196,118,162,32,469,0,93,FALSE
6/30/2021 21:00,7/1/2021 22:44,UTC-05:00,6/30/2021 21:00,7/1/2021 7:18,100,14.2,569,616,162,144,263,47,531,61,92,FALSE
6/30/2021 1:26,6/30/2021 21:00,UTC-05:00,6/30/2021 1:26,6/30/2021 8:22,73,14,372,416,131,88,153,44,509,26,91,FALSE
6/28/2021 21:05,6/30/2021 1:26,UTC-05:00,6/28/2021 21:05,6/29/2021 6:56,91,14.3,519,590,178,128,213,71,570,111,87,FALSE
6/28/2021 5:16,6/28/2021 21:05,UTC-05:00,6/28/2021 5:16,6/28/2021 9:40,51,14.6,249,264,115,51,83,15,488,8,94,FALSE
6/26/2021 22:24,6/28/2021 5:16,UTC-05:00,6/26/2021 22:24,6/27/2021 7:19,97,14.2,495,534,235,100,160,39,513,29,92,FALSE
6/25/2021 22:06,6/26/2021 22:24,UTC-05:00,6/25/2021 22:06,6/26/2021 6:18,87,14.4,438,492,196,90,152,54,502,20,90,FALSE
6/24/2021 22:36,6/25/2021 22:06,UTC-05:00,6/24/2021 22:36,6/25/2021 6:28,91,14.1,447,472,196,82,169,25,489,0,95,FALSE
6/23/2021 21:43,6/24/2021 22:36,UTC-05:00,6/23/2021 21:43,6/24/2021 6:30,100,14.1,508,527,211,100,197,19,476,5,96,FALSE
6/22/2021 22:37,6/23/2021 21:43,UTC-05:00,6/22/2021 22:37,6/23/2021 7:15,98,14.2,477,517,211,104,162,40,486,8,92,FALSE
6/21/2021 22:38,6/22/2021 22:37,UTC-05:00,6/21/2021 22:38,6/22/2021 6:58,97,13.9,450,499,135,114,201,49,462,0,91,FALSE
6/20/2021 21:54,6/21/2021 22:38,UTC-05:00,6/20/2021 21:54,6/21/2021 7:43,100,14,549,589,178,112,259,40,506,17,93,FALSE
6/19/2021 22:05,6/20/2021 21:54,UTC-05:00,6/19/2021 22:05,6/20/2021 6:45,94,14.3,475,520,162,112,201,45,508,86,91,FALSE
6/19/2021 3:54,6/19/2021 22:05,UTC-05:00,6/19/2021 15:25,6/19/2021 16:24,10,14.3,56,58,38,13,5,2,565,86,97,TRUE
6/19/2021 3:54,6/19/2021 22:05,UTC-05:00,6/19/2021 3:54,6/19/2021 9:36,62,14.3,317,341,101,67,149,24,508,31,93,FALSE
6/17/2021 22:40,6/19/2021 3:54,UTC-05:00,6/17/2021 22:40,6/18/2021 6:27,86,13.9,427,467,186,103,138,40,496,20,91,FALSE
6/16/2021 21:49,6/17/2021 22:40,UTC-05:00,6/16/2021 21:49,6/17/2021 6:44,93,14.5,497,534,193,107,197,37,533,72,93,FALSE
6/16/2021 2:46,6/16/2021 21:49,UTC-05:00,6/16/2021 2:46,6/16/2021 8:30,68,14.2,323,343,200,41,82,20,473,0,94,FALSE
6/14/2021 21:51,6/16/2021 2:46,UTC-05:00,6/14/2021 21:51,6/15/2021 6:38,100,14.2,506,526,182,106,218,20,476,11,96,FALSE
6/13/2021 22:00,6/14/2021 21:51,UTC-05:00,6/13/2021 22:00,6/14/2021 5:58,96,14.2,441,478,107,101,233,37,460,0,92,FALSE
6/12/2021 22:30,6/13/2021 22:00,UTC-05:00,6/12/2021 22:30,6/13/2021 7:13,100,14.2,492,522,140,152,200,30,483,24,94,FALSE
6/11/2021 22:21,6/12/2021 22:30,UTC-05:00,6/11/2021 22:21,6/12/2021 6:48,89,14.1,462,506,177,100,185,44,517,59,91,FALSE
6/10/2021 23:24,6/11/2021 22:21,UTC-05:00,6/10/2021 23:24,6/11/2021 6:42,74,14.3,375,437,175,78,122,62,505,20,86,FALSE
6/9/2021 22:06,6/10/2021 23:24,UTC-05:00,6/9/2021 22:06,6/10/2021 6:39,91,14.2,458,514,182,89,187,56,505,31,89,FALSE
6/8/2021 22:46,6/9/2021 22:06,UTC-05:00,6/8/2021 22:46,6/9/2021 6:05,86,14.7,411,438,140,93,178,27,479,17,94,FALSE
6/7/2021 21:47,6/8/2021 22:46,UTC-05:00,6/7/2021 21:47,6/8/2021 6:21,94,14.3,477,514,211,100,166,37,509,8,93,FALSE
6/6/2021 22:18,6/7/2021 21:47,UTC-05:00,6/6/2021 22:18,6/7/2021 6:43,97,13.9,474,505,210,106,158,31,489,14,94,FALSE
6/5/2021 22:31,6/6/2021 22:18,UTC-05:00,6/5/2021 22:31,6/6/2021 6:54,95,14.1,474,501,238,112,124,27,498,38,94,FALSE
6/4/2021 23:27,6/5/2021 22:31,UTC-05:00,6/4/2021 23:27,6/5/2021 6:48,83,14.5,401,440,214,97,90,39,481,2,91,FALSE
6/3/2021 21:42,6/4/2021 23:27,UTC-05:00,6/3/2021 21:42,6/4/2021 6:59,99,14,500,557,205,145,150,57,503,17,89,FALSE
6/2/2021 21:52,6/3/2021 21:42,UTC-05:00,6/2/2021 21:52,6/3/2021 5:41,94,14.3,429,469,167,101,161,40,459,0,91,FALSE
6/1/2021 21:26,6/2/2021 21:52,UTC-05:00,6/1/2021 21:26,6/2/2021 7:16,100,14.1,537,576,249,102,186,39,486,26,93,FALSE
5/31/2021 21:13,6/1/2021 21:26,UTC-05:00,5/31/2021 21:13,6/1/2021 6:30,91,14.2,492,557,285,89,118,65,540,29,88,FALSE
5/30/2021 22:01,5/31/2021 21:13,UTC-05:00,5/30/2021 22:01,5/31/2021 6:25,90,13.9,452,498,146,120,186,46,502,38,90,FALSE
5/29/2021 23:24,5/30/2021 22:01,UTC-05:00,5/29/2021 23:24,5/30/2021 6:54,83,14,422,450,145,102,175,28,510,52,94,FALSE
5/29/2021 1:10,5/29/2021 23:24,UTC-05:00,5/29/2021 1:10,5/29/2021 7:46,77,14.4,370,394,179,74,117,24,478,0,94,FALSE
5/27/2021 22:30,5/29/2021 1:10,UTC-05:00,5/27/2021 22:30,5/28/2021 6:59,100,14.9,486,510,185,95,206,24,467,0,95,FALSE
5/26/2021 21:26,5/27/2021 22:30,UTC-05:00,5/26/2021 21:26,5/27/2021 6:38,100,14.4,500,552,185,108,207,52,500,43,90,FALSE
5/25/2021 21:17,5/26/2021 21:26,UTC-05:00,5/25/2021 21:17,5/26/2021 4:58,81,14.2,411,461,151,95,165,50,505,24,89,FALSE
5/24/2021 22:30,5/25/2021 21:17,UTC-05:00,5/24/2021 22:30,5/25/2021 6:07,89,14.6,427,456,153,96,178,29,481,0,93,FALSE
5/23/2021 21:37,5/24/2021 22:30,UTC-05:00,5/23/2021 21:37,5/24/2021 6:38,100,14.6,495,539,271,88,136,44,463,5,92,FALSE
5/22/2021 22:43,5/23/2021 21:37,UTC-05:00,5/22/2021 22:43,5/23/2021 7:55,98,14.4,506,551,177,132,197,45,514,52,91,FALSE
5/22/2021 0:58,5/22/2021 22:43,UTC-05:00,5/22/2021 0:58,5/22/2021 8:27,77,14.5,378,448,114,95,169,70,493,29,85,FALSE
5/20/2021 21:42,5/22/2021 0:58,UTC-05:00,5/20/2021 21:42,5/21/2021 5:29,87,14.6,434,467,157,95,182,33,499,26,94,FALSE
5/19/2021 22:01,5/20/2021 21:42,UTC-05:00,5/19/2021 22:01,5/20/2021 6:06,91,14.5,432,482,178,102,152,50,475,0,89,FALSE
5/18/2021 21:34,5/19/2021 22:01,UTC-05:00,5/18/2021 21:34,5/19/2021 6:27,100,14.6,488,531,186,106,196,43,469,0,92,FALSE
5/17/2021 20:54,5/18/2021 21:34,UTC-05:00,5/17/2021 20:54,5/18/2021 5:52,100,14.1,479,538,218,110,151,59,395,120,89,FALSE
5/16/2021 22:56,5/17/2021 20:54,UTC-05:00,5/17/2021 5:42,5/17/2021 8:56,32,14.5,183,193,115,34,34,10,577,120,96,TRUE
5/16/2021 22:56,5/17/2021 20:54,UTC-05:00,5/16/2021 22:56,5/17/2021 2:44,47,14.6,196,227,133,28,35,31,416,0,86,FALSE
5/15/2021 22:00,5/16/2021 22:56,UTC-05:00,5/16/2021 12:33,5/16/2021 13:34,12,14.6,54,62,46,8,0,8,470,0,93,TRUE
5/15/2021 22:00,5/16/2021 22:56,UTC-05:00,5/15/2021 22:00,5/16/2021 6:29,100,14.7,477,508,196,108,173,31,468,2,94,FALSE
5/14/2021 21:39,5/15/2021 22:00,UTC-05:00,5/14/2021 21:39,5/15/2021 6:33,99,14.7,493,522,181,120,192,29,499,36,94,FALSE
5/13/2021 22:26,5/14/2021 21:39,UTC-05:00,5/13/2021 22:26,5/14/2021 6:17,84,14.4,436,468,142,114,180,32,522,32,93,FALSE
5/12/2021 22:30,5/13/2021 22:26,UTC-05:00,5/12/2021 22:30,5/13/2021 7:30,89,14.5,497,538,274,103,120,41,559,70,92,FALSE
5/10/2021 21:57,5/11/2021 21:57,UTC-05:00,5/10/2021 21:57,5/11/2021 4:09,69,14.4,343,372,218,42,83,29,500,31,92,FALSE
5/9/2021 22:14,5/10/2021 21:57,UTC-05:00,5/9/2021 22:14,5/10/2021 6:25,86,14.6,437,491,222,93,122,54,507,22,88,FALSE
5/8/2021 21:57,5/9/2021 22:14,UTC-05:00,5/8/2021 21:57,5/9/2021 6:31,90,15.2,462,512,237,94,131,50,515,54,90,FALSE
5/8/2021 2:13,5/8/2021 21:57,UTC-05:00,5/8/2021 2:13,5/8/2021 8:47,76,14.3,348,392,156,77,115,44,459,0,89,FALSE
5/6/2021 22:09,5/8/2021 2:13,UTC-05:00,5/6/2021 22:09,5/7/2021 7:29,100,14.6,489,558,263,103,123,69,479,13,88,FALSE
5/5/2021 22:48,5/6/2021 22:09,UTC-05:00,5/5/2021 22:48,5/6/2021 6:51,94,14.5,435,477,239,43,153,42,464,0,91,FALSE
5/4/2021 22:13,5/5/2021 22:48,UTC-05:00,5/4/2021 22:13,5/5/2021 7:06,100,15,482,532,258,118,106,50,457,0,90,FALSE
5/3/2021 21:55,5/4/2021 22:13,UTC-05:00,5/3/2021 21:55,5/4/2021 7:13,100,14.5,503,557,243,128,132,54,480,0,90,FALSE
5/2/2021 21:50,5/3/2021 21:55,UTC-05:00,5/2/2021 21:50,5/3/2021 6:35,100,14.4,483,525,187,120,176,42,472,8,92,FALSE
5/1/2021 21:58,5/2/2021 21:50,UTC-05:00,5/1/2021 21:58,5/2/2021 7:06,97,14.6,500,547,236,120,144,47,512,27,91,FALSE
4/30/2021 22:06,5/1/2021 21:58,UTC-05:00,4/30/2021 22:06,5/1/2021 5:56,88,14.2,424,464,159,84,181,40,480,20,91,FALSE
4/29/2021 21:37,4/30/2021 22:06,UTC-05:00,4/29/2021 21:37,4/30/2021 5:43,91,14.5,452,486,228,128,96,34,498,18,92,FALSE
4/28/2021 21:52,4/29/2021 21:37,UTC-05:00,4/28/2021 21:52,4/29/2021 5:59,92,14.4,445,487,194,81,170,42,487,29,91,FALSE
4/27/2021 22:32,4/28/2021 21:52,UTC-05:00,4/27/2021 22:32,4/28/2021 6:27,87,14.1,430,474,183,81,166,44,494,18,90,FALSE
4/26/2021 21:23,4/27/2021 22:32,UTC-05:00,4/26/2021 21:23,4/27/2021 5:52,92,14.1,438,487,186,102,150,49,478,11,90,FALSE
4/25/2021 22:15,4/26/2021 21:23,UTC-05:00,4/25/2021 22:15,4/26/2021 6:43,96,14.3,460,507,135,125,200,47,481,20,90,FALSE
4/24/2021 22:00,4/25/2021 22:15,UTC-05:00,4/24/2021 22:00,4/25/2021 6:15,93,14.5,454,493,242,80,132,39,486,0,92,FALSE
4/23/2021 21:54,4/24/2021 22:00,UTC-05:00,4/23/2021 21:54,4/24/2021 6:55,100,14.6,487,527,215,120,152,40,488,29,92,FALSE
4/22/2021 21:37,4/23/2021 21:54,UTC-05:00,4/22/2021 21:37,4/23/2021 5:44,87,14.2,432,487,228,83,121,55,498,23,88,FALSE
4/21/2021 21:39,4/22/2021 21:37,UTC-05:00,4/21/2021 21:39,4/22/2021 6:42,92,14.1,472,542,175,106,191,70,513,32,87,FALSE
4/20/2021 22:10,4/21/2021 21:39,UTC-05:00,4/20/2021 22:10,4/21/2021 5:51,89,14.5,419,459,174,102,143,40,471,14,91,FALSE
4/19/2021 22:40,4/20/2021 22:10,UTC-05:00,4/19/2021 22:40,4/20/2021 6:59,95,14.1,453,498,254,64,135,45,475,0,91,FALSE
4/18/2021 21:48,4/19/2021 22:40,UTC-05:00,4/18/2021 21:48,4/19/2021 7:10,100,14.5,506,560,222,95,189,54,491,17,90,FALSE
4/17/2021 22:40,4/18/2021 21:48,UTC-05:00,4/17/2021 22:40,4/18/2021 7:37,94,13.9,480,537,213,116,151,57,512,54,89,FALSE
4/17/2021 1:57,4/17/2021 22:40,UTC-05:00,4/17/2021 1:57,4/17/2021 8:58,76,13.9,391,421,170,83,138,30,514,47,92,FALSE
4/15/2021 22:11,4/17/2021 1:57,UTC-05:00,4/15/2021 22:11,4/16/2021 5:31,79,14.4,388,440,228,89,71,52,489,29,88,FALSE
4/14/2021 22:27,4/15/2021 22:11,UTC-05:00,4/14/2021 22:27,4/15/2021 6:58,90,14.6,456,510,227,87,142,54,504,32,89,FALSE
4/13/2021 22:31,4/14/2021 22:27,UTC-05:00,4/13/2021 22:31,4/14/2021 6:49,89,14.4,451,498,235,96,120,47,505,46,90,FALSE
4/13/2021 1:58,4/13/2021 22:31,UTC-05:00,4/13/2021 1:58,4/13/2021 9:09,84,14,393,425,134,96,163,32,467,2,92,FALSE
4/11/2021 22:37,4/13/2021 1:58,UTC-05:00,4/11/2021 22:37,4/12/2021 7:38,99,14.7,482,540,246,113,123,58,485,26,89,FALSE
4/10/2021 22:04,4/11/2021 22:37,UTC-05:00,4/10/2021 22:04,4/11/2021 6:45,91,13.9,464,520,171,94,199,56,510,52,89,FALSE
4/9/2021 21:00,4/10/2021 22:04,UTC-05:00,4/9/2021 21:00,4/10/2021 5:52,77,17.4,469,532,293,99,77,63,610,152,88,FALSE
4/8/2021 22:17,4/9/2021 21:00,UTC-05:00,4/8/2021 22:17,4/9/2021 1:57,33,15.3,168,219,97,30,41,51,510,43,76,FALSE
4/7/2021 22:25,4/8/2021 22:17,UTC-05:00,4/7/2021 22:25,4/8/2021 6:16,81,13.7,406,470,211,74,121,64,501,23,86,FALSE
4/6/2021 22:58,4/7/2021 22:25,UTC-05:00,4/6/2021 22:58,4/7/2021 7:03,92,13.6,445,485,189,103,153,40,485,26,91,FALSE
4/5/2021 22:55,4/6/2021 22:58,UTC-05:00,4/5/2021 22:55,4/6/2021 7:40,91,14,476,521,210,114,152,45,521,36,91,FALSE
4/5/2021 0:21,4/5/2021 22:55,UTC-05:00,4/5/2021 0:21,4/5/2021 7:41,84,13.8,399,440,172,83,144,41,473,14,90,FALSE
4/3/2021 23:03,4/5/2021 0:21,UTC-05:00,4/3/2021 23:03,4/4/2021 7:29,95,13.8,468,502,228,87,153,34,494,36,93,FALSE
4/2/2021 22:07,4/3/2021 23:03,UTC-05:00,4/2/2021 22:07,4/3/2021 5:59,84,14.2,423,459,227,60,136,36,505,20,92,FALSE
4/1/2021 22:31,4/2/2021 22:07,UTC-05:00,4/1/2021 22:31,4/2/2021 6:50,93,13.7,446,496,187,103,156,50,481,22,89,FALSE
3/31/2021 22:19,4/1/2021 22:31,UTC-05:00,3/31/2021 22:19,4/1/2021 7:03,90,14.1,474,508,194,123,157,34,527,70,93,FALSE
3/31/2021 1:09,3/31/2021 22:19,UTC-05:00,3/31/2021 1:09,3/31/2021 7:09,69,13.9,331,358,182,64,85,27,481,0,92,FALSE
3/29/2021 22:42,3/31/2021 1:09,UTC-05:00,3/29/2021 22:42,3/30/2021 7:25,100,14.2,476,522,178,92,206,46,473,14,91,FALSE
3/28/2021 21:30,3/29/2021 22:42,UTC-05:00,3/28/2021 21:30,3/29/2021 5:29,95,14,439,478,244,73,122,39,464,0,91,FALSE
3/27/2021 22:24,3/28/2021 21:30,UTC-05:00,3/27/2021 22:24,3/28/2021 6:53,100,14,461,508,189,113,159,47,458,0,90,FALSE
3/26/2021 22:50,3/27/2021 22:24,UTC-05:00,3/26/2021 22:50,3/27/2021 7:24,100,13.8,470,514,205,89,176,44,457,0,91,FALSE
3/25/2021 22:09,3/26/2021 22:50,UTC-05:00,3/25/2021 22:09,3/26/2021 7:19,100,13.7,499,549,306,74,119,50,476,17,90,FALSE
3/24/2021 21:16,3/25/2021 22:09,UTC-05:00,3/24/2021 21:16,3/25/2021 7:32,94,14,487,615,333,79,75,128,518,61,79,FALSE
3/24/2021 0:05,3/24/2021 21:16,UTC-05:00,3/24/2021 0:05,3/24/2021 6:54,73,13.6,350,408,190,49,111,58,478,20,85,FALSE
3/22/2021 21:36,3/24/2021 0:05,UTC-05:00,3/22/2021 21:36,3/23/2021 6:27,91,13.7,447,531,272,85,90,84,489,29,84,FALSE
3/21/2021 22:20,3/22/2021 21:36,UTC-05:00,3/21/2021 22:20,3/22/2021 6:17,87,13.6,402,464,139,103,160,62,463,0,87,FALSE
3/20/2021 22:28,3/21/2021 22:20,UTC-05:00,3/20/2021 22:28,3/21/2021 7:20,100,14.1,495,528,217,102,176,33,473,0,93,FALSE
3/19/2021 22:11,3/20/2021 22:28,UTC-05:00,3/19/2021 22:11,3/20/2021 7:33,100,14.1,527,562,209,129,189,35,489,22,93,FALSE
3/18/2021 23:27,3/19/2021 22:11,UTC-05:00,3/18/2021 23:27,3/19/2021 7:43,90,13.9,450,495,254,83,113,45,498,8,90,FALSE
3/17/2021 23:13,3/18/2021 23:27,UTC-05:00,3/17/2021 23:13,3/18/2021 7:29,97,14.1,451,487,110,107,234,36,465,0,92,FALSE
3/16/2021 21:07,3/17/2021 22:13,UTC-06:00,3/16/2021 21:07,3/17/2021 6:17,100,14.2,483,550,242,100,141,67,471,0,87,FALSE
3/15/2021 20:38,3/16/2021 21:07,UTC-06:00,3/15/2021 20:38,3/16/2021 6:22,100,14.3,536,581,272,115,149,45,476,0,92,FALSE
3/14/2021 21:17,3/15/2021 20:38,UTC-06:00,3/14/2021 21:17,3/15/2021 6:54,100,14.1,548,577,273,120,155,29,473,15,94,FALSE
3/13/2021 22:00,3/14/2021 21:17,UTC-06:00,3/13/2021 22:00,3/14/2021 6:45,93,14,479,521,200,110,169,42,516,34,91,FALSE
3/12/2021 23:28,3/13/2021 22:00,UTC-06:00,3/12/2021 23:28,3/13/2021 7:27,85,14,423,452,267,58,98,29,501,22,93,FALSE
3/11/2021 22:43,3/12/2021 23:28,UTC-06:00,3/11/2021 22:43,3/12/2021 6:59,90,14.1,456,496,274,59,123,40,504,22,91,FALSE
3/10/2021 22:43,3/11/2021 22:43,UTC-06:00,3/10/2021 22:43,3/11/2021 6:40,90,14.2,411,476,153,95,163,65,458,0,86,FALSE
3/9/2021 22:50,3/10/2021 22:43,UTC-06:00,3/9/2021 22:50,3/10/2021 8:11,100,14.2,520,561,267,100,153,41,475,0,92,FALSE
3/8/2021 21:10,3/9/2021 22:50,UTC-06:00,3/8/2021 21:10,3/9/2021 6:29,100,14,506,558,295,83,128,52,484,0,90,FALSE
3/7/2021 21:55,3/8/2021 21:10,UTC-06:00,3/7/2021 21:55,3/8/2021 7:24,100,13.8,527,568,210,114,203,41,458,0,92,FALSE
3/6/2021 22:10,3/7/2021 21:55,UTC-06:00,3/6/2021 22:10,3/7/2021 7:32,100,13.8,518,561,223,115,180,43,469,0,92,FALSE
3/5/2021 22:01,3/6/2021 22:10,UTC-06:00,3/5/2021 22:01,3/6/2021 7:28,100,13.9,515,565,199,124,192,50,496,38,91,FALSE
3/4/2021 22:13,3/5/2021 22:01,UTC-06:00,3/4/2021 22:13,3/5/2021 6:12,83,13.9,410,479,171,91,148,69,493,20,85,FALSE
3/3/2021 22:31,3/4/2021 22:13,UTC-06:00,3/3/2021 22:31,3/4/2021 6:40,91,14,432,479,207,90,135,47,477,0,90,FALSE
3/2/2021 22:30,3/3/2021 22:31,UTC-06:00,3/2/2021 22:30,3/3/2021 7:20,100,13.8,481,529,158,135,188,48,462,0,90,FALSE
3/1/2021 22:03,3/2/2021 22:30,UTC-06:00,3/1/2021 22:03,3/2/2021 6:42,100,13.9,483,515,191,122,170,32,469,8,93,FALSE
2/28/2021 23:08,3/1/2021 22:03,UTC-06:00,2/28/2021 23:08,3/1/2021 7:35,97,13.8,452,506,196,86,170,54,465,8,89,FALSE
2/27/2021 22:39,2/28/2021 23:08,UTC-06:00,2/27/2021 22:39,2/28/2021 6:54,97,14.1,449,495,177,120,152,46,464,0,90,FALSE
2/26/2021 21:49,2/27/2021 22:39,UTC-06:00,2/26/2021 21:49,2/27/2021 6:50,100,13.9,505,540,224,89,192,35,467,0,93,FALSE
2/25/2021 21:34,2/26/2021 21:49,UTC-06:00,2/25/2021 21:34,2/26/2021 6:52,100,13.9,497,557,220,114,163,60,465,5,89,FALSE
2/24/2021 22:09,2/25/2021 22:34,UTC-05:00,2/24/2021 22:09,2/25/2021 6:51,98,14.1,471,522,281,88,102,51,480,0,90,FALSE
2/23/2021 22:21,2/24/2021 22:09,UTC-05:00,2/23/2021 22:21,2/24/2021 6:50,100,13.9,487,505,267,71,149,18,462,0,96,FALSE
2/22/2021 21:57,2/23/2021 22:21,UTC-05:00,2/22/2021 21:57,2/23/2021 6:40,100,13.9,492,522,305,98,89,30,491,20,94,FALSE
2/21/2021 22:37,2/22/2021 21:57,UTC-05:00,2/21/2021 22:37,2/22/2021 6:56,93,14,467,499,188,116,163,32,503,45,93,FALSE
2/20/2021 23:36,2/21/2021 21:37,UTC-06:00,2/20/2021 23:36,2/21/2021 6:10,80,13.7,367,393,211,66,90,26,462,0,93,FALSE
2/19/2021 22:39,2/20/2021 23:36,UTC-06:00,2/19/2021 22:39,2/20/2021 8:08,100,13.8,523,569,245,128,150,46,501,17,92,FALSE
2/18/2021 22:43,2/19/2021 22:39,UTC-06:00,2/18/2021 22:43,2/19/2021 6:59,94,13.7,450,496,228,66,156,46,479,17,90,FALSE
2/17/2021 23:18,2/18/2021 22:43,UTC-06:00,2/17/2021 23:18,2/18/2021 7:56,94,13.7,464,513,157,99,208,49,492,22,90,FALSE
2/16/2021 23:27,2/17/2021 23:18,UTC-06:00,2/16/2021 23:27,2/17/2021 7:24,90,13.4,436,475,159,104,173,39,486,24,92,FALSE
2/16/2021 0:22,2/16/2021 23:27,UTC-06:00,2/16/2021 0:22,2/16/2021 8:10,89,13.5,426,456,200,92,134,30,476,0,93,FALSE
2/14/2021 22:54,2/16/2021 0:22,UTC-06:00,2/14/2021 22:54,2/15/2021 6:34,100,14,434,459,161,82,191,25,418,72,94,FALSE
2/13/2021 21:52,2/14/2021 22:54,UTC-06:00,2/14/2021 15:26,2/14/2021 17:21,21,15,114,115,41,15,58,1,530,72,100,TRUE
2/13/2021 21:52,2/14/2021 22:54,UTC-06:00,2/13/2021 21:52,2/14/2021 3:41,68,13.9,310,349,112,63,135,39,459,0,89,FALSE
2/12/2021 22:59,2/13/2021 21:52,UTC-06:00,2/12/2021 22:59,2/13/2021 7:49,100,13.7,468,528,161,122,185,60,470,0,88,FALSE
2/11/2021 22:18,2/12/2021 22:59,UTC-06:00,2/11/2021 22:18,2/12/2021 7:21,100,14.1,483,538,220,93,170,55,472,8,89,FALSE
2/10/2021 22:00,2/11/2021 22:18,UTC-06:00,2/10/2021 22:00,2/11/2021 6:16,97,13.9,460,493,218,90,152,33,476,11,93,FALSE
2/9/2021 22:31,2/10/2021 22:00,UTC-06:00,2/9/2021 22:31,2/10/2021 7:19,96,13.8,469,528,253,104,112,59,489,0,89,FALSE
2/8/2021 22:23,2/9/2021 22:31,UTC-06:00,2/8/2021 22:23,2/9/2021 7:40,100,13.8,523,557,167,120,236,34,461,0,94,FALSE
2/7/2021 21:37,2/8/2021 22:23,UTC-06:00,2/7/2021 21:37,2/8/2021 7:51,100,13.7,580,612,204,136,240,32,535,72,94,FALSE
2/6/2021 22:11,2/7/2021 21:37,UTC-06:00,2/6/2021 22:11,2/7/2021 3:59,68,13.7,330,348,133,76,121,18,488,27,95,FALSE
2/5/2021 23:54,2/6/2021 22:11,UTC-06:00,2/5/2021 23:54,2/6/2021 7:25,88,14.2,410,449,206,88,116,39,464,0,91,FALSE
2/4/2021 21:56,2/5/2021 23:54,UTC-06:00,2/4/2021 21:56,2/5/2021 7:37,100,13.9,545,580,189,122,234,35,462,0,93,FALSE
2/3/2021 22:56,2/4/2021 21:56,UTC-06:00,2/3/2021 22:56,2/4/2021 7:56,100,13.9,479,539,190,93,196,60,477,0,88,FALSE
2/2/2021 22:12,2/3/2021 22:56,UTC-06:00,2/2/2021 22:12,2/3/2021 7:09,100,13.7,501,536,245,78,178,35,458,0,93,FALSE
2/1/2021 21:52,2/2/2021 22:12,UTC-06:00,2/1/2021 21:52,2/2/2021 6:34,100,14.1,489,521,158,127,204,32,477,0,94,FALSE
1/31/2021 19:52,2/1/2021 21:52,UTC-06:00,1/31/2021 19:52,2/1/2021 6:48,100,14.2,604,655,266,144,194,51,587,129,92,FALSE
1/31/2021 2:04,1/31/2021 19:52,UTC-06:00,1/31/2021 2:04,1/31/2021 5:37,43,13.7,209,213,87,41,81,4,491,34,98,FALSE
1/30/2021 0:48,1/31/2021 2:04,UTC-06:00,1/30/2021 0:48,1/30/2021 8:10,85,13.9,420,441,281,60,79,21,494,17,95,FALSE
1/28/2021 23:22,1/30/2021 0:48,UTC-06:00,1/28/2021 23:22,1/29/2021 7:44,94,13.7,452,501,232,53,167,49,479,17,90,FALSE
1/27/2021 23:07,1/28/2021 23:22,UTC-06:00,1/27/2021 23:07,1/28/2021 7:43,94,13.8,455,514,196,105,154,59,483,0,88,FALSE
1/26/2021 23:07,1/27/2021 23:07,UTC-06:00,1/26/2021 23:07,1/27/2021 7:51,100,13.8,477,524,185,90,202,47,462,0,91,FALSE
1/25/2021 23:05,1/26/2021 23:07,UTC-06:00,1/25/2021 23:05,1/26/2021 9:07,100,14.6,533,587,264,106,163,54,464,0,90,FALSE
1/24/2021 22:20,1/25/2021 23:05,UTC-06:00,1/24/2021 22:20,1/25/2021 8:39,100,13.9,560,618,185,138,237,58,557,99,90,FALSE
1/23/2021 23:40,1/24/2021 22:20,UTC-06:00,1/23/2021 23:40,1/24/2021 4:29,56,14.3,277,289,124,44,109,12,493,34,95,FALSE
1/23/2021 0:46,1/23/2021 23:40,UTC-06:00,1/23/2021 0:46,1/23/2021 8:05,85,14.1,401,434,189,96,116,33,471,0,92,FALSE
1/21/2021 22:43,1/23/2021 0:46,UTC-06:00,1/21/2021 22:43,1/22/2021 8:14,100,13.9,534,571,265,115,154,37,464,0,93,FALSE
1/20/2021 21:35,1/21/2021 22:43,UTC-06:00,1/20/2021 21:35,1/21/2021 7:47,100,13.9,536,611,243,117,176,75,466,0,87,FALSE
1/19/2021 23:36,1/20/2021 21:35,UTC-06:00,1/19/2021 23:36,1/20/2021 7:39,100,13.8,466,479,233,90,143,13,464,0,97,FALSE
1/18/2021 22:59,1/19/2021 23:36,UTC-06:00,1/18/2021 22:59,1/19/2021 7:19,100,13.6,478,500,207,88,183,22,463,0,96,FALSE
1/17/2021 22:58,1/18/2021 22:59,UTC-06:00,1/17/2021 22:58,1/18/2021 7:56,100,13.8,494,538,214,99,181,44,458,0,91,FALSE
1/16/2021 23:23,1/17/2021 22:58,UTC-06:00,1/16/2021 23:23,1/17/2021 8:27,100,13.9,499,542,262,78,159,43,426,34,92,FALSE
1/16/2021 0:25,1/16/2021 23:23,UTC-06:00,1/16/2021 12:30,1/16/2021 13:44,14,14.2,66,73,49,11,6,7,492,34,91,TRUE
1/16/2021 0:25,1/16/2021 23:23,UTC-06:00,1/16/2021 0:25,1/16/2021 8:20,85,13.8,420,475,208,81,131,55,496,5,88,FALSE
1/14/2021 23:11,1/16/2021 0:25,UTC-06:00,1/14/2021 23:11,1/15/2021 7:29,98,13.9,454,498,207,63,184,44,464,2,91,FALSE
1/13/2021 23:05,1/14/2021 23:11,UTC-06:00,1/13/2021 23:05,1/14/2021 7:23,99,13.8,459,496,214,97,148,37,464,0,92,FALSE
1/12/2021 22:51,1/13/2021 23:05,UTC-06:00,1/12/2021 22:51,1/13/2021 8:14,100,13.8,515,562,238,91,186,47,463,0,91,FALSE
1/11/2021 23:16,1/12/2021 22:51,UTC-06:00,1/11/2021 23:16,1/12/2021 7:46,100,13.8,470,506,227,68,175,36,468,0,92,FALSE
1/10/2021 22:26,1/11/2021 23:16,UTC-06:00,1/10/2021 22:26,1/11/2021 8:50,100,13.8,580,623,241,119,220,43,498,38,93,FALSE
1/10/2021 0:34,1/10/2021 22:26,UTC-06:00,1/10/2021 0:34,1/10/2021 7:39,83,14,397,423,228,84,85,26,477,0,94,FALSE
1/8/2021 22:48,1/10/2021 0:34,UTC-06:00,1/8/2021 22:48,1/9/2021 7:28,100,13.9,479,516,226,95,158,37,476,0,92,FALSE
1/7/2021 22:01,1/8/2021 22:48,UTC-06:00,1/7/2021 22:01,1/8/2021 7:50,100,14,558,589,243,118,197,31,480,13,94,FALSE
1/6/2021 22:57,1/7/2021 22:01,UTC-06:00,1/6/2021 22:57,1/7/2021 6:47,94,13.9,430,470,130,96,204,40,457,0,91,FALSE
1/5/2021 22:31,1/6/2021 22:57,UTC-06:00,1/5/2021 22:31,1/6/2021 7:46,100,13.8,491,554,201,78,212,63,487,0,90,FALSE
1/4/2021 23:01,1/5/2021 22:31,UTC-06:00,1/4/2021 23:01,1/5/2021 8:13,100,13.7,515,545,274,88,153,30,461,0,95,FALSE
1/3/2021 22:35,1/4/2021 23:01,UTC-06:00,1/3/2021 22:35,1/4/2021 7:52,100,13.8,525,557,173,115,237,32,512,54,94,FALSE
1/3/2021 2:57,1/3/2021 22:35,UTC-06:00,1/3/2021 2:57,1/3/2021 9:27,76,14.1,359,389,130,87,142,30,474,0,92,FALSE
1/1/2021 21:29,1/3/2021 2:57,UTC-06:00,1/1/2021 21:29,1/2/2021 7:03,100,14.1,522,573,252,116,154,51,460,0,91,FALSE
1/1/2021 1:32,1/1/2021 21:29,UTC-06:00,1/1/2021 1:32,1/1/2021 10:38,100,14.2,493,545,208,127,158,52,479,0,90,FALSE
12/30/2020 23:06,1/1/2021 1:32,UTC-06:00,12/30/2020 23:06,12/31/2020 7:23,100,13.9,466,496,215,118,133,30,458,0,94,FALSE
12/29/2020 22:43,12/30/2020 23:06,UTC-06:00,12/29/2020 22:43,12/30/2020 7:26,100,13.8,488,520,252,78,158,32,462,0,93,FALSE
12/28/2020 22:40,12/29/2020 22:43,UTC-06:00,12/28/2020 22:40,12/29/2020 8:06,100,13.7,520,565,231,126,163,45,481,0,91,FALSE
12/27/2020 22:00,12/28/2020 22:40,UTC-06:00,12/27/2020 22:00,12/28/2020 7:31,100,13.7,529,570,123,139,267,41,470,5,93,FALSE
12/26/2020 23:04,12/27/2020 22:00,UTC-06:00,12/26/2020 23:04,12/27/2020 7:26,98,13.7,480,498,191,98,191,18,490,0,96,FALSE
12/25/2020 21:58,12/26/2020 23:04,UTC-06:00,12/25/2020 21:58,12/26/2020 6:54,100,13.7,482,535,236,94,152,53,474,14,90,FALSE
12/24/2020 22:36,12/25/2020 21:58,UTC-06:00,12/24/2020 22:36,12/25/2020 6:49,95,13.8,468,493,198,105,165,25,491,34,95,FALSE
12/23/2020 23:33,12/24/2020 22:36,UTC-06:00,12/23/2020 23:33,12/24/2020 6:44,85,14.1,409,430,185,84,140,21,479,0,95,FALSE
12/22/2020 22:05,12/23/2020 23:33,UTC-06:00,12/22/2020 22:05,12/23/2020 7:11,100,14.4,501,545,265,100,136,44,463,0,92,FALSE
12/21/2020 22:31,12/22/2020 22:05,UTC-06:00,12/21/2020 22:31,12/22/2020 7:28,100,13.9,479,535,262,90,127,56,475,0,89,FALSE
12/20/2020 22:24,12/21/2020 22:31,UTC-06:00,12/20/2020 22:24,12/21/2020 7:53,100,13.9,537,569,248,95,194,32,488,29,94,FALSE
12/19/2020 23:44,12/20/2020 22:24,UTC-06:00,12/19/2020 23:44,12/20/2020 8:19,87,14.4,477,512,166,99,212,35,546,61,93,FALSE
12/19/2020 2:39,12/19/2020 23:44,UTC-06:00,12/19/2020 2:39,12/19/2020 9:02,73,14.4,352,380,178,65,109,28,479,0,92,FALSE
12/17/2020 22:38,12/19/2020 2:39,UTC-06:00,12/17/2020 22:38,12/18/2020 6:59,100,13.8,476,500,191,105,180,24,462,0,95,FALSE
12/16/2020 21:47,12/17/2020 22:38,UTC-06:00,12/16/2020 21:47,12/17/2020 7:29,100,14.2,526,582,292,84,150,56,466,0,90,FALSE
12/15/2020 22:44,12/16/2020 21:47,UTC-06:00,12/15/2020 22:44,12/16/2020 7:57,100,13.9,524,553,272,86,166,29,491,0,94,FALSE
12/14/2020 22:20,12/15/2020 22:44,UTC-06:00,12/14/2020 22:20,12/15/2020 7:39,100,13.7,521,559,173,107,241,38,490,29,93,FALSE
12/14/2020 0:34,12/14/2020 22:20,UTC-06:00,12/14/2020 0:34,12/14/2020 8:35,87,14,466,481,168,110,188,15,536,77,96,FALSE
12/13/2020 2:24,12/14/2020 0:34,UTC-06:00,12/13/2020 2:24,12/13/2020 8:53,66,14.9,368,388,195,63,110,20,556,65,94,FALSE
12/12/2020 1:18,12/13/2020 2:24,UTC-06:00,12/12/2020 1:18,12/12/2020 7:05,71,14.2,336,346,167,50,119,10,477,0,97,FALSE
12/10/2020 22:53,12/12/2020 1:18,UTC-06:00,12/10/2020 22:53,12/11/2020 7:48,100,13.9,495,535,220,104,171,40,465,5,92,FALSE
12/9/2020 22:47,12/10/2020 22:53,UTC-06:00,12/9/2020 22:47,12/10/2020 6:55,98,14,449,488,186,107,156,39,458,0,92,FALSE
12/8/2020 23:02,12/9/2020 22:47,UTC-06:00,12/8/2020 23:02,12/9/2020 7:59,100,14,490,534,208,95,187,44,489,8,91,FALSE
12/7/2020 22:51,12/8/2020 23:02,UTC-06:00,12/7/2020 22:51,12/8/2020 7:06,97,13.8,471,494,191,100,180,23,483,0,95,FALSE
12/6/2020 21:48,12/7/2020 22:51,UTC-06:00,12/6/2020 21:48,12/7/2020 7:48,100,13.9,549,599,254,87,208,50,459,0,91,FALSE
12/5/2020 23:21,12/6/2020 21:48,UTC-06:00,12/5/2020 23:21,12/6/2020 8:19,100,13.9,492,533,206,104,182,41,477,18,92,FALSE
12/5/2020 1:06,12/5/2020 23:21,UTC-06:00,12/5/2020 1:06,12/5/2020 8:59,92,14.4,449,473,222,102,125,24,486,0,94,FALSE
12/3/2020 22:57,12/5/2020 1:06,UTC-06:00,12/3/2020 22:57,12/4/2020 7:31,100,14.2,478,513,217,104,157,35,468,0,93,FALSE
12/2/2020 23:12,12/3/2020 22:57,UTC-06:00,12/2/2020 23:12,12/3/2020 7:58,100,14.2,489,526,251,66,172,37,484,0,93,FALSE
12/2/2020 0:01,12/2/2020 23:12,UTC-06:00,12/2/2020 0:01,12/2/2020 9:22,100,13.9,524,557,214,118,192,33,479,0,93,FALSE
11/30/2020 22:26,12/2/2020 0:01,UTC-06:00,11/30/2020 22:26,12/1/2020 7:33,100,13.6,512,535,200,138,174,23,510,40,95,FALSE
11/29/2020 22:05,11/30/2020 22:26,UTC-06:00,11/29/2020 22:05,11/30/2020 5:23,82,14.1,394,437,178,88,128,43,484,22,90,FALSE
11/29/2020 0:42,11/29/2020 22:05,UTC-06:00,11/29/2020 0:42,11/29/2020 9:32,90,14.1,479,510,292,84,103,31,531,43,93,FALSE
11/28/2020 0:44,11/29/2020 0:42,UTC-06:00,11/28/2020 0:44,11/28/2020 8:16,81,14.1,401,451,173,95,133,50,495,8,88,FALSE
11/27/2020 0:20,11/28/2020 0:44,UTC-06:00,11/27/2020 0:20,11/27/2020 8:47,97,14.2,466,506,158,108,200,40,478,0,92,FALSE
11/25/2020 22:44,11/27/2020 0:20,UTC-06:00,11/25/2020 22:44,11/26/2020 7:26,100,14.4,487,517,212,114,161,30,476,17,94,FALSE
11/24/2020 23:58,11/25/2020 22:44,UTC-06:00,11/24/2020 23:58,11/25/2020 8:08,94,14.4,455,489,187,87,181,34,486,0,94,FALSE
11/23/2020 21:55,11/24/2020 23:58,UTC-06:00,11/23/2020 21:55,11/24/2020 7:44,100,14.5,554,589,283,104,167,35,548,77,94,FALSE
11/23/2020 0:56,11/23/2020 21:55,UTC-06:00,11/23/2020 0:56,11/23/2020 6:18,66,14.4,303,322,180,30,93,19,459,0,94,FALSE
11/22/2020 0:06,11/23/2020 0:56,UTC-06:00,11/22/2020 0:06,11/22/2020 9:22,100,15.3,514,555,246,117,151,41,472,72,92,FALSE
11/21/2020 2:34,11/22/2020 0:06,UTC-06:00,11/21/2020 16:07,11/21/2020 17:20,13,15.9,72,72,46,0,26,0,540,72,100,TRUE
11/21/2020 2:34,11/22/2020 0:06,UTC-06:00,11/21/2020 2:34,11/21/2020 8:06,68,13.9,314,332,130,60,124,18,460,0,94,FALSE
11/19/2020 22:47,11/21/2020 2:34,UTC-06:00,11/19/2020 22:47,11/20/2020 7:32,100,14.6,487,524,278,74,135,37,486,5,93,FALSE
11/18/2020 23:53,11/19/2020 22:47,UTC-06:00,11/18/2020 23:53,11/19/2020 8:09,98,14,450,487,210,97,143,37,460,0,92,FALSE
11/16/2020 22:36,11/17/2020 20:50,UTC-06:00,11/17/2020 20:50,11/18/2020 7:45,100,14.1,606,655,309,130,167,49,404,88,92,FALSE
11/16/2020 22:36,11/17/2020 20:50,UTC-06:00,11/17/2020 7:26,11/17/2020 9:58,27,14.4,147,152,105,16,26,5,545,88,96,TRUE
11/16/2020 22:36,11/17/2020 20:50,UTC-06:00,11/16/2020 22:36,11/17/2020 3:45,61,14.1,297,308,164,32,101,11,483,0,96,FALSE
11/16/2020 0:08,11/16/2020 22:36,UTC-06:00,11/16/2020 0:08,11/16/2020 9:14,100,13.8,522,545,163,93,266,23,471,0,95,FALSE
11/14/2020 22:37,11/16/2020 0:08,UTC-06:00,11/14/2020 22:37,11/15/2020 8:49,100,13.4,577,612,192,140,245,35,462,0,94,FALSE
11/13/2020 21:34,11/14/2020 22:37,UTC-06:00,11/13/2020 21:34,11/14/2020 5:59,100,13.7,471,504,202,96,173,33,458,0,93,FALSE
11/12/2020 21:56,11/13/2020 21:34,UTC-06:00,11/12/2020 21:56,11/13/2020 7:45,100,13.5,505,588,285,91,129,83,470,11,85,FALSE
11/11/2020 21:48,11/12/2020 21:56,UTC-06:00,11/11/2020 21:48,11/12/2020 6:55,96,13.5,458,547,244,87,127,89,478,20,83,FALSE
11/10/2020 22:00,11/11/2020 21:48,UTC-06:00,11/10/2020 22:00,11/11/2020 6:02,93,13,444,482,139,113,192,38,480,17,92,FALSE
11/9/2020 22:22,11/10/2020 22:00,UTC-06:00,11/9/2020 22:22,11/10/2020 6:47,94,13.7,440,505,202,76,162,65,469,0,87,FALSE
11/8/2020 21:53,11/9/2020 22:22,UTC-06:00,11/8/2020 21:53,11/9/2020 6:58,100,13.3,501,544,155,104,242,43,458,0,92,FALSE
11/7/2020 22:22,11/8/2020 21:53,UTC-06:00,11/7/2020 22:22,11/8/2020 8:13,100,13.9,535,590,198,113,224,55,423,50,90,FALSE
11/7/2020 1:18,11/7/2020 22:22,UTC-06:00,11/7/2020 11:00,11/7/2020 12:25,17,15.6,84,84,51,8,25,0,507,50,100,TRUE
11/7/2020 1:18,11/7/2020 22:22,UTC-06:00,11/7/2020 1:18,11/7/2020 8:49,78,15.2,388,450,142,45,201,62,500,17,86,FALSE
11/5/2020 22:42,11/7/2020 1:18,UTC-06:00,11/5/2020 22:42,11/6/2020 7:17,94,14.2,471,515,178,94,199,44,499,0,91,FALSE
11/4/2020 21:57,11/5/2020 22:42,UTC-06:00,11/4/2020 21:57,11/5/2020 7:41,100,14.2,534,583,202,128,204,49,492,23,91,FALSE
11/3/2020 23:00,11/4/2020 21:57,UTC-06:00,11/3/2020 23:00,11/4/2020 7:52,92,14.6,486,532,132,97,257,46,527,61,91,FALSE
11/3/2020 1:13,11/3/2020 23:00,UTC-06:00,11/3/2020 1:13,11/3/2020 8:20,73,14.5,409,426,182,64,163,17,563,77,96,FALSE
11/2/2020 1:15,11/3/2020 1:13,UTC-06:00,11/2/2020 1:15,11/2/2020 7:34,66,14,315,379,98,80,137,64,475,0,83,FALSE
10/31/2020 21:46,11/2/2020 2:15,UTC-05:00,10/31/2020 21:46,11/1/2020 7:31,100,14.3,556,584,205,110,241,28,480,22,95,FALSE
10/30/2020 21:48,10/31/2020 21:46,UTC-05:00,10/30/2020 21:48,10/31/2020 5:59,90,14.4,459,491,163,98,198,32,512,27,93,FALSE
10/29/2020 23:18,10/30/2020 21:48,UTC-05:00,10/29/2020 23:18,10/30/2020 7:45,88,14.4,448,507,167,88,193,59,512,29,89,FALSE
10/29/2020 0:09,10/29/2020 23:18,UTC-05:00,10/29/2020 0:09,10/29/2020 8:00,87,14.9,408,470,196,100,112,62,469,2,86,FALSE
10/27/2020 22:10,10/29/2020 0:09,UTC-05:00,10/27/2020 22:10,10/28/2020 6:59,99,14.1,498,529,191,92,215,31,501,32,94,FALSE
10/26/2020 23:16,10/27/2020 22:10,UTC-05:00,10/26/2020 23:16,10/27/2020 7:18,89,14.1,442,482,210,85,147,40,496,0,91,FALSE
10/25/2020 21:44,10/26/2020 23:16,UTC-05:00,10/25/2020 21:44,10/26/2020 7:29,100,14.7,538,585,259,96,183,47,510,52,92,FALSE
10/25/2020 2:23,10/25/2020 21:44,UTC-05:00,10/25/2020 2:23,10/25/2020 10:08,77,14.7,401,464,154,75,172,63,519,26,86,FALSE
10/23/2020 22:36,10/25/2020 2:23,UTC-05:00,10/23/2020 22:36,10/24/2020 6:40,91,14.5,448,484,192,106,150,36,491,20,92,FALSE
10/22/2020 21:26,10/23/2020 22:36,UTC-05:00,10/22/2020 21:26,10/23/2020 5:44,93,14.2,442,498,195,74,173,56,477,45,88,FALSE
10/21/2020 22:05,10/22/2020 21:26,UTC-05:00,10/22/2020 12:20,10/22/2020 13:29,13,14.6,65,69,48,12,5,4,504,45,94,TRUE
10/21/2020 22:05,10/22/2020 21:26,UTC-05:00,10/21/2020 22:05,10/22/2020 5:32,80,14.5,407,447,214,80,113,40,511,23,90,FALSE
10/20/2020 23:23,10/21/2020 22:05,UTC-05:00,10/20/2020 23:23,10/21/2020 7:38,92,14.4,457,494,177,96,184,37,496,0,92,FALSE
10/19/2020 23:06,10/20/2020 23:23,UTC-05:00,10/19/2020 23:06,10/20/2020 7:40,100,14.3,479,513,175,113,191,34,473,0,93,FALSE
10/18/2020 20:56,10/19/2020 23:06,UTC-05:00,10/18/2020 20:56,10/19/2020 7:16,100,14.6,568,619,213,144,211,51,484,88,91,FALSE
10/18/2020 1:46,10/18/2020 20:56,UTC-05:00,10/18/2020 13:23,10/18/2020 14:26,12,14.6,63,63,50,13,0,0,546,88,100,TRUE
10/18/2020 1:46,10/18/2020 20:56,UTC-05:00,10/18/2020 1:46,10/18/2020 7:53,61,14.7,324,366,166,78,80,42,535,52,88,FALSE
10/17/2020 0:02,10/18/2020 1:46,UTC-05:00,10/17/2020 0:02,10/17/2020 7:41,77,14.1,401,459,194,109,98,58,518,29,87,FALSE
10/15/2020 21:09,10/17/2020 0:02,UTC-05:00,10/15/2020 21:09,10/16/2020 5:17,87,14.6,443,487,212,90,141,44,512,27,90,FALSE
10/14/2020 23:32,10/15/2020 21:09,UTC-05:00,10/14/2020 23:32,10/15/2020 7:22,88,14.5,440,469,221,80,139,29,501,22,93,FALSE
10/13/2020 22:47,10/14/2020 23:32,UTC-05:00,10/13/2020 22:47,10/14/2020 6:56,90,14,441,488,218,78,145,47,491,0,90,FALSE
10/12/2020 21:31,10/13/2020 22:47,UTC-05:00,10/12/2020 21:31,10/13/2020 8:00,100,14.3,553,628,278,105,170,75,482,0,88,FALSE
10/11/2020 23:02,10/12/2020 21:31,UTC-05:00,10/11/2020 23:02,10/12/2020 7:14,100,14.5,464,492,224,82,158,28,466,8,94,FALSE
10/10/2020 22:43,10/11/2020 23:02,UTC-05:00,10/10/2020 22:43,10/11/2020 8:37,97,14.5,534,594,234,114,186,60,552,61,89,FALSE
10/10/2020 1:22,10/10/2020 22:43,UTC-05:00,10/10/2020 1:22,10/10/2020 7:40,73,14.9,352,377,178,67,107,25,482,0,93,FALSE
10/8/2020 22:16,10/10/2020 1:22,UTC-05:00,10/8/2020 22:16,10/9/2020 8:05,100,14.4,525,588,149,122,254,63,475,15,89,FALSE
10/7/2020 23:46,10/8/2020 22:16,UTC-05:00,10/7/2020 23:46,10/8/2020 8:12,93,14.4,456,506,256,84,116,50,492,0,90,FALSE
10/6/2020 21:34,10/7/2020 23:46,UTC-05:00,10/6/2020 21:34,10/7/2020 7:52,100,14.4,587,618,242,134,211,31,484,0,95,FALSE
10/5/2020 22:29,10/6/2020 21:34,UTC-05:00,10/5/2020 22:29,10/6/2020 7:32,100,14.4,500,543,284,104,112,43,485,0,92,FALSE
10/4/2020 21:45,10/5/2020 22:29,UTC-05:00,10/4/2020 21:45,10/5/2020 7:53,100,14.2,556,607,195,135,226,51,538,61,91,FALSE
10/4/2020 2:01,10/4/2020 21:45,UTC-05:00,10/4/2020 2:01,10/4/2020 8:19,73,14.6,354,378,165,78,111,24,484,0,93,FALSE
10/2/2020 23:24,10/4/2020 2:01,UTC-05:00,10/2/2020 23:24,10/3/2020 8:24,100,14.9,514,540,247,106,161,26,467,8,95,FALSE
10/1/2020 23:23,10/2/2020 23:24,UTC-05:00,10/1/2020 23:23,10/2/2020 7:55,97,14.4,461,512,183,106,172,51,475,2,90,FALSE
9/30/2020 22:21,10/1/2020 23:23,UTC-05:00,9/30/2020 22:21,10/1/2020 7:19,99,14.8,487,537,188,99,200,50,492,23,90,FALSE
9/29/2020 23:42,9/30/2020 22:21,UTC-05:00,9/29/2020 23:42,9/30/2020 7:32,92,14.4,442,470,139,119,184,28,483,0,94,FALSE
9/28/2020 21:48,9/29/2020 23:42,UTC-05:00,9/28/2020 21:48,9/29/2020 7:16,100,14.9,550,568,306,106,138,18,501,25,97,FALSE
9/27/2020 21:45,9/28/2020 21:48,UTC-05:00,9/27/2020 21:45,9/28/2020 5:34,89,14.8,440,468,179,89,172,28,494,34,94,FALSE
9/26/2020 23:23,9/27/2020 21:45,UTC-05:00,9/26/2020 23:23,9/27/2020 7:08,85,14.7,436,465,159,96,181,29,514,11,93,FALSE
9/25/2020 23:36,9/26/2020 23:23,UTC-05:00,9/25/2020 23:36,9/26/2020 8:38,96,15.5,482,542,170,126,186,60,501,26,89,FALSE
9/24/2020 22:15,9/25/2020 23:36,UTC-05:00,9/24/2020 22:15,9/25/2020 6:40,91,14.6,471,504,250,101,120,33,515,36,93,FALSE
9/23/2020 22:24,9/24/2020 22:15,UTC-05:00,9/23/2020 22:24,9/24/2020 6:15,84,14.6,428,470,203,75,150,42,510,23,91,FALSE
9/23/2020 0:47,9/23/2020 22:24,UTC-05:00,9/23/2020 0:47,9/23/2020 8:27,92,14.5,426,460,142,95,189,34,462,0,92,FALSE
9/21/2020 22:31,9/23/2020 0:47,UTC-05:00,9/21/2020 22:31,9/22/2020 7:40,100,15.1,520,549,171,130,219,29,515,56,94,FALSE
9/20/2020 22:49,9/21/2020 22:31,UTC-05:00,9/20/2020 22:49,9/21/2020 5:59,75,14.8,383,430,172,89,122,47,509,43,89,FALSE
9/20/2020 0:08,9/20/2020 22:49,UTC-05:00,9/20/2020 0:08,9/20/2020 7:09,81,14.9,396,421,151,70,175,25,492,25,94,FALSE
9/18/2020 22:56,9/20/2020 0:08,UTC-05:00,9/18/2020 22:56,9/19/2020 6:53,89,14.9,433,477,131,96,206,44,488,14,91,FALSE
9/17/2020 22:39,9/18/2020 22:56,UTC-05:00,9/17/2020 22:39,9/18/2020 7:20,95,15.3,481,520,197,99,185,39,504,20,92,FALSE
9/16/2020 22:37,9/17/2020 22:39,UTC-05:00,9/16/2020 22:37,9/17/2020 6:14,91,15.3,424,456,166,81,177,32,466,2,92,FALSE
9/15/2020 23:11,9/16/2020 22:37,UTC-05:00,9/15/2020 23:11,9/16/2020 7:40,99,15.1,492,509,276,82,134,17,498,8,96,FALSE
9/14/2020 22:13,9/15/2020 23:11,UTC-05:00,9/14/2020 22:13,9/15/2020 7:11,97,14.8,511,538,159,97,255,27,528,70,94,FALSE
9/14/2020 0:14,9/14/2020 22:13,UTC-05:00,9/14/2020 0:14,9/14/2020 6:09,69,14.9,329,355,149,74,106,26,476,0,94,FALSE
9/12/2020 22:12,9/14/2020 0:14,UTC-05:00,9/12/2020 22:12,9/13/2020 7:36,100,15.2,521,564,225,115,181,43,496,38,92,FALSE
9/10/2020 22:36,9/11/2020 23:04,UTC-05:00,9/11/2020 23:04,9/12/2020 5:59,83,14.8,399,415,182,79,138,16,480,5,96,FALSE
9/10/2020 22:36,9/11/2020 23:04,UTC-05:00,9/10/2020 22:36,9/11/2020 7:38,98,14.7,484,542,240,93,151,58,495,0,89,FALSE
9/9/2020 23:23,9/10/2020 22:36,UTC-05:00,9/9/2020 23:23,9/10/2020 8:19,100,14.4,512,536,204,109,199,24,490,0,95,FALSE
9/8/2020 22:28,9/9/2020 23:23,UTC-05:00,9/8/2020 22:28,9/9/2020 7:39,100,14.3,514,550,202,99,213,36,491,31,94,FALSE
9/7/2020 23:50,9/8/2020 22:28,UTC-05:00,9/7/2020 23:50,9/8/2020 7:38,86,14.6,412,467,233,70,109,55,482,2,88,FALSE
9/7/2020 2:11,9/7/2020 23:50,UTC-05:00,9/7/2020 2:11,9/7/2020 9:31,99,14.7,400,440,111,100,189,40,405,0,91,FALSE
9/5/2020 21:39,9/7/2020 2:11,UTC-05:00,9/6/2020 14:35,9/6/2020 15:45,15,14.6,70,70,55,0,15,0,474,0,100,TRUE
9/5/2020 21:39,9/7/2020 2:11,UTC-05:00,9/5/2020 21:39,9/6/2020 7:13,100,14.3,535,573,254,111,170,38,496,38,93,FALSE
9/4/2020 22:52,9/5/2020 21:39,UTC-05:00,9/4/2020 22:52,9/5/2020 5:59,83,14.7,399,427,173,74,152,28,478,0,93,FALSE
9/3/2020 22:23,9/4/2020 22:52,UTC-05:00,9/3/2020 22:23,9/4/2020 7:16,100,14.6,500,533,176,109,215,33,466,0,94,FALSE
9/2/2020 22:39,9/3/2020 22:23,UTC-05:00,9/2/2020 22:39,9/3/2020 7:02,100,14.6,476,503,227,90,159,27,457,0,94,FALSE
9/1/2020 21:36,9/2/2020 22:39,UTC-05:00,9/1/2020 21:36,9/2/2020 6:38,100,14.8,496,541,335,70,91,45,471,75,91,FALSE
8/31/2020 22:05,9/1/2020 21:36,UTC-05:00,9/1/2020 8:08,9/1/2020 9:27,14,15.5,73,78,40,16,17,5,531,75,93,TRUE
8/31/2020 22:05,9/1/2020 21:36,UTC-05:00,8/31/2020 22:05,9/1/2020 3:51,67,14.9,317,345,151,57,109,28,471,0,93,FALSE
8/30/2020 22:10,8/31/2020 22:05,UTC-05:00,8/30/2020 22:10,8/31/2020 7:40,100,14.8,506,569,316,117,73,63,474,0,89,FALSE
8/29/2020 21:56,8/30/2020 22:10,UTC-05:00,8/29/2020 21:56,8/30/2020 7:13,100,14.7,496,557,263,122,111,61,457,0,88,FALSE
8/28/2020 23:21,8/29/2020 21:56,UTC-05:00,8/28/2020 23:21,8/29/2020 7:50,100,14.8,461,509,196,99,166,48,457,0,91,FALSE
8/27/2020 22:59,8/28/2020 23:21,UTC-05:00,8/27/2020 22:59,8/28/2020 7:44,100,14.5,496,525,249,114,133,29,460,0,94,FALSE
8/26/2020 22:26,8/27/2020 22:59,UTC-05:00,8/26/2020 22:26,8/27/2020 7:59,100,14.7,523,572,331,64,128,49,458,0,91,FALSE
8/25/2020 22:46,8/26/2020 22:26,UTC-05:00,8/25/2020 22:46,8/26/2020 7:24,100,14.8,470,517,236,120,114,47,457,0,91,FALSE
8/24/2020 22:19,8/25/2020 22:46,UTC-05:00,8/24/2020 22:19,8/25/2020 8:24,100,15.1,564,604,257,129,178,40,460,2,93,FALSE
8/23/2020 21:48,8/24/2020 22:19,UTC-05:00,8/23/2020 21:48,8/24/2020 6:44,99,17.1,452,535,250,79,123,83,457,0,84,FALSE
8/22/2020 21:43,8/23/2020 21:48,UTC-05:00,8/22/2020 21:43,8/23/2020 7:05,100,16.2,489,561,331,42,116,72,410,2,87,FALSE
8/21/2020 22:22,8/22/2020 21:43,UTC-05:00,8/22/2020 13:01,8/22/2020 14:24,16,17.8,76,82,42,24,10,6,485,2,96,TRUE
8/21/2020 22:22,8/22/2020 21:43,UTC-05:00,8/21/2020 22:22,8/22/2020 7:02,99,14.2,484,519,217,96,171,35,490,0,93,FALSE
8/20/2020 22:47,8/21/2020 22:22,UTC-05:00,8/20/2020 22:47,8/21/2020 7:45,100,14.1,494,537,175,124,195,43,471,13,91,FALSE
8/19/2020 22:44,8/20/2020 22:47,UTC-05:00,8/19/2020 22:44,8/20/2020 7:00,94,14.6,458,495,230,94,134,37,490,13,92,FALSE
8/18/2020 23:55,8/19/2020 22:44,UTC-05:00,8/18/2020 23:55,8/19/2020 7:54,94,13.9,451,479,189,76,186,28,480,0,94,FALSE
8/17/2020 22:46,8/18/2020 23:55,UTC-05:00,8/17/2020 22:46,8/18/2020 8:16,100,14.6,533,570,180,110,243,37,486,11,93,FALSE
8/16/2020 21:58,8/17/2020 22:46,UTC-05:00,8/16/2020 21:58,8/17/2020 5:59,95,14.3,448,481,211,97,140,33,473,15,93,FALSE
8/15/2020 22:21,8/16/2020 21:58,UTC-05:00,8/15/2020 22:21,8/16/2020 6:33,93,14.4,461,492,257,72,132,31,496,6,93,FALSE
8/14/2020 22:21,8/15/2020 22:21,UTC-05:00,8/14/2020 22:21,8/15/2020 6:31,97,14.2,456,489,207,93,156,33,471,0,94,FALSE
8/13/2020 22:12,8/14/2020 22:21,UTC-05:00,8/13/2020 22:12,8/14/2020 7:13,100,13.8,493,541,184,121,188,48,469,0,92,FALSE
8/12/2020 21:51,8/13/2020 22:12,UTC-05:00,8/12/2020 21:51,8/13/2020 7:08,100,14,525,557,259,99,167,32,463,0,94,FALSE
8/11/2020 22:08,8/12/2020 21:51,UTC-05:00,8/11/2020 22:08,8/12/2020 6:58,100,13.9,486,529,232,99,155,43,457,0,91,FALSE
8/10/2020 22:36,8/11/2020 22:08,UTC-05:00,8/10/2020 22:36,8/11/2020 7:02,100,14.1,482,505,241,107,134,23,475,0,95,FALSE
8/9/2020 22:52,8/10/2020 22:36,UTC-05:00,8/9/2020 22:52,8/10/2020 7:48,100,13.9,505,535,252,106,147,30,489,9,94,FALSE
8/8/2020 23:40,8/9/2020 22:52,UTC-05:00,8/8/2020 23:40,8/9/2020 7:56,96,14.1,459,496,248,76,135,37,479,11,92,FALSE
8/7/2020 23:06,8/8/2020 23:40,UTC-05:00,8/7/2020 23:06,8/8/2020 7:20,95,14.2,459,493,230,82,147,34,481,0,93,FALSE
8/6/2020 22:19,8/7/2020 23:06,UTC-05:00,8/6/2020 22:19,8/7/2020 6:48,100,13.9,485,509,284,79,122,24,479,5,95,FALSE
8/5/2020 22:53,8/6/2020 22:19,UTC-05:00,8/5/2020 22:53,8/6/2020 6:58,98,14.1,464,485,192,93,179,21,474,2,95,FALSE
8/4/2020 22:45,8/5/2020 22:53,UTC-05:00,8/4/2020 22:45,8/5/2020 6:58,99,13.9,457,492,151,109,197,35,460,2,92,FALSE
8/3/2020 21:49,8/4/2020 22:45,UTC-05:00,8/3/2020 21:49,8/4/2020 6:42,99,13.9,505,532,139,149,217,27,512,36,94,FALSE
8/2/2020 20:49,8/3/2020 21:49,UTC-05:00,8/2/2020 20:49,8/3/2020 3:59,84,13.7,404,430,183,95,126,26,479,2,94,FALSE
8/1/2020 22:39,8/2/2020 20:49,UTC-05:00,8/1/2020 22:39,8/2/2020 7:02,99,14,477,503,180,96,201,26,480,22,94,FALSE
7/31/2020 22:29,8/1/2020 22:39,UTC-05:00,7/31/2020 22:29,8/1/2020 7:11,90,14,471,522,196,118,157,51,524,8,90,FALSE
7/30/2020 21:54,7/31/2020 22:29,UTC-05:00,7/30/2020 21:54,7/31/2020 6:18,97,14.4,469,504,246,80,143,35,484,5,93,FALSE
7/29/2020 22:04,7/30/2020 21:54,UTC-05:00,7/29/2020 22:04,7/30/2020 6:38,98,13.7,482,513,187,89,206,31,489,18,93,FALSE
7/29/2020 1:12,7/29/2020 22:04,UTC-05:00,7/29/2020 1:12,7/29/2020 7:53,92,13.8,374,400,145,89,140,26,407,0,95,FALSE
7/27/2020 22:08,7/29/2020 1:12,UTC-05:00,7/28/2020 12:35,7/28/2020 13:35,12,14.2,53,59,37,0,16,6,460,0,100,TRUE
7/27/2020 22:08,7/29/2020 1:12,UTC-05:00,7/27/2020 22:08,7/28/2020 7:20,100,13.9,514,551,179,102,233,37,475,14,93,FALSE
7/26/2020 21:49,7/27/2020 22:08,UTC-05:00,7/26/2020 21:49,7/27/2020 5:59,95,14,456,490,242,90,124,34,481,0,93,FALSE
7/25/2020 23:08,7/26/2020 21:49,UTC-05:00,7/25/2020 23:08,7/26/2020 8:30,100,14,505,561,265,92,148,56,480,14,90,FALSE
7/24/2020 23:17,7/25/2020 23:08,UTC-05:00,7/24/2020 23:17,7/25/2020 8:02,95,13.8,469,525,196,115,158,56,493,20,89,FALSE
7/23/2020 23:58,7/24/2020 23:17,UTC-05:00,7/23/2020 23:58,7/24/2020 7:48,91,13.8,434,470,226,72,136,36,479,13,92,FALSE
7/22/2020 22:54,7/23/2020 23:58,UTC-05:00,7/22/2020 22:54,7/23/2020 8:01,94,13.8,501,547,270,110,121,46,533,56,91,FALSE
7/22/2020 1:53,7/22/2020 22:54,UTC-05:00,7/22/2020 1:53,7/22/2020 8:13,75,14.1,342,380,136,71,135,38,459,0,90,FALSE
7/20/2020 21:56,7/22/2020 1:53,UTC-05:00,7/20/2020 21:56,7/21/2020 8:25,100,14.1,594,628,280,114,200,34,483,0,94,FALSE
7/19/2020 21:30,7/20/2020 21:56,UTC-05:00,7/19/2020 21:30,7/20/2020 5:59,100,14,473,509,204,142,127,36,463,0,93,FALSE
7/18/2020 22:54,7/19/2020 21:30,UTC-05:00,7/18/2020 22:54,7/19/2020 7:44,100,14.9,494,530,272,100,122,36,387,0,93,FALSE
7/17/2020 22:59,7/18/2020 22:54,UTC-05:00,7/18/2020 18:00,7/18/2020 19:52,20,15.7,98,112,59,22,17,14,483,0,89,TRUE
7/17/2020 22:59,7/18/2020 22:54,UTC-05:00,7/17/2020 22:59,7/18/2020 7:53,100,14.2,504,534,282,117,105,30,473,0,94,FALSE
7/16/2020 22:39,7/17/2020 22:59,UTC-05:00,7/16/2020 22:39,7/17/2020 7:18,100,14.2,486,518,202,132,152,32,476,0,93,FALSE
7/15/2020 23:09,7/16/2020 22:39,UTC-05:00,7/15/2020 23:09,7/16/2020 7:39,100,14.1,461,510,211,110,140,49,463,2,90,FALSE
7/14/2020 23:00,7/15/2020 23:09,UTC-05:00,7/14/2020 23:00,7/15/2020 7:55,99,13.9,489,535,175,126,188,46,496,22,91,FALSE
7/13/2020 23:22,7/14/2020 23:00,UTC-05:00,7/13/2020 23:22,7/14/2020 7:20,90,14.2,443,478,245,83,115,35,495,0,93,FALSE
7/12/2020 22:45,7/13/2020 23:22,UTC-05:00,7/12/2020 22:45,7/13/2020 7:05,100,14.2,463,500,230,103,130,37,458,0,92,FALSE
7/11/2020 22:29,7/12/2020 22:45,UTC-05:00,7/11/2020 22:29,7/12/2020 8:40,100,14.2,527,611,220,130,177,84,519,5,86,FALSE
7/10/2020 23:40,7/11/2020 22:29,UTC-05:00,7/10/2020 23:40,7/11/2020 7:40,98,14.2,450,479,161,103,186,29,459,0,93,FALSE
7/9/2020 22:04,7/10/2020 23:40,UTC-05:00,7/9/2020 22:04,7/10/2020 6:59,100,13.9,508,534,228,129,151,26,487,20,95,FALSE
7/8/2020 22:59,7/9/2020 22:04,UTC-05:00,7/8/2020 22:59,7/9/2020 7:35,93,14.2,463,516,157,116,190,53,500,29,89,FALSE
7/8/2020 0:34,7/8/2020 22:59,UTC-05:00,7/8/2020 0:34,7/8/2020 8:13,90,13.8,425,459,162,79,184,34,473,0,92,FALSE
7/6/2020 22:19,7/8/2020 0:34,UTC-05:00,7/6/2020 22:19,7/7/2020 7:16,100,14,500,536,218,101,181,36,473,0,93,FALSE
7/5/2020 22:47,7/6/2020 22:19,UTC-05:00,7/5/2020 22:47,7/6/2020 7:25,100,13.8,487,518,238,69,180,31,415,72,94,FALSE
7/4/2020 22:47,7/5/2020 22:47,UTC-05:00,7/5/2020 7:08,7/5/2020 9:12,22,13.9,117,124,56,0,61,7,530,72,99,TRUE
7/4/2020 22:47,7/5/2020 22:47,UTC-05:00,7/4/2020 22:47,7/5/2020 4:29,68,13.9,334,342,141,73,120,8,493,0,98,FALSE
7/3/2020 23:02,7/4/2020 22:47,UTC-05:00,7/3/2020 23:02,7/4/2020 8:05,100,14.1,489,543,231,92,166,54,483,11,90,FALSE
7/2/2020 22:17,7/3/2020 23:02,UTC-05:00,7/2/2020 22:17,7/3/2020 8:02,96,13.8,534,585,189,116,229,51,554,56,91,FALSE
7/2/2020 0:10,7/2/2020 22:17,UTC-05:00,7/2/2020 0:10,7/2/2020 7:16,75,14.1,392,426,139,69,184,34,526,63,92,FALSE
7/1/2020 2:50,7/2/2020 0:10,UTC-05:00,7/1/2020 2:50,7/1/2020 9:00,72,14.2,344,370,123,76,145,26,478,0,92,FALSE
6/29/2020 21:17,7/1/2020 2:50,UTC-05:00,6/29/2020 21:17,6/30/2020 8:13,100,14.3,609,655,245,146,218,46,494,31,92,FALSE
6/28/2020 21:57,6/29/2020 21:17,UTC-05:00,6/28/2020 21:57,6/29/2020 5:47,86,14.4,412,470,171,99,142,58,480,18,88,FALSE
6/27/2020 23:05,6/28/2020 21:57,UTC-05:00,6/27/2020 23:05,6/28/2020 7:29,92,14.2,481,503,158,108,215,22,522,36,95,FALSE
6/26/2020 23:45,6/27/2020 23:05,UTC-05:00,6/26/2020 23:45,6/27/2020 7:17,84,14.2,403,452,241,68,94,49,482,13,89,FALSE
6/25/2020 22:46,6/26/2020 23:45,UTC-05:00,6/25/2020 22:46,6/26/2020 7:07,94,13.9,468,501,129,108,231,33,498,11,93,FALSE
6/24/2020 22:28,6/25/2020 22:46,UTC-05:00,6/24/2020 22:28,6/25/2020 6:54,96,14.3,468,506,159,110,199,38,489,29,93,FALSE
6/23/2020 23:56,6/24/2020 22:28,UTC-05:00,6/23/2020 23:56,6/24/2020 7:13,87,13.7,414,437,188,81,145,23,475,0,94,FALSE
6/22/2020 21:07,6/23/2020 23:56,UTC-05:00,6/22/2020 21:07,6/23/2020 7:22,100,14.4,559,615,210,132,217,56,471,2,90,FALSE
6/21/2020 21:56,6/22/2020 21:07,UTC-05:00,6/21/2020 21:56,6/22/2020 6:25,99,14.3,478,508,160,105,213,30,485,22,94,FALSE
6/21/2020 0:30,6/21/2020 21:56,UTC-05:00,6/21/2020 0:30,6/21/2020 7:59,90,14.3,427,448,188,80,159,21,475,0,95,FALSE
6/19/2020 22:35,6/21/2020 0:30,UTC-05:00,6/19/2020 22:35,6/20/2020 7:26,100,14.3,500,531,221,117,162,31,489,0,94,FALSE
6/18/2020 22:58,6/19/2020 22:35,UTC-05:00,6/18/2020 22:58,6/19/2020 8:05,100,14,514,547,177,103,234,33,509,14,93,FALSE
6/17/2020 22:21,6/18/2020 22:58,UTC-05:00,6/17/2020 22:21,6/18/2020 6:51,95,14.4,476,510,188,111,177,34,503,31,93,FALSE
6/17/2020 0:32,6/17/2020 22:21,UTC-05:00,6/17/2020 0:32,6/17/2020 7:50,86,14.2,398,437,134,107,157,39,465,0,93,FALSE
6/15/2020 22:18,6/17/2020 0:32,UTC-05:00,6/15/2020 22:18,6/16/2020 8:10,100,14.6,552,592,250,137,165,40,500,22,94,FALSE
6/14/2020 21:53,6/15/2020 22:18,UTC-05:00,6/14/2020 21:53,6/15/2020 6:01,90,14.4,425,487,182,78,165,62,473,15,89,FALSE
6/13/2020 23:35,6/14/2020 21:53,UTC-05:00,6/13/2020 23:35,6/14/2020 7:42,93,13.9,438,486,199,76,163,48,473,2,91,FALSE
6/12/2020 22:05,6/13/2020 23:35,UTC-05:00,6/12/2020 22:05,6/13/2020 7:02,99,14.2,470,537,258,94,118,67,476,0,89,FALSE
6/11/2020 22:14,6/12/2020 22:05,UTC-05:00,6/11/2020 22:14,6/12/2020 7:24,100,14,497,550,216,125,156,53,499,11,90,FALSE
6/10/2020 22:00,6/11/2020 22:14,UTC-05:00,6/10/2020 22:00,6/11/2020 7:14,96,14,510,554,198,121,191,44,531,68,93,FALSE
6/9/2020 23:43,6/10/2020 22:00,UTC-05:00,6/9/2020 23:43,6/10/2020 6:11,70,14,331,387,142,78,111,56,476,0,87,FALSE
6/8/2020 22:39,6/9/2020 23:43,UTC-05:00,6/8/2020 22:39,6/9/2020 7:17,100,13.9,483,517,144,124,215,34,465,0,94,FALSE
6/7/2020 21:52,6/8/2020 22:39,UTC-05:00,6/7/2020 21:52,6/8/2020 7:39,100,14.3,541,587,192,121,228,46,468,0,93,FALSE
6/6/2020 21:46,6/7/2020 21:52,UTC-05:00,6/6/2020 21:46,6/7/2020 7:38,100,14.3,561,592,195,142,224,31,494,8,95,FALSE
6/5/2020 22:48,6/6/2020 21:46,UTC-05:00,6/5/2020 22:48,6/6/2020 7:40,97,13.9,493,532,229,84,180,39,507,14,93,FALSE
6/4/2020 22:16,6/5/2020 22:48,UTC-05:00,6/4/2020 22:16,6/5/2020 7:01,95,14.5,483,524,175,107,201,41,509,11,93,FALSE
6/3/2020 22:18,6/4/2020 22:16,UTC-05:00,6/3/2020 22:18,6/4/2020 6:37,96,14.1,460,499,140,110,210,39,479,0,92,FALSE
6/2/2020 21:44,6/3/2020 22:18,UTC-05:00,6/2/2020 21:44,6/3/2020 7:02,100,14.2,498,557,180,127,191,59,485,14,90,FALSE
6/1/2020 21:35,6/2/2020 21:44,UTC-05:00,6/1/2020 21:35,6/2/2020 6:03,95,14.2,460,507,212,91,157,47,485,0,91,FALSE
5/31/2020 21:36,6/1/2020 21:35,UTC-05:00,5/31/2020 21:36,6/1/2020 5:59,100,14.5,474,503,204,94,176,29,475,0,94,FALSE
5/30/2020 21:38,5/31/2020 21:36,UTC-05:00,5/30/2020 21:38,5/31/2020 6:50,100,14.2,505,551,183,106,216,46,471,11,91,FALSE
5/29/2020 21:54,5/30/2020 21:38,UTC-05:00,5/29/2020 21:54,5/30/2020 5:59,96,14.3,454,484,192,103,159,30,472,11,93,FALSE
5/28/2020 22:26,5/29/2020 21:54,UTC-05:00,5/28/2020 22:26,5/29/2020 6:52,96,14,466,505,181,115,170,39,485,0,92,FALSE
5/27/2020 22:01,5/28/2020 22:26,UTC-05:00,5/27/2020 22:01,5/28/2020 7:25,100,14.2,528,564,230,126,172,36,479,0,93,FALSE
5/26/2020 21:55,5/27/2020 22:01,UTC-05:00,5/26/2020 21:55,5/27/2020 6:22,100,14.2,494,506,205,117,172,12,403,58,97,FALSE
5/25/2020 18:19,5/26/2020 21:55,UTC-05:00,5/26/2020 4:35,5/26/2020 7:00,26,14.4,133,144,57,24,52,11,516,58,92,TRUE
5/25/2020 18:19,5/26/2020 21:55,UTC-05:00,5/25/2020 18:19,5/26/2020 0:44,80,14.5,330,385,215,58,57,55,412,129,85,FALSE
5/24/2020 19:42,5/25/2020 18:19,UTC-05:00,5/25/2020 6:00,5/25/2020 9:25,33,14.7,194,204,114,29,51,10,587,129,94,TRUE
5/24/2020 19:42,5/25/2020 18:19,UTC-05:00,5/24/2020 19:42,5/24/2020 23:29,43,14.5,199,227,100,43,56,28,464,5,87,FALSE
5/23/2020 21:28,5/24/2020 19:42,UTC-05:00,5/23/2020 21:28,5/24/2020 7:34,98,14.3,567,606,219,130,218,39,576,88,93,FALSE
5/22/2020 20:18,5/23/2020 21:28,UTC-05:00,5/22/2020 20:18,5/23/2020 1:20,61,14.1,288,302,111,71,106,14,472,0,95,FALSE
5/21/2020 22:27,5/22/2020 20:18,UTC-05:00,5/21/2020 22:27,5/22/2020 7:48,100,14.5,526,561,196,124,206,35,484,8,94,FALSE
5/20/2020 23:09,5/21/2020 22:27,UTC-05:00,5/20/2020 23:09,5/21/2020 8:13,97,14.4,478,544,238,93,147,66,490,0,87,FALSE
5/19/2020 21:53,5/20/2020 23:09,UTC-05:00,5/19/2020 21:53,5/20/2020 7:23,100,14.5,534,570,201,94,239,36,383,170,93,FALSE
5/18/2020 22:14,5/19/2020 21:53,UTC-05:00,5/19/2020 5:00,5/19/2020 9:40,39,14.5,246,279,127,63,56,33,628,170,88,TRUE
5/18/2020 22:14,5/19/2020 21:53,UTC-05:00,5/18/2020 22:14,5/19/2020 0:34,25,14.4,137,139,97,19,21,2,554,70,98,FALSE
5/18/2020 2:54,5/18/2020 22:14,UTC-05:00,5/18/2020 2:54,5/18/2020 9:22,69,14,349,387,94,99,156,38,507,15,90,FALSE
5/16/2020 21:40,5/18/2020 2:54,UTC-05:00,5/16/2020 21:40,5/17/2020 6:04,93,14.2,481,504,213,94,174,23,517,31,95,FALSE
5/15/2020 21:24,5/16/2020 21:40,UTC-05:00,5/15/2020 21:24,5/16/2020 4:59,86,14.1,426,455,203,90,133,29,494,36,93,FALSE
5/15/2020 1:00,5/15/2020 21:24,UTC-05:00,5/15/2020 1:00,5/15/2020 8:00,84,14.5,388,420,209,73,106,32,465,0,92,FALSE
5/13/2020 22:21,5/15/2020 1:00,UTC-05:00,5/13/2020 22:21,5/14/2020 6:55,100,14.4,490,513,232,68,190,23,471,11,95,FALSE
5/12/2020 23:09,5/13/2020 22:21,UTC-05:00,5/12/2020 23:09,5/13/2020 7:24,95,13.9,456,495,131,98,227,39,482,0,92,FALSE
5/11/2020 22:03,5/12/2020 23:09,UTC-05:00,5/11/2020 22:03,5/12/2020 7:24,100,13.9,534,561,263,99,172,27,498,29,95,FALSE
5/10/2020 22:34,5/11/2020 22:03,UTC-05:00,5/10/2020 22:34,5/11/2020 5:28,87,13.8,400,414,122,97,181,14,461,0,96,FALSE
5/9/2020 22:01,5/10/2020 22:34,UTC-05:00,5/9/2020 22:01,5/10/2020 7:00,100,13.9,499,538,138,106,255,39,477,0,92,FALSE
5/8/2020 21:58,5/9/2020 22:01,UTC-05:00,5/8/2020 21:58,5/9/2020 7:41,100,14.1,543,582,261,92,190,39,475,0,93,FALSE
5/7/2020 22:37,5/8/2020 21:58,UTC-05:00,5/7/2020 22:37,5/8/2020 7:15,100,13.9,502,518,163,117,222,16,466,0,96,FALSE
5/6/2020 21:37,5/7/2020 22:37,UTC-05:00,5/6/2020 21:37,5/7/2020 7:14,100,14.4,525,577,217,103,205,52,476,11,91,FALSE
5/5/2020 22:25,5/6/2020 21:37,UTC-05:00,5/5/2020 22:25,5/6/2020 6:56,95,14.3,471,511,207,91,173,40,493,0,92,FALSE
5/4/2020 22:06,5/5/2020 22:25,UTC-05:00,5/4/2020 22:06,5/5/2020 6:39,100,13.8,473,513,205,63,205,40,473,0,92,FALSE
5/3/2020 21:41,5/4/2020 22:06,UTC-05:00,5/3/2020 21:41,5/4/2020 6:50,100,14.1,509,549,229,109,171,40,487,0,92,FALSE
5/2/2020 22:26,5/3/2020 21:41,UTC-05:00,5/2/2020 22:26,5/3/2020 7:28,100,14.6,497,542,146,121,230,45,471,11,91,FALSE
5/1/2020 22:24,5/2/2020 22:26,UTC-05:00,5/1/2020 22:24,5/2/2020 6:58,96,14.5,470,513,209,93,168,43,490,0,91,FALSE
4/30/2020 22:36,5/1/2020 22:24,UTC-05:00,4/30/2020 22:36,5/1/2020 7:24,100,14.5,484,528,197,109,178,44,486,0,91,FALSE
4/29/2020 22:39,4/30/2020 22:36,UTC-05:00,4/29/2020 22:39,4/30/2020 7:38,100,14.6,489,538,146,121,222,49,475,93,90,FALSE
4/29/2020 3:40,4/29/2020 22:39,UTC-05:00,4/29/2020 10:31,4/29/2020 12:12,18,14.3,99,100,72,4,23,1,550,93,98,TRUE
4/29/2020 3:40,4/29/2020 22:39,UTC-05:00,4/29/2020 3:40,4/29/2020 8:20,59,14.2,246,280,124,53,69,34,416,0,87,FALSE
4/27/2020 21:41,4/29/2020 3:40,UTC-05:00,4/28/2020 13:22,4/28/2020 15:05,16,14.7,76,102,37,20,19,26,491,0,88,TRUE
4/27/2020 21:41,4/29/2020 3:40,UTC-05:00,4/27/2020 21:41,4/28/2020 6:43,100,14.5,502,541,218,109,175,39,483,8,92,FALSE
4/26/2020 21:28,4/27/2020 21:41,UTC-05:00,4/26/2020 21:28,4/27/2020 5:29,97,14.6,445,481,213,77,155,36,458,0,92,FALSE
4/25/2020 22:35,4/26/2020 21:28,UTC-05:00,4/25/2020 22:35,4/26/2020 7:30,100,15.2,507,535,218,102,187,28,461,2,94,FALSE
4/24/2020 23:01,4/25/2020 22:35,UTC-05:00,4/24/2020 23:01,4/25/2020 7:50,99,14.7,474,528,146,120,208,54,481,0,89,FALSE
4/23/2020 22:27,4/24/2020 23:01,UTC-05:00,4/23/2020 22:27,4/24/2020 7:23,100,14.9,455,535,223,96,136,80,429,13,85,FALSE
4/22/2020 22:31,4/23/2020 22:27,UTC-05:00,4/23/2020 12:30,4/23/2020 13:20,10,15.3,46,49,43,0,3,3,471,13,100,TRUE
4/22/2020 22:31,4/23/2020 22:27,UTC-05:00,4/22/2020 22:31,4/23/2020 7:08,94,14.8,458,516,156,109,193,58,484,0,88,FALSE
4/21/2020 22:17,4/22/2020 22:31,UTC-05:00,4/21/2020 22:17,4/22/2020 7:23,100,14.6,500,546,239,76,185,46,492,0,91,FALSE
4/20/2020 21:37,4/21/2020 22:17,UTC-05:00,4/20/2020 21:37,4/21/2020 6:52,100,14.7,493,555,217,96,180,62,488,0,88,FALSE
4/19/2020 23:05,4/20/2020 21:37,UTC-05:00,4/19/2020 23:05,4/20/2020 8:19,100,14.5,505,554,167,132,206,49,478,0,91,FALSE
4/18/2020 21:38,4/19/2020 23:05,UTC-05:00,4/18/2020 21:38,4/19/2020 7:26,100,14.9,558,588,221,123,214,30,505,47,94,FALSE
4/17/2020 21:42,4/18/2020 21:38,UTC-05:00,4/17/2020 21:42,4/18/2020 5:29,79,14.5,430,467,157,98,175,37,541,45,92,FALSE
4/17/2020 1:15,4/17/2020 21:42,UTC-05:00,4/17/2020 1:15,4/17/2020 8:32,80,14.1,396,437,122,82,192,41,498,5,90,FALSE
4/15/2020 21:59,4/17/2020 1:15,UTC-05:00,4/15/2020 21:59,4/16/2020 6:45,98,13.9,503,526,294,109,100,23,515,34,95,FALSE
4/15/2020 0:11,4/15/2020 21:59,UTC-05:00,4/15/2020 0:11,4/15/2020 7:20,85,13.9,402,428,154,93,155,26,475,9,93,FALSE
4/13/2020 22:28,4/15/2020 0:11,UTC-05:00,4/13/2020 22:28,4/14/2020 6:44,96,14.5,477,496,136,107,234,19,497,5,96,FALSE
4/12/2020 20:58,4/13/2020 22:28,UTC-05:00,4/12/2020 20:58,4/13/2020 5:24,98,14.2,449,505,154,106,189,56,460,0,88,FALSE
4/11/2020 22:57,4/12/2020 20:58,UTC-05:00,4/11/2020 22:57,4/12/2020 7:41,100,14.4,484,524,170,105,209,40,481,0,92,FALSE
4/10/2020 22:06,4/11/2020 22:57,UTC-05:00,4/10/2020 22:06,4/11/2020 7:16,100,14.4,517,550,171,119,227,33,491,0,94,FALSE
4/9/2020 21:53,4/10/2020 22:06,UTC-05:00,4/9/2020 21:53,4/10/2020 7:35,100,14.6,502,582,204,125,173,80,462,0,86,FALSE
4/8/2020 22:11,4/9/2020 21:53,UTC-05:00,4/8/2020 22:11,4/9/2020 7:00,100,14.5,492,529,202,106,184,37,489,0,92,FALSE
4/7/2020 22:07,4/8/2020 22:11,UTC-05:00,4/7/2020 22:07,4/8/2020 6:56,100,14.6,504,529,202,108,194,25,504,18,95,FALSE
4/6/2020 22:48,4/7/2020 22:07,UTC-05:00,4/6/2020 22:48,4/7/2020 7:29,92,14.7,465,521,193,115,157,56,506,0,89,FALSE
4/5/2020 22:27,4/6/2020 22:48,UTC-05:00,4/5/2020 22:27,4/6/2020 6:53,100,14.4,480,506,200,123,157,26,471,0,94,FALSE
4/4/2020 22:01,4/5/2020 22:27,UTC-05:00,4/4/2020 22:01,4/5/2020 6:58,100,14.4,493,537,168,108,217,44,479,0,91,FALSE
4/3/2020 22:13,4/4/2020 22:01,UTC-05:00,4/3/2020 22:13,4/4/2020 6:45,100,14.3,488,512,192,82,214,24,485,23,95,FALSE
4/2/2020 22:40,4/3/2020 22:13,UTC-05:00,4/2/2020 22:40,4/3/2020 7:05,92,14.4,474,505,129,94,251,31,513,38,93,FALSE
4/1/2020 23:03,4/2/2020 22:40,UTC-05:00,4/1/2020 23:03,4/2/2020 7:01,83,14.6,439,478,195,94,150,39,527,38,92,FALSE
3/31/2020 22:41,4/1/2020 23:03,UTC-05:00,3/31/2020 22:41,4/1/2020 6:03,83,14.5,413,441,228,100,85,28,496,15,93,FALSE
3/30/2020 0:27,3/30/2020 22:35,UTC-05:00,3/30/2020 22:35,3/31/2020 6:28,93,14.4,450,473,194,99,157,23,483,11,95,FALSE
3/30/2020 0:27,3/30/2020 22:35,UTC-05:00,3/30/2020 0:27,3/30/2020 8:29,96,14.1,458,481,179,97,182,23,476,0,95,FALSE
3/28/2020 21:47,3/30/2020 0:27,UTC-05:00,3/28/2020 21:47,3/29/2020 7:26,100,14.6,548,579,248,144,156,31,482,25,94,FALSE
3/27/2020 22:06,3/28/2020 21:47,UTC-05:00,3/27/2020 22:06,3/28/2020 5:39,89,14,418,453,246,69,103,35,471,0,92,FALSE
3/26/2020 22:16,3/27/2020 22:06,UTC-05:00,3/26/2020 22:16,3/27/2020 8:01,100,14.6,555,585,341,96,118,30,500,0,94,FALSE
3/25/2020 22:00,3/26/2020 22:16,UTC-05:00,3/25/2020 22:00,3/26/2020 8:00,100,14.9,544,599,139,126,279,55,477,14,90,FALSE
3/24/2020 23:56,3/25/2020 22:00,UTC-05:00,3/24/2020 23:56,3/25/2020 9:03,95,14.8,460,546,154,117,189,86,484,0,84,FALSE
3/23/2020 22:05,3/24/2020 23:56,UTC-05:00,3/23/2020 22:05,3/24/2020 7:34,100,14.9,551,568,259,124,168,17,529,66,97,FALSE
3/23/2020 0:30,3/23/2020 22:05,UTC-05:00,3/23/2020 0:30,3/23/2020 6:14,71,14.7,336,343,153,66,117,7,476,0,97,FALSE
3/21/2020 22:44,3/23/2020 0:30,UTC-05:00,3/21/2020 22:44,3/22/2020 8:05,100,14.6,523,561,207,101,215,38,458,0,93,FALSE
3/20/2020 22:22,3/21/2020 22:44,UTC-05:00,3/20/2020 22:22,3/21/2020 7:41,100,14.5,495,558,237,112,146,63,474,0,88,FALSE
3/19/2020 22:40,3/20/2020 22:22,UTC-05:00,3/19/2020 22:40,3/20/2020 7:45,100,14.2,510,545,259,102,149,35,482,0,93,FALSE
3/18/2020 21:58,3/19/2020 22:40,UTC-05:00,3/18/2020 21:58,3/19/2020 8:41,100,14.3,610,643,335,126,149,33,508,0,94,FALSE
3/17/2020 21:00,3/18/2020 21:58,UTC-05:00,3/17/2020 21:00,3/18/2020 6:50,100,14.1,553,590,233,112,208,37,511,17,94,FALSE
3/16/2020 18:48,3/17/2020 21:00,UTC-05:00,3/16/2020 18:48,3/17/2020 3:13,94,14.8,459,505,263,95,101,46,489,31,90,FALSE
3/16/2020 3:10,3/16/2020 18:48,UTC-05:00,3/16/2020 3:10,3/16/2020 9:22,86,14.4,339,372,123,83,133,33,396,0,91,FALSE
3/14/2020 21:09,3/16/2020 3:10,UTC-05:00,3/15/2020 13:16,3/15/2020 14:20,13,14.3,61,63,27,10,24,2,457,0,96,TRUE
3/14/2020 21:09,3/16/2020 3:10,UTC-05:00,3/14/2020 21:09,3/15/2020 7:08,100,14.2,549,599,235,133,181,50,448,5,91,FALSE
3/13/2020 21:26,3/14/2020 21:09,UTC-05:00,3/14/2020 13:45,3/14/2020 14:45,11,15.3,53,59,53,0,0,6,502,5,94,TRUE
3/13/2020 21:26,3/14/2020 21:09,UTC-05:00,3/13/2020 21:26,3/14/2020 6:16,98,14.6,491,530,180,130,181,39,499,40,92,FALSE
3/12/2020 20:15,3/13/2020 21:26,UTC-05:00,3/12/2020 20:15,3/13/2020 3:44,82,14.6,409,449,175,91,143,40,499,17,91,FALSE
3/11/2020 20:58,3/12/2020 20:15,UTC-05:00,3/11/2020 20:58,3/12/2020 5:37,94,14.5,486,519,156,112,218,33,519,26,93,FALSE
3/10/2020 21:08,3/11/2020 20:58,UTC-05:00,3/10/2020 21:08,3/11/2020 6:16,91,14.4,511,548,232,108,171,37,562,79,93,FALSE
3/9/2020 22:23,3/10/2020 21:08,UTC-05:00,3/9/2020 22:23,3/10/2020 3:44,65,14.8,315,321,128,74,113,6,488,0,98,FALSE
3/8/2020 20:22,3/9/2020 22:23,UTC-05:00,3/8/2020 20:22,3/9/2020 7:00,100,14.4,583,638,167,140,276,55,497,38,91,FALSE
3/7/2020 20:58,3/8/2020 20:22,UTC-05:00,3/7/2020 20:58,3/8/2020 3:44,83,14.5,378,406,172,62,144,28,457,0,93,FALSE
3/6/2020 21:26,3/7/2020 19:58,UTC-06:00,3/6/2020 21:26,3/7/2020 6:45,100,14.6,509,559,163,134,212,50,478,5,91,FALSE
3/5/2020 22:09,3/6/2020 21:26,UTC-06:00,3/5/2020 22:09,3/6/2020 6:23,98,14.8,464,494,164,99,201,30,473,0,94,FALSE
3/4/2020 21:11,3/5/2020 22:09,UTC-06:00,3/4/2020 21:11,3/5/2020 6:05,100,14.8,502,534,239,107,156,32,479,0,94,FALSE
3/3/2020 20:35,3/4/2020 21:11,UTC-06:00,3/3/2020 20:35,3/4/2020 6:21,100,14.6,557,586,182,114,261,29,526,68,95,FALSE
3/2/2020 21:12,3/3/2020 20:35,UTC-06:00,3/2/2020 21:12,3/3/2020 3:45,70,14.9,371,392,217,67,87,21,529,75,95,FALSE
3/1/2020 21:17,3/2/2020 21:12,UTC-06:00,3/2/2020 14:15,3/2/2020 15:25,8,15.3,41,69,41,0,0,28,533,75,59,TRUE
3/1/2020 21:17,3/2/2020 21:12,UTC-06:00,3/1/2020 21:17,3/2/2020 3:20,67,14.7,309,362,125,71,113,53,459,2,87,FALSE
2/29/2020 22:17,3/1/2020 21:17,UTC-06:00,2/29/2020 22:17,3/1/2020 7:44,99,14.8,517,567,222,113,182,50,524,27,91,FALSE
2/28/2020 23:43,2/29/2020 22:17,UTC-06:00,2/28/2020 23:43,2/29/2020 7:14,88,14.5,432,451,173,93,166,19,493,0,95,FALSE
