Cycle start time,Cycle end time,Cycle timezone,Workout start time,Workout end time,Duration (min),Activity name,Activity Strain,Energy burned (cal),Max HR (bpm),Average HR (bpm),HR Zone 1 %,HR Zone 2 %,HR Zone 3 %,HR Zone 4 %,HR Zone 5 %,GPS enabled,Distance (meters),Altitude gain (meters),Altitude change (meters)
5/2/2022 1:31,,UTC-05:00,5/2/2022 16:03,5/2/2022 16:18,14,Running,7,151,158,140,4,3,17,72,3,TRUE,2324.61,24.6,1.11
4/30/2022 22:52,5/2/2022 1:31,UTC-05:00,5/1/2022 9:31,5/1/2022 10:16,44,HIIT,7.6,247,164,114,21,22,31,20,4,FALSE,,,
4/29/2022 22:14,4/30/2022 22:52,UTC-05:00,4/30/2022 18:06,4/30/2022 18:55,48,HIIT,11,451,172,136,0,11,28,47,12,FALSE,,,
4/28/2022 22:38,4/29/2022 22:14,UTC-05:00,4/29/2022 10:24,4/29/2022 11:32,68,Weightlifting,5.9,187,142,99,34,46,19,0,0,FALSE,,,
4/27/2022 22:51,4/28/2022 22:38,UTC-05:00,4/28/2022 10:29,4/28/2022 12:53,144,Manual Labor,11.2,673,154,109,16,43,33,5,0,FALSE,,,
4/26/2022 23:29,4/27/2022 22:51,UTC-05:00,4/27/2022 16:47,4/27/2022 17:13,25,Running,11.9,346,169,157,1,1,3,14,79,TRUE,4618.7,71.74,3.9
4/25/2022 22:26,4/26/2022 23:29,UTC-05:00,4/26/2022 17:28,4/26/2022 18:26,57,Box Fitness,10.3,394,172,121,13,24,30,17,14,FALSE,,,
4/24/2022 22:23,4/25/2022 22:26,UTC-05:00,4/25/2022 14:29,4/25/2022 14:54,25,Swimming,7.1,193,159,128,4,11,39,39,1,TRUE,3.56,0,-1.37
4/24/2022 22:23,4/25/2022 22:26,UTC-05:00,4/25/2022 13:19,4/25/2022 14:15,55,Weightlifting,6.8,233,142,108,13,51,32,2,0,FALSE,,,
4/23/2022 23:37,4/24/2022 22:23,UTC-05:00,4/24/2022 10:00,4/24/2022 12:00,120,Softball,8.7,405,165,105,20,59,15,4,0,FALSE,,,
4/23/2022 23:37,4/24/2022 22:23,UTC-05:00,4/24/2022 8:31,4/24/2022 9:38,66,Box Fitness,11.8,501,173,124,14,20,18,31,15,FALSE,,,
4/22/2022 22:59,4/23/2022 23:37,UTC-05:00,4/23/2022 10:02,4/23/2022 10:45,42,Box Fitness,10.8,335,179,125,22,16,14,12,33,FALSE,,,
4/21/2022 22:11,4/22/2022 22:59,UTC-05:00,4/22/2022 10:45,4/22/2022 11:47,62,Weightlifting,8.8,330,176,114,8,48,29,5,7,FALSE,,,
4/18/2022 22:52,4/20/2022 0:34,UTC-05:00,4/19/2022 9:53,4/19/2022 10:53,60,Weightlifting,8.7,350,163,118,9,27,40,19,2,FALSE,,,
4/17/2022 22:28,4/18/2022 22:52,UTC-05:00,4/18/2022 17:18,4/18/2022 18:10,52,Weightlifting,11.2,372,179,125,5,39,25,7,21,FALSE,,,
4/16/2022 21:50,4/17/2022 22:28,UTC-05:00,4/17/2022 8:34,4/17/2022 9:30,56,Box Fitness,7.5,260,164,113,13,40,30,14,2,FALSE,,,
4/14/2022 23:09,4/16/2022 5:39,UTC-05:00,4/15/2022 21:26,4/15/2022 22:06,39,Walking,1.6,39,102,85,92,7,0,0,0,FALSE,,,
4/14/2022 23:09,4/16/2022 5:39,UTC-05:00,4/15/2022 10:48,4/15/2022 11:34,45,Weightlifting,5.2,120,147,98,36,41,21,1,0,FALSE,,,
4/13/2022 23:08,4/14/2022 23:09,UTC-05:00,4/14/2022 15:46,4/14/2022 16:24,37,Box Fitness,10.4,323,171,132,7,25,10,27,28,FALSE,,,
4/12/2022 22:50,4/13/2022 23:08,UTC-05:00,4/13/2022 15:07,4/13/2022 16:28,80,Weightlifting,6.3,212,145,99,36,45,15,3,0,FALSE,,,
3/9/2022 21:53,3/10/2022 21:53,UTC-06:00,3/10/2022 7:05,3/10/2022 8:24,79,Weightlifting,5.8,178,147,105,16,58,22,2,0,FALSE,,,
3/8/2022 22:07,3/9/2022 21:53,UTC-06:00,3/9/2022 8:26,3/9/2022 9:29,63,Weightlifting,11.1,353,186,119,21,33,14,5,22,FALSE,,,
3/7/2022 21:57,3/8/2022 22:07,UTC-06:00,3/8/2022 17:43,3/8/2022 18:12,29,Running,7.6,224,157,126,8,17,30,43,0,FALSE,,,
3/7/2022 21:57,3/8/2022 22:07,UTC-06:00,3/8/2022 9:31,3/8/2022 10:23,51,Functional Fitness,7.2,204,171,104,30,44,12,5,6,FALSE,,,
3/7/2022 2:18,3/7/2022 21:57,UTC-06:00,3/7/2022 16:07,3/7/2022 17:32,85,Functional Fitness,8.7,379,155,109,14,50,25,10,0,FALSE,,,
3/5/2022 23:03,3/7/2022 2:18,UTC-06:00,3/6/2022 8:32,3/6/2022 9:36,63,Functional Fitness,7.2,232,164,101,45,24,14,11,3,FALSE,,,
3/4/2022 23:15,3/5/2022 23:03,UTC-06:00,3/5/2022 9:42,3/5/2022 10:51,68,Box Fitness,13.6,676,175,139,1,12,20,33,32,FALSE,,,
3/3/2022 22:29,3/4/2022 23:15,UTC-06:00,3/4/2022 14:45,3/4/2022 15:11,25,Running,10.3,305,168,148,1,1,12,41,43,FALSE,,,
3/3/2022 22:29,3/4/2022 23:15,UTC-06:00,3/4/2022 9:40,3/4/2022 10:53,73,Weightlifting,6.1,194,139,98,33,55,10,0,0,FALSE,,,
3/2/2022 21:53,3/3/2022 22:29,UTC-06:00,3/3/2022 8:33,3/3/2022 8:49,15,Rowing,7.1,161,157,140,1,3,21,70,2,FALSE,,,
3/2/2022 21:53,3/3/2022 22:29,UTC-06:00,3/3/2022 7:00,3/3/2022 8:32,92,Weightlifting,7,272,147,99,30,55,13,0,0,FALSE,,,
2/27/2022 22:27,3/1/2022 2:02,UTC-06:00,2/28/2022 11:39,2/28/2022 12:45,66,Weightlifting,8.2,325,152,110,20,30,34,13,0,FALSE,,,
2/27/2022 0:00,2/27/2022 22:27,UTC-06:00,2/27/2022 8:37,2/27/2022 9:38,60,Functional Fitness,7.8,257,163,106,30,33,16,14,5,FALSE,,,
2/24/2022 21:57,2/25/2022 21:57,UTC-06:00,2/25/2022 9:30,2/25/2022 10:27,56,Box Fitness,10.1,334,175,116,22,26,24,7,17,FALSE,,,
2/22/2022 22:35,2/23/2022 21:42,UTC-06:00,2/23/2022 8:13,2/23/2022 9:33,80,Weightlifting,12.6,557,179,124,10,26,32,8,20,FALSE,,,
2/21/2022 21:26,2/22/2022 22:35,UTC-06:00,2/22/2022 17:42,2/22/2022 18:19,37,Other,,37,97,82,100,0,0,0,0,FALSE,,,
2/21/2022 21:26,2/22/2022 22:35,UTC-06:00,2/22/2022 9:11,2/22/2022 10:01,50,Weightlifting,5.4,132,157,100,31,47,16,4,0,FALSE,,,
2/20/2022 22:05,2/21/2022 21:26,UTC-06:00,2/21/2022 16:29,2/21/2022 17:22,52,Box Fitness,12.1,388,185,128,18,21,18,14,11,FALSE,,,
2/20/2022 22:05,2/21/2022 21:26,UTC-06:00,2/21/2022 9:11,2/21/2022 10:10,59,Weightlifting,5.9,169,155,107,14,54,25,5,0,FALSE,,,
2/19/2022 21:42,2/20/2022 22:05,UTC-06:00,2/20/2022 8:32,2/20/2022 9:45,72,Box Fitness,7.5,258,180,106,30,26,25,11,4,FALSE,,,
2/18/2022 22:54,2/19/2022 21:42,UTC-06:00,2/19/2022 10:00,2/19/2022 10:46,45,Box Fitness,11,343,173,127,15,28,6,11,38,FALSE,,,
2/16/2022 21:33,2/17/2022 21:17,UTC-06:00,2/17/2022 15:49,2/17/2022 17:28,98,Box Fitness,11.9,639,177,121,4,30,38,21,4,FALSE,,,
2/15/2022 22:01,2/16/2022 21:33,UTC-06:00,2/16/2022 6:35,2/16/2022 7:33,58,Weightlifting,5.9,176,134,99,34,44,21,0,0,FALSE,,,
2/14/2022 21:27,2/15/2022 22:01,UTC-06:00,2/15/2022 7:02,2/15/2022 8:01,59,Box Fitness,12.9,524,185,134,1,20,30,22,17,FALSE,,,
2/14/2022 2:01,2/14/2022 21:27,UTC-06:00,2/14/2022 16:34,2/14/2022 17:38,64,Box Fitness,10.1,361,176,117,25,24,18,16,13,FALSE,,,
2/14/2022 2:01,2/14/2022 21:27,UTC-06:00,2/14/2022 11:45,2/14/2022 13:03,77,Weightlifting,5.5,149,132,97,35,57,7,0,0,FALSE,,,
2/13/2022 1:06,2/14/2022 2:01,UTC-06:00,2/13/2022 9:40,2/13/2022 11:15,95,Softball,8.2,354,152,108,23,40,25,9,0,FALSE,,,
2/12/2022 2:01,2/13/2022 1:06,UTC-06:00,2/12/2022 10:04,2/12/2022 10:51,47,Box Fitness,9,326,169,124,7,20,31,33,7,FALSE,,,
2/10/2022 23:38,2/12/2022 2:01,UTC-06:00,2/11/2022 11:16,2/11/2022 11:57,40,Functional Fitness,11.9,415,188,141,1,13,21,29,28,FALSE,,,
2/9/2022 23:34,2/10/2022 23:38,UTC-06:00,2/10/2022 10:33,2/10/2022 11:22,48,Weightlifting,6.3,190,147,107,24,40,27,7,0,FALSE,,,
2/8/2022 22:05,2/9/2022 23:34,UTC-06:00,2/9/2022 8:05,2/9/2022 9:21,75,Box Fitness,8.7,338,173,108,32,26,26,10,4,FALSE,,,
2/8/2022 0:00,2/8/2022 22:05,UTC-06:00,2/8/2022 17:00,2/8/2022 17:18,17,Running,9.9,229,175,154,5,0,5,14,74,FALSE,,,
2/8/2022 0:00,2/8/2022 22:05,UTC-06:00,2/8/2022 15:39,2/8/2022 16:56,77,Weightlifting,6.9,250,139,104,19,59,21,0,0,FALSE,,,
2/7/2022 1:05,2/8/2022 0:00,UTC-06:00,2/7/2022 14:37,2/7/2022 15:52,74,Weightlifting,8.1,351,151,112,6,54,34,5,0,FALSE,,,
2/6/2022 2:20,2/7/2022 1:05,UTC-06:00,2/6/2022 15:18,2/6/2022 15:46,28,Functional Fitness,9.7,276,180,139,6,5,28,23,34,FALSE,,,
2/3/2022 22:23,2/5/2022 2:49,UTC-06:00,2/4/2022 11:27,2/4/2022 12:30,63,Weightlifting,5.7,144,132,98,27,65,7,0,0,FALSE,,,
2/2/2022 20:18,2/3/2022 22:23,UTC-06:00,2/3/2022 8:51,2/3/2022 9:06,14,Box Fitness,6.6,145,172,140,0,2,18,60,18,FALSE,,,
2/2/2022 20:18,2/3/2022 22:23,UTC-06:00,2/3/2022 8:30,2/3/2022 8:46,15,Rowing,7.5,175,161,145,2,1,7,76,12,FALSE,,,
2/2/2022 20:18,2/3/2022 22:23,UTC-06:00,2/3/2022 7:45,2/3/2022 7:55,10,Box Fitness,5.9,92,170,136,4,15,12,39,27,FALSE,,,
2/2/2022 5:38,2/2/2022 20:18,UTC-06:00,2/2/2022 15:33,2/2/2022 16:22,49,Weightlifting,5.5,139,128,100,22,63,13,0,0,FALSE,,,
2/1/2022 0:08,2/2/2022 5:38,UTC-06:00,2/1/2022 12:15,2/1/2022 12:40,25,Running,13,350,192,158,0,8,17,5,28,TRUE,128.27,2.12,-0.69
2/1/2022 0:08,2/2/2022 5:38,UTC-06:00,2/1/2022 11:19,2/1/2022 12:11,51,Weightlifting,6.2,183,151,104,25,45,26,2,0,FALSE,,,
1/30/2022 22:26,2/1/2022 0:08,UTC-06:00,1/31/2022 9:06,1/31/2022 10:36,90,Box Fitness,11.8,501,184,113,31,26,13,13,14,FALSE,,,
1/29/2022 21:47,1/30/2022 22:26,UTC-06:00,1/30/2022 11:55,1/30/2022 13:30,95,Softball,5.8,191,166,89,70,15,9,3,0,FALSE,,,
1/29/2022 21:47,1/30/2022 22:26,UTC-06:00,1/30/2022 8:35,1/30/2022 9:41,66,Box Fitness,6.6,232,146,100,33,36,28,1,0,FALSE,,,
1/27/2022 22:50,1/29/2022 3:17,UTC-06:00,1/28/2022 15:55,1/28/2022 16:11,15,Stairmaster,5.3,99,143,120,4,27,48,20,0,FALSE,,,
1/27/2022 22:50,1/29/2022 3:17,UTC-06:00,1/28/2022 14:49,1/28/2022 15:53,64,Weightlifting,5.5,158,139,94,48,33,17,0,0,FALSE,,,
1/27/2022 0:28,1/27/2022 22:50,UTC-06:00,1/27/2022 14:19,1/27/2022 14:29,10,Running,10,159,197,168,2,1,7,7,23,TRUE,1645.71,30.37,12
1/25/2022 22:25,1/27/2022 0:28,UTC-06:00,1/26/2022 8:02,1/26/2022 9:00,58,Functional Fitness,10.8,414,176,123,17,20,18,28,15,FALSE,,,
1/24/2022 22:53,1/25/2022 22:25,UTC-06:00,1/25/2022 9:26,1/25/2022 10:33,66,Functional Fitness,11.7,490,182,125,6,24,38,11,17,FALSE,,,
1/24/2022 0:04,1/24/2022 22:53,UTC-06:00,1/24/2022 15:12,1/24/2022 16:28,76,Weightlifting,6.7,248,138,102,20,65,14,0,0,FALSE,,,
1/22/2022 23:20,1/24/2022 0:04,UTC-06:00,1/23/2022 8:34,1/23/2022 9:16,41,Functional Fitness,13.2,475,184,145,7,14,4,5,64,FALSE,,,
1/21/2022 21:48,1/22/2022 23:20,UTC-06:00,1/22/2022 17:15,1/22/2022 17:38,23,Functional Fitness,6.4,158,158,122,7,16,48,27,0,FALSE,,,
1/21/2022 21:48,1/22/2022 23:20,UTC-06:00,1/22/2022 16:41,1/22/2022 17:06,25,Elliptical,4.8,70,150,98,35,48,13,2,0,FALSE,,,
1/21/2022 21:48,1/22/2022 23:20,UTC-06:00,1/22/2022 6:08,1/22/2022 6:29,21,Running,8.9,227,178,142,3,11,11,35,38,TRUE,16.29,1.28,1.28
1/20/2022 21:51,1/21/2022 21:48,UTC-06:00,1/21/2022 10:43,1/21/2022 11:45,62,Weightlifting,5,120,130,95,44,48,6,0,0,FALSE,,,
1/20/2022 21:51,1/21/2022 21:48,UTC-06:00,1/21/2022 10:15,1/21/2022 10:42,26,Stairmaster,2,27,105,80,89,10,0,0,0,FALSE,,,
1/19/2022 21:57,1/20/2022 21:51,UTC-06:00,1/20/2022 7:46,1/20/2022 8:40,53,Functional Fitness,12.6,430,197,131,5,34,18,21,7,FALSE,,,
1/17/2022 22:13,1/18/2022 23:12,UTC-06:00,1/18/2022 9:45,1/18/2022 10:36,50,Weightlifting,5.9,166,141,102,33,36,27,1,0,FALSE,,,
1/17/2022 22:13,1/18/2022 23:12,UTC-06:00,1/18/2022 9:06,1/18/2022 9:35,28,Running,14.9,478,198,173,1,0,0,0,47,TRUE,5699.62,57.67,-0.39
1/16/2022 21:47,1/17/2022 22:13,UTC-06:00,1/17/2022 16:53,1/17/2022 17:56,63,Box Fitness,12.4,425,197,121,14,32,23,6,12,FALSE,,,
1/15/2022 22:07,1/16/2022 21:47,UTC-06:00,1/16/2022 8:30,1/16/2022 9:36,65,Box Fitness,8.9,350,176,115,9,36,29,19,4,FALSE,,,
1/13/2022 22:01,1/14/2022 23:34,UTC-06:00,1/14/2022 11:20,1/14/2022 12:36,75,Weightlifting,6,190,130,98,35,58,6,0,0,FALSE,,,
1/13/2022 0:01,1/13/2022 22:01,UTC-06:00,1/13/2022 15:34,1/13/2022 16:02,28,Box Fitness,11.9,354,179,153,0,3,12,17,65,FALSE,,,
1/13/2022 0:01,1/13/2022 22:01,UTC-06:00,1/13/2022 15:02,1/13/2022 15:22,19,Running,10,252,173,154,0,2,4,25,66,TRUE,3639.8,40.45,5.03
1/11/2022 23:58,1/13/2022 0:01,UTC-06:00,1/12/2022 18:22,1/12/2022 18:51,29,Weightlifting,5.6,131,137,111,1,59,39,0,0,FALSE,,,
1/11/2022 23:58,1/13/2022 0:01,UTC-06:00,1/12/2022 18:04,1/12/2022 18:18,13,Running,10.3,202,193,163,3,1,2,5,51,TRUE,132.84,0,0
1/10/2022 22:08,1/11/2022 23:58,UTC-06:00,1/11/2022 9:13,1/11/2022 10:16,62,Weightlifting,8.6,291,180,110,21,41,17,11,7,FALSE,,,
1/9/2022 22:00,1/10/2022 22:08,UTC-06:00,1/10/2022 18:20,1/10/2022 19:21,61,Running,12.6,487,179,126,32,7,6,23,30,TRUE,111.53,0.39,-9.05
1/8/2022 23:22,1/9/2022 22:00,UTC-06:00,1/9/2022 8:37,1/9/2022 9:43,66,Box Fitness,10.2,444,172,120,7,21,55,8,6,FALSE,,,
1/8/2022 0:21,1/8/2022 23:22,UTC-06:00,1/8/2022 10:01,1/8/2022 10:52,50,Box Fitness,12.5,403,192,124,31,11,8,13,25,FALSE,,,
1/5/2022 22:25,1/7/2022 1:08,UTC-06:00,1/6/2022 16:46,1/6/2022 17:25,39,Functional Fitness,10.1,285,181,125,7,32,30,4,22,FALSE,,,
1/5/2022 22:25,1/7/2022 1:08,UTC-06:00,1/6/2022 15:42,1/6/2022 16:46,63,Box Fitness,12,384,184,117,31,29,8,3,26,FALSE,,,
1/4/2022 22:18,1/5/2022 22:25,UTC-06:00,1/5/2022 8:09,1/5/2022 9:29,79,Functional Fitness,7.4,266,172,101,34,45,13,4,2,FALSE,,,
1/4/2022 1:32,1/4/2022 22:18,UTC-06:00,1/4/2022 16:22,1/4/2022 16:48,25,Running,12.2,352,190,158,0,1,3,15,62,TRUE,4771.13,61.79,7.38
1/3/2022 2:44,1/4/2022 1:32,UTC-06:00,1/3/2022 15:49,1/3/2022 16:57,68,Weightlifting,11.1,427,193,119,9,33,36,8,5,FALSE,,,
1/1/2022 22:13,1/3/2022 2:44,UTC-06:00,1/2/2022 10:12,1/2/2022 10:41,29,Running,13.5,414,188,160,5,0,4,7,55,TRUE,114.4,3.55,-8.66
1/1/2022 1:11,1/1/2022 22:13,UTC-06:00,1/1/2022 17:51,1/1/2022 18:48,57,Functional Fitness,12.8,358,200,117,44,19,4,3,12,FALSE,,,
12/30/2021 23:43,1/1/2022 1:11,UTC-06:00,12/31/2021 10:24,12/31/2021 11:42,77,Functional Fitness,10,395,163,113,16,40,23,10,9,FALSE,,,
12/28/2021 22:50,12/30/2021 0:36,UTC-06:00,12/29/2021 17:05,12/29/2021 17:47,42,Functional Fitness,12.6,423,180,138,14,12,9,15,45,FALSE,,,
12/28/2021 1:29,12/28/2021 22:50,UTC-06:00,12/28/2021 17:16,12/28/2021 17:28,11,Running,8.7,163,180,159,1,1,1,13,77,TRUE,2350.95,26.28,-5.24
12/28/2021 1:29,12/28/2021 22:50,UTC-06:00,12/28/2021 15:43,12/28/2021 17:13,90,Weightlifting,8.3,367,153,105,24,45,24,5,0,FALSE,,,
12/27/2021 0:54,12/28/2021 1:29,UTC-06:00,12/27/2021 9:41,12/27/2021 10:18,37,Functional Fitness,12.4,410,185,143,7,4,16,27,37,FALSE,,,
12/26/2021 2:28,12/27/2021 0:54,UTC-06:00,12/26/2021 13:52,12/26/2021 16:09,136,Hiking/Rucking,2,133,106,81,97,2,0,0,0,TRUE,3470.89,24.89,4.43
12/24/2021 21:52,12/26/2021 2:28,UTC-06:00,12/25/2021 16:24,12/25/2021 16:38,14,Functional Fitness,7.5,154,173,147,0,2,23,21,53,FALSE,,,
12/24/2021 21:52,12/26/2021 2:28,UTC-06:00,12/25/2021 8:39,12/25/2021 9:25,46,Functional Fitness,9.7,300,169,122,21,25,18,11,23,FALSE,,,
12/23/2021 23:57,12/24/2021 21:52,UTC-06:00,12/24/2021 9:40,12/24/2021 10:22,41,Box Fitness,10.9,386,173,137,4,6,29,31,28,FALSE,,,
12/22/2021 0:11,12/22/2021 23:52,UTC-06:00,12/22/2021 7:56,12/22/2021 9:11,75,Box Fitness,10.2,438,169,116,12,34,29,16,7,FALSE,,,
12/20/2021 22:49,12/22/2021 0:11,UTC-06:00,12/21/2021 9:14,12/21/2021 9:30,16,Running,9.3,210,184,155,0,0,6,32,50,TRUE,22.36,0,0.25
12/20/2021 22:49,12/22/2021 0:11,UTC-06:00,12/21/2021 8:23,12/21/2021 9:14,51,Weightlifting,7.1,248,151,112,8,49,33,8,0,FALSE,,,
12/19/2021 23:18,12/20/2021 22:49,UTC-06:00,12/20/2021 18:04,12/20/2021 18:35,31,Running,11.3,348,181,145,7,4,9,27,46,TRUE,7.54,0,-0.01
12/19/2021 23:18,12/20/2021 22:49,UTC-06:00,12/20/2021 8:09,12/20/2021 9:02,52,Weightlifting,7.8,273,164,115,14,40,22,19,2,FALSE,,,
12/18/2021 23:51,12/19/2021 23:18,UTC-06:00,12/19/2021 8:39,12/19/2021 9:38,59,Box Fitness,11.6,415,181,122,26,14,17,16,22,FALSE,,,
12/17/2021 0:44,12/18/2021 4:23,UTC-06:00,12/17/2021 16:29,12/17/2021 17:30,60,Box Fitness,12.4,392,198,120,15,38,20,8,4,FALSE,,,
12/16/2021 1:54,12/17/2021 0:44,UTC-06:00,12/16/2021 16:32,12/16/2021 17:19,47,Box Fitness,8.7,269,174,115,17,32,22,14,13,FALSE,,,
12/14/2021 23:38,12/16/2021 1:54,UTC-06:00,12/15/2021 15:58,12/15/2021 16:24,26,Weightlifting,4.7,70,137,98,28,59,11,0,0,FALSE,,,
12/14/2021 23:38,12/16/2021 1:54,UTC-06:00,12/15/2021 9:17,12/15/2021 9:37,19,Weightlifting,5.5,104,158,114,3,40,40,11,4,FALSE,,,
12/14/2021 23:38,12/16/2021 1:54,UTC-06:00,12/15/2021 8:50,12/15/2021 9:15,25,Running,13.6,346,192,157,2,14,5,5,5,TRUE,2.04,0,-88.4
12/13/2021 22:59,12/14/2021 23:38,UTC-06:00,12/14/2021 9:24,12/14/2021 10:22,57,Weightlifting,7.1,250,158,109,14,38,36,9,0,FALSE,,,
12/12/2021 23:40,12/13/2021 22:59,UTC-06:00,12/13/2021 9:32,12/13/2021 10:28,56,Box Fitness,11.5,364,189,122,5,34,33,10,3,FALSE,,,
12/12/2021 3:19,12/12/2021 23:40,UTC-06:00,12/12/2021 17:53,12/12/2021 18:19,26,Running,11.8,341,181,156,0,0,2,16,76,TRUE,2494.25,19.13,-4.51
12/9/2021 22:25,12/10/2021 15:17,UTC-06:00,12/10/2021 8:14,12/10/2021 9:08,53,Box Fitness,10.9,419,188,126,4,21,28,33,9,FALSE,,,
12/8/2021 23:40,12/9/2021 22:25,UTC-06:00,12/9/2021 15:15,12/9/2021 16:06,51,Box Fitness,14.7,537,197,139,2,26,16,12,12,FALSE,,,
12/8/2021 1:10,12/8/2021 23:40,UTC-06:00,12/8/2021 8:28,12/8/2021 9:15,46,Box Fitness,10.9,293,186,117,21,41,2,9,14,FALSE,,,
12/6/2021 22:00,12/8/2021 1:10,UTC-06:00,12/7/2021 9:50,12/7/2021 10:27,36,Box Fitness,14.6,519,196,159,1,0,5,8,50,FALSE,,,
12/6/2021 4:03,12/6/2021 22:00,UTC-06:00,12/6/2021 13:00,12/6/2021 13:55,54,Weightlifting,4,56,113,78,90,9,0,0,0,FALSE,,,
12/4/2021 23:29,12/6/2021 4:03,UTC-06:00,12/5/2021 8:36,12/5/2021 9:35,58,Box Fitness,11.9,381,192,118,31,14,17,10,18,FALSE,,,
12/3/2021 21:30,12/4/2021 23:29,UTC-06:00,12/4/2021 9:28,12/4/2021 10:59,91,Weightlifting,7.4,302,149,103,28,43,26,2,0,FALSE,,,
12/2/2021 21:43,12/3/2021 21:30,UTC-06:00,12/3/2021 9:30,12/3/2021 10:18,47,Box Fitness,7.8,263,169,114,17,26,28,26,2,FALSE,,,
12/1/2021 20:57,12/2/2021 21:43,UTC-06:00,12/2/2021 9:18,12/2/2021 10:12,54,Weightlifting,7.7,282,150,112,11,32,35,20,0,FALSE,,,
12/1/2021 20:57,12/2/2021 21:43,UTC-06:00,12/2/2021 8:53,12/2/2021 9:10,16,Stairmaster,4.4,46,130,94,55,16,28,0,0,FALSE,,,
11/29/2021 21:42,11/30/2021 19:58,UTC-06:00,11/30/2021 15:28,11/30/2021 16:37,69,Box Fitness,9.1,335,178,107,32,19,24,14,7,FALSE,,,
11/28/2021 20:47,11/29/2021 21:42,UTC-06:00,11/29/2021 9:31,11/29/2021 10:32,60,Box Fitness,10.1,359,185,118,11,28,31,18,6,FALSE,,,
11/28/2021 20:47,11/29/2021 21:42,UTC-06:00,11/29/2021 8:18,11/29/2021 9:22,63,Weightlifting,5.8,168,138,98,31,50,17,0,0,FALSE,,,
11/26/2021 21:05,11/27/2021 20:24,UTC-06:00,11/27/2021 9:42,11/27/2021 10:41,58,Box Fitness,13.1,526,188,132,6,18,22,20,26,FALSE,,,
11/25/2021 22:25,11/26/2021 21:05,UTC-06:00,11/26/2021 14:57,11/26/2021 15:56,58,Functional Fitness,5.3,136,135,95,40,48,10,0,0,FALSE,,,
11/24/2021 21:43,11/25/2021 22:25,UTC-06:00,11/25/2021 9:36,11/25/2021 10:14,37,Box Fitness,14.1,463,192,150,2,13,11,6,28,FALSE,,,
11/23/2021 0:33,11/23/2021 20:15,UTC-06:00,11/23/2021 16:30,11/23/2021 17:25,55,Box Fitness,8.3,301,158,112,18,24,36,20,0,FALSE,,,
11/21/2021 21:45,11/23/2021 0:33,UTC-06:00,11/22/2021 10:20,11/22/2021 10:31,10,Rowing,6.3,105,162,137,0,6,23,43,26,TRUE,,,
11/21/2021 21:45,11/23/2021 0:33,UTC-06:00,11/22/2021 9:19,11/22/2021 10:20,60,Weightlifting,6.5,210,137,102,21,52,25,0,0,FALSE,,,
11/20/2021 23:34,11/21/2021 21:45,UTC-06:00,11/21/2021 14:24,11/21/2021 15:35,70,Functional Fitness,7.1,248,149,103,31,37,24,7,0,FALSE,,,
11/18/2021 21:54,11/20/2021 6:50,UTC-06:00,11/19/2021 18:36,11/19/2021 19:48,71,Softball,4.6,106,152,80,75,15,6,2,0,FALSE,,,
11/17/2021 19:50,11/18/2021 21:54,UTC-06:00,11/18/2021 16:17,11/18/2021 17:07,49,Functional Fitness,10.4,405,171,129,2,17,21,54,4,FALSE,,,
11/16/2021 21:04,11/17/2021 19:50,UTC-06:00,11/17/2021 10:02,11/17/2021 10:31,28,Functional Fitness,12.3,344,181,149,0,1,30,7,40,FALSE,,,
11/16/2021 21:04,11/17/2021 19:50,UTC-06:00,11/17/2021 8:21,11/17/2021 9:12,51,Weightlifting,5.8,162,149,100,28,44,24,3,0,FALSE,,,
11/15/2021 21:39,11/16/2021 21:04,UTC-06:00,11/16/2021 15:28,11/16/2021 16:04,35,Box Fitness,12.2,363,183,139,5,11,17,16,35,FALSE,,,
11/14/2021 21:25,11/15/2021 21:39,UTC-06:00,11/15/2021 10:20,11/15/2021 10:40,20,Box Fitness,6.1,119,170,118,10,32,21,24,10,FALSE,,,
11/14/2021 21:25,11/15/2021 21:39,UTC-06:00,11/15/2021 9:22,11/15/2021 10:16,53,Weightlifting,6.1,183,149,101,36,30,28,4,0,FALSE,,,
11/13/2021 23:55,11/14/2021 21:25,UTC-06:00,11/14/2021 8:28,11/14/2021 9:31,63,Box Fitness,11.4,389,188,115,30,13,24,10,16,FALSE,,,
11/12/2021 22:59,11/13/2021 23:55,UTC-06:00,11/13/2021 9:16,11/13/2021 9:47,31,Box Fitness,9,256,178,127,4,21,16,27,29,FALSE,,,
11/12/2021 0:00,11/12/2021 22:59,UTC-06:00,11/12/2021 18:30,11/12/2021 20:45,135,Softball,7,297,166,87,66,19,8,4,1,FALSE,,,
8/5/2021 22:47,8/6/2021 22:02,UTC-05:00,8/6/2021 15:40,8/6/2021 16:29,49,Box Fitness,12.6,464,185,133,3,10,41,18,14,FALSE,,,
8/4/2021 22:02,8/5/2021 22:47,UTC-05:00,8/5/2021 15:40,8/5/2021 16:03,23,Swimming,5.5,118,140,111,11,40,46,1,0,TRUE,21.09,0.5,5.65
8/4/2021 22:02,8/5/2021 22:47,UTC-05:00,8/5/2021 14:56,8/5/2021 15:14,17,Box Fitness,10.6,239,174,157,0,5,0,4,87,FALSE,,,
8/4/2021 22:02,8/5/2021 22:47,UTC-05:00,8/5/2021 14:21,8/5/2021 14:54,32,Weightlifting,5.8,141,147,108,12,51,25,10,0,FALSE,,,
8/4/2021 22:02,8/5/2021 22:47,UTC-05:00,8/5/2021 8:21,8/5/2021 9:05,44,Manual Labor,6.9,234,134,113,0,54,44,0,0,TRUE,526.35,12.58,-0.63
8/3/2021 22:36,8/4/2021 22:02,UTC-05:00,8/4/2021 9:59,8/4/2021 11:18,78,Yoga,3.5,78,106,72,97,2,0,0,0,FALSE,,,
8/2/2021 21:52,8/3/2021 22:36,UTC-05:00,8/3/2021 12:15,8/3/2021 12:43,28,Swimming,5.8,141,149,112,10,31,51,6,0,TRUE,81.2,15.2,-0.74
8/2/2021 21:52,8/3/2021 22:36,UTC-05:00,8/3/2021 10:57,8/3/2021 12:02,65,Weightlifting,7,239,167,105,17,54,22,5,0,FALSE,,,
8/1/2021 21:41,8/2/2021 21:52,UTC-05:00,8/2/2021 14:14,8/2/2021 15:15,61,Weightlifting,7.2,268,138,112,0,45,52,1,0,FALSE,,,
7/31/2021 22:52,8/1/2021 21:41,UTC-05:00,8/1/2021 15:24,8/1/2021 15:45,20,Spin,6.5,158,154,131,4,8,24,62,0,FALSE,,,
7/30/2021 22:59,7/31/2021 22:52,UTC-05:00,7/31/2021 13:46,7/31/2021 13:53,7,HIIT,6,76,188,146,0,4,10,30,29,FALSE,,,
7/30/2021 22:59,7/31/2021 22:52,UTC-05:00,7/31/2021 12:45,7/31/2021 13:41,56,Weightlifting,6.8,226,155,113,6,39,46,7,0,FALSE,,,
7/29/2021 23:04,7/30/2021 22:59,UTC-05:00,7/30/2021 9:48,7/30/2021 10:08,19,Walking,4.3,29,111,95,32,67,0,0,0,TRUE,1791.98,13.5,-0.16
7/21/2021 22:07,7/22/2021 21:43,UTC-05:00,7/22/2021 15:24,7/22/2021 15:43,19,Swimming,6,134,159,122,1,17,42,35,3,TRUE,32.41,6.95,-5.71
7/21/2021 22:07,7/22/2021 21:43,UTC-05:00,7/22/2021 14:13,7/22/2021 15:00,47,Weightlifting,5.6,134,130,101,16,72,10,0,0,FALSE,,,
7/21/2021 22:07,7/22/2021 21:43,UTC-05:00,7/22/2021 9:58,7/22/2021 10:28,30,Activity,7.3,231,147,126,0,6,66,26,0,FALSE,,,
7/21/2021 3:21,7/21/2021 22:07,UTC-05:00,7/21/2021 15:35,7/21/2021 16:32,57,Box Fitness,12.6,448,194,126,11,26,20,12,20,FALSE,,,
7/19/2021 23:02,7/21/2021 3:21,UTC-05:00,7/20/2021 10:31,7/20/2021 11:08,37,Yoga,4.3,54,117,82,71,28,0,0,0,FALSE,,,
7/19/2021 23:02,7/21/2021 3:21,UTC-05:00,7/20/2021 9:48,7/20/2021 10:30,41,Walking,3.9,42,104,80,92,7,0,0,0,FALSE,,,
7/16/2021 21:24,7/17/2021 21:54,UTC-05:00,7/17/2021 10:04,7/17/2021 10:57,52,Functional Fitness,11.4,402,172,126,12,16,25,16,29,FALSE,,,
7/15/2021 23:00,7/16/2021 21:24,UTC-05:00,7/16/2021 8:45,7/16/2021 9:57,72,Functional Fitness,12.8,475,195,119,16,28,22,13,7,FALSE,,,
7/14/2021 21:56,7/15/2021 23:00,UTC-05:00,7/15/2021 15:28,7/15/2021 16:33,65,Box Fitness,11.8,461,169,121,10,34,15,15,24,FALSE,,,
7/13/2021 22:56,7/14/2021 21:56,UTC-05:00,7/14/2021 15:25,7/14/2021 16:04,39,Box Fitness,10.2,303,191,122,15,17,23,12,24,FALSE,,,
7/13/2021 22:56,7/14/2021 21:56,UTC-05:00,7/14/2021 9:05,7/14/2021 10:07,61,Manual Labor,8.2,341,136,114,0,44,54,0,0,FALSE,,,
7/12/2021 21:51,7/13/2021 22:56,UTC-05:00,7/13/2021 9:02,7/13/2021 10:13,71,Functional Fitness,8.8,286,172,105,28,45,12,6,6,FALSE,,,
7/11/2021 21:53,7/12/2021 21:51,UTC-05:00,7/12/2021 16:28,7/12/2021 17:30,61,Functional Fitness,11.1,378,187,116,24,21,23,13,10,FALSE,,,
7/9/2021 23:18,7/10/2021 23:04,UTC-05:00,7/10/2021 10:06,7/10/2021 11:23,76,Box Fitness,12.1,467,183,114,32,15,22,11,14,FALSE,,,
7/8/2021 22:23,7/9/2021 23:18,UTC-05:00,7/9/2021 9:16,7/9/2021 10:11,54,Box Fitness,10.4,383,182,121,5,28,37,19,5,FALSE,,,
7/6/2021 21:29,7/7/2021 22:32,UTC-05:00,7/7/2021 9:12,7/7/2021 10:27,74,Box Fitness,14.3,599,193,127,9,28,23,10,11,FALSE,,,
7/5/2021 21:23,7/6/2021 21:29,UTC-05:00,7/6/2021 9:25,7/6/2021 10:31,66,Box Fitness,12.1,495,181,124,11,21,25,26,12,FALSE,,,
7/5/2021 21:23,7/6/2021 21:29,UTC-05:00,7/6/2021 8:16,7/6/2021 9:20,64,Weightlifting,6.6,228,142,102,21,49,27,1,0,FALSE,,,
7/4/2021 21:37,7/5/2021 21:23,UTC-05:00,7/5/2021 15:34,7/5/2021 15:47,13,Running,8.3,169,168,150,0,1,1,34,62,TRUE,2603.73,15.73,3.62
7/3/2021 22:13,7/4/2021 21:37,UTC-05:00,7/4/2021 9:52,7/4/2021 11:07,74,Manual Labor,6.8,242,133,102,25,57,17,0,0,FALSE,,,
7/2/2021 22:17,7/3/2021 22:13,UTC-05:00,7/3/2021 14:00,7/3/2021 14:28,28,Activity,7.9,240,158,129,0,4,53,39,2,FALSE,,,
7/1/2021 22:44,7/2/2021 22:17,UTC-05:00,7/2/2021 15:25,7/2/2021 16:23,57,Weightlifting,6.2,185,148,100,28,44,24,1,0,FALSE,,,
6/30/2021 21:00,7/1/2021 22:44,UTC-05:00,7/1/2021 15:35,7/1/2021 16:23,47,Box Fitness,9.1,281,168,113,21,37,7,16,17,FALSE,,,
6/30/2021 21:00,7/1/2021 22:44,UTC-05:00,7/1/2021 11:36,7/1/2021 12:56,80,Manual Labor,5,127,119,90,67,30,1,0,0,FALSE,,,
6/30/2021 1:26,6/30/2021 21:00,UTC-05:00,6/30/2021 15:30,6/30/2021 16:23,53,Box Fitness,9.7,332,176,115,15,24,40,4,14,FALSE,,,
6/28/2021 21:05,6/30/2021 1:26,UTC-05:00,6/29/2021 8:12,6/29/2021 8:59,46,Box Fitness,12.7,428,177,132,19,13,7,14,43,FALSE,,,
6/28/2021 5:16,6/28/2021 21:05,UTC-05:00,6/28/2021 11:55,6/28/2021 12:30,34,Manual Labor,5.4,118,118,103,9,85,5,0,0,FALSE,,,
6/26/2021 22:24,6/28/2021 5:16,UTC-05:00,6/27/2021 8:36,6/27/2021 9:39,63,Box Fitness,11.9,478,173,124,10,21,26,23,18,FALSE,,,
6/25/2021 22:06,6/26/2021 22:24,UTC-05:00,6/26/2021 9:46,6/26/2021 10:49,63,Box Fitness,12.9,505,183,125,19,15,14,22,24,FALSE,,,
6/24/2021 22:36,6/25/2021 22:06,UTC-05:00,6/25/2021 9:29,6/25/2021 10:27,57,Box Fitness,13.1,447,185,125,14,21,27,9,9,FALSE,,,
6/23/2021 21:43,6/24/2021 22:36,UTC-05:00,6/24/2021 15:29,6/24/2021 16:41,72,Box Fitness,14.3,682,178,134,7,18,11,20,39,FALSE,,,
6/22/2021 22:37,6/23/2021 21:43,UTC-05:00,6/23/2021 15:16,6/23/2021 16:08,52,Box Fitness,10.8,338,174,116,21,29,9,13,25,FALSE,,,
6/21/2021 22:38,6/22/2021 22:37,UTC-05:00,6/22/2021 16:31,6/22/2021 17:17,45,Box Fitness,11.3,354,182,126,8,25,32,9,14,FALSE,,,
6/19/2021 22:05,6/20/2021 21:54,UTC-05:00,6/20/2021 8:33,6/20/2021 9:43,69,Box Fitness,13.2,566,189,126,12,15,25,21,20,FALSE,,,
6/19/2021 3:54,6/19/2021 22:05,UTC-05:00,6/19/2021 10:52,6/19/2021 11:35,43,Box Fitness,12.1,423,184,137,4,9,24,26,32,FALSE,,,
6/17/2021 22:40,6/19/2021 3:54,UTC-05:00,6/18/2021 15:33,6/18/2021 16:36,62,Box Fitness,11.4,416,176,119,19,24,17,20,16,FALSE,,,
6/16/2021 21:49,6/17/2021 22:40,UTC-05:00,6/17/2021 15:32,6/17/2021 16:14,42,Box Fitness,11,319,183,125,12,30,14,10,26,FALSE,,,
6/14/2021 21:51,6/16/2021 2:46,UTC-05:00,6/15/2021 9:53,6/15/2021 10:45,52,Functional Fitness,10.1,338,186,115,22,15,24,21,12,FALSE,,,
6/13/2021 22:00,6/14/2021 21:51,UTC-05:00,6/14/2021 16:47,6/14/2021 17:11,24,Functional Fitness,7.2,179,181,126,4,21,28,28,17,FALSE,,,
6/9/2021 22:06,6/10/2021 23:24,UTC-05:00,6/10/2021 9:33,6/10/2021 10:32,58,Box Fitness,13,425,190,124,15,26,24,8,11,FALSE,,,
6/8/2021 22:46,6/9/2021 22:06,UTC-05:00,6/9/2021 7:52,6/9/2021 8:25,33,Box Fitness,10.6,296,180,133,11,13,16,21,30,FALSE,,,
6/7/2021 21:47,6/8/2021 22:46,UTC-05:00,6/8/2021 15:31,6/8/2021 15:57,26,Box Fitness,4.6,60,155,96,46,38,12,2,0,FALSE,,,
6/6/2021 22:18,6/7/2021 21:47,UTC-05:00,6/7/2021 16:30,6/7/2021 17:16,46,Box Fitness,12.9,437,182,136,3,18,25,15,25,FALSE,,,
6/6/2021 22:18,6/7/2021 21:47,UTC-05:00,6/7/2021 9:46,6/7/2021 11:31,104,Manual Labor,12.4,706,158,121,6,21,38,32,1,FALSE,,,
6/5/2021 22:31,6/6/2021 22:18,UTC-05:00,6/6/2021 8:45,6/6/2021 9:34,49,Box Fitness,9.8,320,182,121,5,34,29,14,12,FALSE,,,
6/4/2021 23:27,6/5/2021 22:31,UTC-05:00,6/5/2021 19:31,6/5/2021 20:46,74,Rock Climbing,4.2,84,116,75,87,12,0,0,0,TRUE,17.46,1.91,7.9
6/4/2021 23:27,6/5/2021 22:31,UTC-05:00,6/5/2021 9:30,6/5/2021 10:00,29,Functional Fitness,4.8,79,139,98,33,50,15,0,0,FALSE,,,
6/3/2021 21:42,6/4/2021 23:27,UTC-05:00,6/4/2021 16:28,6/4/2021 17:28,59,Functional Fitness,10.6,411,172,120,8,22,40,12,15,FALSE,,,
6/3/2021 21:42,6/4/2021 23:27,UTC-05:00,6/4/2021 9:13,6/4/2021 9:51,38,Manual Labor,5.7,148,125,105,10,68,21,0,0,TRUE,183.45,22.89,0.46
6/2/2021 21:52,6/3/2021 21:42,UTC-05:00,6/3/2021 16:16,6/3/2021 16:50,34,Manual Labor,6.2,175,144,112,3,47,39,9,0,FALSE,,,
6/2/2021 21:52,6/3/2021 21:42,UTC-05:00,6/3/2021 8:21,6/3/2021 9:07,46,Box Fitness,11.8,393,181,128,19,11,17,15,34,FALSE,,,
6/1/2021 21:26,6/2/2021 21:52,UTC-05:00,6/2/2021 15:25,6/2/2021 15:30,4,Running,5.8,59,177,148,5,3,4,10,66,FALSE,,,
6/1/2021 21:26,6/2/2021 21:52,UTC-05:00,6/2/2021 15:16,6/2/2021 15:25,9,Walking,,9,92,79,99,0,0,0,0,TRUE,760.67,9.02,-1.81
5/31/2021 21:13,6/1/2021 21:26,UTC-05:00,6/1/2021 15:30,6/1/2021 16:14,43,Functional Fitness,5.3,117,138,97,38,35,24,1,0,FALSE,,,
5/30/2021 22:01,5/31/2021 21:13,UTC-05:00,5/31/2021 9:23,5/31/2021 10:21,57,Box Fitness,17.2,821,187,162,0,4,4,6,40,FALSE,,,
5/29/2021 23:24,5/30/2021 22:01,UTC-05:00,5/30/2021 7:59,5/30/2021 9:08,69,Manual Labor,6.4,205,131,102,18,68,13,0,0,FALSE,,,
5/27/2021 22:30,5/29/2021 1:10,UTC-05:00,5/28/2021 10:13,5/28/2021 11:03,49,Functional Fitness,11.5,366,192,124,13,22,22,20,11,FALSE,,,
5/26/2021 21:26,5/27/2021 22:30,UTC-05:00,5/27/2021 8:59,5/27/2021 10:30,91,Functional Fitness,9.1,358,167,104,33,32,21,8,4,FALSE,,,
5/24/2021 22:30,5/25/2021 21:17,UTC-05:00,5/25/2021 15:32,5/25/2021 16:19,47,Box Fitness,10.5,408,168,130,1,11,36,38,11,FALSE,,,
5/23/2021 21:37,5/24/2021 22:30,UTC-05:00,5/24/2021 9:25,5/24/2021 10:29,64,Box Fitness,11.7,489,177,125,9,15,38,22,14,FALSE,,,
5/22/2021 0:58,5/22/2021 22:43,UTC-05:00,5/22/2021 19:26,5/22/2021 21:22,116,Rock Climbing,5.7,201,129,93,53,40,6,0,0,TRUE,27.49,5.92,43.74
5/20/2021 21:42,5/22/2021 0:58,UTC-05:00,5/21/2021 8:15,5/21/2021 9:28,72,Weightlifting,7.3,283,137,107,6,54,38,0,0,FALSE,,,
5/19/2021 22:01,5/20/2021 21:42,UTC-05:00,5/20/2021 9:29,5/20/2021 10:27,58,Box Fitness,10.2,335,178,115,21,31,17,14,12,FALSE,,,
5/18/2021 21:34,5/19/2021 22:01,UTC-05:00,5/19/2021 9:17,5/19/2021 10:18,60,Functional Fitness,9.4,381,166,115,17,13,38,26,3,FALSE,,,
5/17/2021 20:54,5/18/2021 21:34,UTC-05:00,5/18/2021 8:09,5/18/2021 9:24,74,Functional Fitness,9.4,392,178,115,6,39,40,9,3,FALSE,,,
5/15/2021 22:00,5/16/2021 22:56,UTC-05:00,5/16/2021 8:38,5/16/2021 9:40,62,Box Fitness,10.4,441,171,123,2,26,29,35,5,FALSE,,,
5/14/2021 21:39,5/15/2021 22:00,UTC-05:00,5/15/2021 9:04,5/15/2021 9:54,49,Box Fitness,8.3,254,177,108,34,18,22,14,9,FALSE,,,
5/13/2021 22:26,5/14/2021 21:39,UTC-05:00,5/14/2021 15:38,5/14/2021 16:29,51,Weightlifting,6.1,178,140,104,22,47,26,2,0,FALSE,,,
5/13/2021 22:26,5/14/2021 21:39,UTC-05:00,5/14/2021 8:07,5/14/2021 8:51,44,Manual Labor,6,169,133,107,11,59,29,0,0,FALSE,,,
5/12/2021 22:30,5/13/2021 22:26,UTC-05:00,5/13/2021 15:21,5/13/2021 16:31,70,Box Fitness,14,583,184,131,9,25,15,7,35,FALSE,,,
5/11/2021 21:57,5/12/2021 22:30,UTC-05:00,5/12/2021 16:30,5/12/2021 17:38,67,Box Fitness,13,600,178,133,1,9,32,36,17,FALSE,,,
5/11/2021 21:57,5/12/2021 22:30,UTC-05:00,5/12/2021 16:06,5/12/2021 16:11,4,Running,6.3,64,182,157,0,7,3,3,46,TRUE,935.97,5.64,-0.58
5/9/2021 22:14,5/10/2021 21:57,UTC-05:00,5/10/2021 15:24,5/10/2021 16:31,66,Box Fitness,9.4,348,177,114,9,40,31,12,5,FALSE,,,
5/8/2021 21:57,5/9/2021 22:14,UTC-05:00,5/9/2021 8:31,5/9/2021 9:32,60,Box Fitness,12.9,511,178,129,7,14,34,14,24,FALSE,,,
5/5/2021 22:48,5/6/2021 22:09,UTC-05:00,5/6/2021 15:35,5/6/2021 16:15,40,Weightlifting,6.2,158,156,104,29,27,25,16,0,FALSE,,,
5/4/2021 22:13,5/5/2021 22:48,UTC-05:00,5/5/2021 15:37,5/5/2021 16:27,50,Functional Fitness,7.4,248,157,111,14,33,39,10,1,FALSE,,,
5/2/2021 21:50,5/3/2021 21:55,UTC-05:00,5/3/2021 15:53,5/3/2021 17:05,72,Box Fitness,11.5,508,184,124,2,17,44,24,8,FALSE,,,
4/30/2021 22:06,5/1/2021 21:58,UTC-05:00,5/1/2021 9:59,5/1/2021 10:38,38,Box Fitness,13.3,436,182,145,6,10,15,6,44,FALSE,,,
4/28/2021 21:52,4/29/2021 21:37,UTC-05:00,4/29/2021 15:17,4/29/2021 16:17,60,Box Fitness,11.2,352,184,114,26,26,21,7,12,FALSE,,,
4/26/2021 21:23,4/27/2021 22:32,UTC-05:00,4/27/2021 16:31,4/27/2021 17:19,48,Box Fitness,9.2,285,179,119,3,42,28,11,12,FALSE,,,
4/25/2021 22:15,4/26/2021 21:23,UTC-05:00,4/26/2021 16:24,4/26/2021 16:38,14,Running,8.1,173,169,149,0,2,3,33,60,TRUE,2464.76,18.81,0.04
4/23/2021 21:54,4/24/2021 22:00,UTC-05:00,4/24/2021 9:36,4/24/2021 11:09,92,Functional Fitness,13.7,649,182,125,7,32,18,12,26,FALSE,,,
4/21/2021 21:39,4/22/2021 21:37,UTC-05:00,4/22/2021 9:32,4/22/2021 10:34,62,Functional Fitness,9.7,376,169,120,5,28,41,15,9,FALSE,,,
4/20/2021 22:10,4/21/2021 21:39,UTC-05:00,4/21/2021 9:30,4/21/2021 10:40,70,Box Fitness,12.4,452,190,120,20,23,19,13,16,FALSE,,,
4/18/2021 21:48,4/19/2021 22:40,UTC-05:00,4/19/2021 15:28,4/19/2021 16:23,55,Functional Fitness,9.8,369,181,123,5,18,39,24,10,FALSE,,,
4/17/2021 22:40,4/18/2021 21:48,UTC-05:00,4/18/2021 16:07,4/18/2021 16:36,28,Box Fitness,8.2,188,187,120,18,28,15,10,22,FALSE,,,
4/15/2021 22:11,4/17/2021 1:57,UTC-05:00,4/16/2021 9:05,4/16/2021 10:39,94,Box Fitness,7.6,298,168,102,30,41,17,8,1,FALSE,,,
4/14/2021 22:27,4/15/2021 22:11,UTC-05:00,4/15/2021 16:00,4/15/2021 16:22,22,Box Fitness,6.1,134,165,119,8,31,24,26,9,FALSE,,,
4/14/2021 22:27,4/15/2021 22:11,UTC-05:00,4/15/2021 15:18,4/15/2021 16:00,41,Weightlifting,4.5,67,127,91,53,40,5,0,0,FALSE,,,
4/13/2021 22:31,4/14/2021 22:27,UTC-05:00,4/14/2021 15:35,4/14/2021 16:21,46,Box Fitness,9.5,234,191,113,16,51,10,6,4,FALSE,,,
4/11/2021 22:37,4/13/2021 1:58,UTC-05:00,4/12/2021 15:30,4/12/2021 16:19,49,Weightlifting,5.5,142,144,102,25,50,23,0,0,FALSE,,,
4/7/2021 22:25,4/8/2021 22:17,UTC-05:00,4/8/2021 16:31,4/8/2021 17:27,55,Box Fitness,8.3,274,167,111,22,30,24,14,7,FALSE,,,
4/6/2021 22:58,4/7/2021 22:25,UTC-05:00,4/7/2021 15:18,4/7/2021 16:00,42,Box Fitness,11.3,410,179,137,2,4,24,41,25,FALSE,,,
4/5/2021 0:21,4/5/2021 22:55,UTC-05:00,4/5/2021 15:23,4/5/2021 16:23,59,Box Fitness,13,515,184,133,0,22,26,24,18,FALSE,,,
4/1/2021 22:31,4/2/2021 22:07,UTC-05:00,4/2/2021 15:43,4/2/2021 17:30,107,Box Fitness,12.3,556,179,114,18,32,30,8,8,FALSE,,,
3/29/2021 22:42,3/31/2021 1:09,UTC-05:00,3/30/2021 9:25,3/30/2021 9:41,15,HIIT,7.7,168,172,143,0,0,21,40,38,FALSE,,,
3/29/2021 22:42,3/31/2021 1:09,UTC-05:00,3/30/2021 9:13,3/30/2021 9:23,9,Running,9.2,141,194,163,0,6,1,11,17,TRUE,356.31,13.62,-0.06
3/19/2021 22:11,3/20/2021 22:28,UTC-05:00,3/20/2021 10:07,3/20/2021 10:46,38,Box Fitness,10.4,333,171,132,1,23,14,30,29,FALSE,,,
3/18/2021 23:27,3/19/2021 22:11,UTC-05:00,3/19/2021 15:12,3/19/2021 16:38,85,Activity,8.1,353,137,109,5,60,33,0,0,FALSE,,,
3/17/2021 23:13,3/18/2021 23:27,UTC-05:00,3/18/2021 17:29,3/18/2021 18:24,54,HIIT,11.6,428,189,129,1,25,27,21,18,FALSE,,,
3/17/2021 23:13,3/18/2021 23:27,UTC-05:00,3/18/2021 16:45,3/18/2021 17:28,43,Box Fitness,9.7,311,181,125,0,30,34,20,10,FALSE,,,
3/16/2021 21:07,3/17/2021 22:13,UTC-06:00,3/17/2021 9:58,3/17/2021 10:12,14,Running,6.7,132,159,135,2,11,23,34,27,TRUE,1936.41,19.08,-5.43
3/15/2021 20:38,3/16/2021 21:07,UTC-06:00,3/16/2021 14:25,3/16/2021 15:24,59,Box Fitness,9.3,324,179,116,7,39,29,13,7,FALSE,,,
3/14/2021 21:17,3/15/2021 20:38,UTC-06:00,3/15/2021 14:32,3/15/2021 15:58,86,Box Fitness,10.6,490,163,115,26,13,26,31,1,FALSE,,,
3/12/2021 23:28,3/13/2021 22:00,UTC-06:00,3/13/2021 10:07,3/13/2021 11:09,61,Box Fitness,13.2,538,185,132,14,13,8,28,30,FALSE,,,
3/11/2021 22:43,3/12/2021 23:28,UTC-06:00,3/12/2021 15:38,3/12/2021 16:20,41,Box Fitness,10.1,266,187,118,21,31,16,10,7,FALSE,,,
3/10/2021 22:43,3/11/2021 22:43,UTC-06:00,3/11/2021 16:20,3/11/2021 17:14,53,Box Fitness,9.8,305,176,115,17,37,17,13,12,FALSE,,,
3/10/2021 22:43,3/11/2021 22:43,UTC-06:00,3/11/2021 15:45,3/11/2021 16:12,27,Other,7.2,205,172,127,0,10,41,44,2,FALSE,,,
3/8/2021 21:10,3/9/2021 22:50,UTC-06:00,3/9/2021 14:33,3/9/2021 15:19,45,Functional Fitness,10.1,330,170,124,10,24,13,26,24,FALSE,,,
3/7/2021 21:55,3/8/2021 21:10,UTC-06:00,3/8/2021 14:40,3/8/2021 15:49,69,Functional Fitness,12.8,569,181,131,1,17,30,34,11,FALSE,,,
3/5/2021 22:01,3/6/2021 22:10,UTC-06:00,3/6/2021 14:41,3/6/2021 15:21,40,Functional Fitness,9.2,306,162,127,5,16,21,44,11,FALSE,,,
3/5/2021 22:01,3/6/2021 22:10,UTC-06:00,3/6/2021 13:39,3/6/2021 14:17,38,Walking,4.1,48,135,89,75,19,4,0,0,TRUE,435.32,22.9,-0.89
3/3/2021 22:31,3/4/2021 22:13,UTC-06:00,3/4/2021 14:29,3/4/2021 15:28,58,Functional Fitness,11,470,170,129,2,11,27,50,7,FALSE,,,
3/2/2021 22:30,3/3/2021 22:31,UTC-06:00,3/3/2021 14:42,3/3/2021 15:51,69,Functional Fitness,11.1,497,163,124,8,14,26,46,4,FALSE,,,
3/2/2021 22:30,3/3/2021 22:31,UTC-06:00,3/3/2021 14:03,3/3/2021 14:16,12,Walking,4.6,55,137,105,32,12,48,6,0,TRUE,847.51,11.45,-0.89
3/2/2021 22:30,3/3/2021 22:31,UTC-06:00,3/3/2021 10:17,3/3/2021 10:45,28,Activity,5.1,100,131,103,33,39,27,0,0,FALSE,,,
3/1/2021 22:03,3/2/2021 22:30,UTC-06:00,3/2/2021 14:48,3/2/2021 15:36,47,Elliptical,7,244,138,115,1,41,55,1,0,FALSE,,,
2/28/2021 23:08,3/1/2021 22:03,UTC-06:00,3/1/2021 11:47,3/1/2021 12:16,29,Walking,4.3,41,119,92,54,44,1,0,0,TRUE,2638.54,33.34,0.76
2/26/2021 21:49,2/27/2021 22:39,UTC-06:00,2/27/2021 16:35,2/27/2021 16:50,15,Running,6.3,121,163,127,11,11,21,41,14,TRUE,2018.05,17.4,-6.56
2/25/2021 21:34,2/26/2021 21:49,UTC-06:00,2/26/2021 15:08,2/26/2021 16:06,57,Functional Fitness,8.9,305,177,111,24,22,31,12,8,FALSE,,,
2/23/2021 22:21,2/24/2021 22:09,UTC-05:00,2/24/2021 15:46,2/24/2021 16:01,15,Functional Fitness,7.1,149,173,138,0,5,23,33,36,FALSE,,,
2/23/2021 22:21,2/24/2021 22:09,UTC-05:00,2/24/2021 15:12,2/24/2021 15:31,18,Running,8.9,215,162,147,0,1,14,24,58,TRUE,2890.91,16.43,0.12
2/22/2021 21:57,2/23/2021 22:21,UTC-05:00,2/23/2021 17:30,2/23/2021 18:01,30,Stairmaster,6.6,190,151,119,5,26,51,17,0,FALSE,,,
2/21/2021 22:37,2/22/2021 21:57,UTC-05:00,2/22/2021 17:55,2/22/2021 18:04,8,Running,7.6,118,174,156,0,4,5,11,74,TRUE,,,
2/21/2021 22:37,2/22/2021 21:57,UTC-05:00,2/22/2021 17:00,2/22/2021 17:54,54,Weightlifting,6.9,232,151,108,14,42,35,7,0,FALSE,,,
2/18/2021 22:43,2/19/2021 22:39,UTC-06:00,2/19/2021 16:29,2/19/2021 16:46,17,Running,11.5,254,183,162,0,1,1,15,48,TRUE,3253.77,25.06,-2.63
2/18/2021 22:43,2/19/2021 22:39,UTC-06:00,2/19/2021 15:28,2/19/2021 16:22,53,Weightlifting,5.4,131,128,97,31,57,10,0,0,FALSE,,,
2/17/2021 23:18,2/18/2021 22:43,UTC-06:00,2/18/2021 15:04,2/18/2021 15:59,55,Weightlifting,5.7,156,140,100,24,54,19,1,0,FALSE,,,
2/16/2021 23:27,2/17/2021 23:18,UTC-06:00,2/17/2021 14:37,2/17/2021 15:24,46,Weightlifting,5.6,141,138,102,17,55,25,0,0,FALSE,,,
2/16/2021 23:27,2/17/2021 23:18,UTC-06:00,2/17/2021 14:02,2/17/2021 14:34,32,Stairmaster,6.5,177,151,115,16,19,43,19,0,FALSE,,,
2/14/2021 22:54,2/16/2021 0:22,UTC-06:00,2/15/2021 14:51,2/15/2021 14:57,5,Running,5.6,66,161,147,0,1,11,46,40,TRUE,,,
2/14/2021 22:54,2/16/2021 0:22,UTC-06:00,2/15/2021 13:43,2/15/2021 14:49,66,Weightlifting,6.5,226,137,103,17,48,33,0,0,FALSE,,,
2/11/2021 22:18,2/12/2021 22:59,UTC-06:00,2/12/2021 15:11,2/12/2021 15:25,14,Functional Fitness,7.4,153,166,142,0,4,22,33,39,FALSE,,,
2/11/2021 22:18,2/12/2021 22:59,UTC-06:00,2/12/2021 14:11,2/12/2021 15:10,58,Weightlifting,6,173,141,102,15,58,24,0,0,FALSE,,,
2/10/2021 22:00,2/11/2021 22:18,UTC-06:00,2/11/2021 15:36,2/11/2021 16:40,63,Weightlifting,6.9,244,148,107,16,40,37,5,0,FALSE,,,
2/9/2021 22:31,2/10/2021 22:00,UTC-06:00,2/10/2021 15:17,2/10/2021 16:02,45,Weightlifting,5.8,152,134,105,7,62,29,0,0,FALSE,,,
2/9/2021 22:31,2/10/2021 22:00,UTC-06:00,2/10/2021 14:55,2/10/2021 15:15,20,Elliptical,5.4,106,143,113,12,33,40,14,0,FALSE,,,
2/8/2021 22:23,2/9/2021 22:31,UTC-06:00,2/9/2021 14:09,2/9/2021 15:00,51,Weightlifting,7.9,294,154,117,2,24,54,17,0,FALSE,,,
2/8/2021 22:23,2/9/2021 22:31,UTC-06:00,2/9/2021 13:48,2/9/2021 14:09,20,Running,12.2,281,190,159,3,1,5,16,29,TRUE,344.58,0,0.18
2/7/2021 21:37,2/8/2021 22:23,UTC-06:00,2/8/2021 10:38,2/8/2021 11:52,74,Weightlifting,6.8,245,142,104,11,56,30,1,0,FALSE,,,
2/4/2021 21:56,2/5/2021 23:54,UTC-06:00,2/5/2021 11:08,2/5/2021 12:22,74,Weightlifting,6,186,148,98,25,52,19,2,0,FALSE,,,
2/3/2021 22:56,2/4/2021 21:56,UTC-06:00,2/4/2021 10:33,2/4/2021 11:48,74,Weightlifting,6.9,250,151,105,11,53,33,1,0,FALSE,,,
2/2/2021 22:12,2/3/2021 22:56,UTC-06:00,2/3/2021 16:03,2/3/2021 16:25,22,Running,11.6,294,185,156,1,0,5,14,67,TRUE,3635.5,21.71,0.97
1/31/2021 19:52,2/1/2021 21:52,UTC-06:00,2/1/2021 17:13,2/1/2021 18:09,55,Weightlifting,9.9,410,167,126,0,11,48,32,7,FALSE,,,
1/31/2021 19:52,2/1/2021 21:52,UTC-06:00,2/1/2021 17:01,2/1/2021 17:12,10,Rowing,6.4,106,174,138,4,1,27,26,36,TRUE,57.44,0,1.54
1/31/2021 2:04,1/31/2021 19:52,UTC-06:00,1/31/2021 14:15,1/31/2021 14:44,29,Elliptical,,29,99,83,97,2,0,0,0,TRUE,1396.6,3.06,-2.43
1/28/2021 23:22,1/30/2021 0:48,UTC-06:00,1/29/2021 12:03,1/29/2021 12:19,15,Elliptical,5.5,109,139,123,0,13,82,3,0,FALSE,,,
1/28/2021 23:22,1/30/2021 0:48,UTC-06:00,1/29/2021 11:14,1/29/2021 12:03,49,Weightlifting,5.7,145,142,101,25,50,18,5,0,FALSE,,,
1/27/2021 23:07,1/28/2021 23:22,UTC-06:00,1/28/2021 15:36,1/28/2021 15:48,11,Stairmaster,5.1,78,142,124,0,11,69,18,0,FALSE,,,
1/27/2021 23:07,1/28/2021 23:22,UTC-06:00,1/28/2021 14:32,1/28/2021 15:36,64,Weightlifting,5.6,149,148,96,27,57,13,1,0,FALSE,,,
1/26/2021 23:07,1/27/2021 23:07,UTC-06:00,1/27/2021 15:45,1/27/2021 16:06,21,Running,11.3,271,186,153,0,7,9,14,53,TRUE,3393.42,24.69,0.55
1/26/2021 23:07,1/27/2021 23:07,UTC-06:00,1/27/2021 14:15,1/27/2021 15:39,83,Weightlifting,7.7,317,148,106,10,51,35,3,0,FALSE,,,
1/24/2021 22:20,1/25/2021 23:05,UTC-06:00,1/25/2021 15:20,1/25/2021 16:39,79,Weightlifting,7,252,143,104,12,60,24,1,0,FALSE,,,
1/24/2021 22:20,1/25/2021 23:05,UTC-06:00,1/25/2021 14:40,1/25/2021 15:03,23,Stairmaster,4.7,60,122,100,14,81,3,0,0,FALSE,,,
1/21/2021 22:43,1/23/2021 0:46,UTC-06:00,1/22/2021 11:31,1/22/2021 11:53,21,Functional Fitness,7.4,184,166,131,1,16,23,39,19,FALSE,,,
1/21/2021 22:43,1/23/2021 0:46,UTC-06:00,1/22/2021 10:39,1/22/2021 11:28,48,Weightlifting,7,220,155,111,6,45,34,13,0,FALSE,,,
1/20/2021 21:35,1/21/2021 22:43,UTC-06:00,1/21/2021 10:37,1/21/2021 11:28,51,Weightlifting,5.8,161,145,103,19,48,28,3,0,FALSE,,,
1/20/2021 21:35,1/21/2021 22:43,UTC-06:00,1/21/2021 10:20,1/21/2021 10:36,15,Walking,6.7,119,168,124,18,9,20,22,28,TRUE,,,
1/19/2021 23:36,1/20/2021 21:35,UTC-06:00,1/20/2021 11:28,1/20/2021 11:40,11,Rowing,6.4,117,154,139,0,7,7,83,0,TRUE,15.65,0,0.52
1/19/2021 23:36,1/20/2021 21:35,UTC-06:00,1/20/2021 10:20,1/20/2021 11:28,68,Weightlifting,6.2,188,145,99,30,46,18,5,0,FALSE,,,
1/18/2021 22:59,1/19/2021 23:36,UTC-06:00,1/19/2021 14:24,1/19/2021 15:50,86,Weightlifting,7.5,304,145,105,15,52,29,3,0,FALSE,,,
1/18/2021 22:59,1/19/2021 23:36,UTC-06:00,1/19/2021 14:12,1/19/2021 14:20,8,Walking,4.4,33,146,105,25,27,35,11,0,TRUE,812.22,5.31,0.05
1/17/2021 22:58,1/18/2021 22:59,UTC-06:00,1/18/2021 10:32,1/18/2021 11:43,70,Weightlifting,6.3,204,156,101,28,49,18,2,0,FALSE,,,
1/14/2021 23:11,1/16/2021 0:25,UTC-06:00,1/15/2021 16:31,1/15/2021 17:02,31,Running,14.3,468,183,164,0,0,1,3,64,FALSE,,,
1/13/2021 23:05,1/14/2021 23:11,UTC-06:00,1/14/2021 14:39,1/14/2021 15:15,36,Weightlifting,5.4,121,135,104,15,49,35,0,0,FALSE,,,
1/13/2021 23:05,1/14/2021 23:11,UTC-06:00,1/14/2021 14:27,1/14/2021 14:38,10,Rowing,5.2,79,147,125,7,1,44,47,0,TRUE,0,0,0
1/12/2021 22:51,1/13/2021 23:05,UTC-06:00,1/13/2021 10:34,1/13/2021 11:23,48,Weightlifting,6.6,210,152,111,3,51,35,9,0,FALSE,,,
1/12/2021 22:51,1/13/2021 23:05,UTC-06:00,1/13/2021 10:17,1/13/2021 10:33,16,Elliptical,4.7,60,128,106,7,60,31,0,0,FALSE,,,
1/11/2021 23:16,1/12/2021 22:51,UTC-06:00,1/12/2021 14:37,1/12/2021 15:41,64,Weightlifting,5.3,135,140,96,35,50,13,0,0,FALSE,,,
1/10/2021 22:26,1/11/2021 23:16,UTC-06:00,1/11/2021 15:56,1/11/2021 16:27,30,HIIT,8.5,261,167,132,4,7,23,52,12,FALSE,,,
1/10/2021 22:26,1/11/2021 23:16,UTC-06:00,1/11/2021 14:46,1/11/2021 15:55,69,Weightlifting,5.1,123,159,94,43,45,10,0,0,FALSE,,,
1/8/2021 22:48,1/10/2021 0:34,UTC-06:00,1/9/2021 14:44,1/9/2021 15:23,39,Functional Fitness,11.5,337,176,128,25,6,10,6,47,FALSE,,,
1/7/2021 22:01,1/8/2021 22:48,UTC-06:00,1/8/2021 16:22,1/8/2021 16:41,18,Running,10.2,236,177,153,1,4,6,12,70,TRUE,3161.67,30.53,-1.11
1/7/2021 22:01,1/8/2021 22:48,UTC-06:00,1/8/2021 15:00,1/8/2021 16:03,62,Weightlifting,5.1,125,139,95,43,42,13,0,0,FALSE,,,
1/6/2021 22:57,1/7/2021 22:01,UTC-06:00,1/7/2021 11:27,1/7/2021 11:48,20,Stairmaster,6,147,139,125,0,6,85,8,0,FALSE,,,
1/6/2021 22:57,1/7/2021 22:01,UTC-06:00,1/7/2021 10:38,1/7/2021 11:26,47,Weightlifting,6.5,200,151,110,11,38,41,9,0,FALSE,,,
1/4/2021 23:01,1/5/2021 22:31,UTC-06:00,1/5/2021 16:08,1/5/2021 17:02,54,Weightlifting,6.6,220,146,110,8,43,42,5,0,FALSE,,,
1/4/2021 23:01,1/5/2021 22:31,UTC-06:00,1/5/2021 15:31,1/5/2021 15:57,25,Running,13,364,181,160,1,0,4,10,72,TRUE,5028.34,28.26,-0.13
1/3/2021 22:35,1/4/2021 23:01,UTC-06:00,1/4/2021 14:24,1/4/2021 16:09,104,Weightlifting,7.2,295,150,101,29,42,24,3,0,FALSE,,,
1/1/2021 21:29,1/3/2021 2:57,UTC-06:00,1/2/2021 11:10,1/2/2021 11:24,13,Functional Fitness,6.1,122,164,134,3,1,20,68,6,FALSE,,,
1/1/2021 21:29,1/3/2021 2:57,UTC-06:00,1/2/2021 10:18,1/2/2021 10:43,25,Running,7.8,189,169,128,3,20,30,21,24,TRUE,3242.54,25.48,-1.45
12/30/2020 23:06,1/1/2021 1:32,UTC-06:00,12/31/2020 14:25,12/31/2020 15:30,64,Functional Fitness,11.6,415,177,121,5,38,23,8,21,FALSE,,,
12/28/2020 22:40,12/29/2020 22:43,UTC-06:00,12/29/2020 15:07,12/29/2020 16:27,79,Weightlifting,6.8,256,152,104,18,49,30,1,0,FALSE,,,
12/27/2020 22:00,12/28/2020 22:40,UTC-06:00,12/28/2020 16:36,12/28/2020 16:53,17,Running,10.2,229,176,157,0,1,0,13,82,TRUE,2947.37,15.95,-0.56
12/27/2020 22:00,12/28/2020 22:40,UTC-06:00,12/28/2020 15:36,12/28/2020 16:31,54,Weightlifting,6.8,225,156,109,13,41,34,9,0,FALSE,,,
12/26/2020 23:04,12/27/2020 22:00,UTC-06:00,12/27/2020 13:54,12/27/2020 15:04,69,Weightlifting,7.2,258,155,106,16,49,25,8,0,FALSE,,,
12/25/2020 21:58,12/26/2020 23:04,UTC-06:00,12/26/2020 11:03,12/26/2020 11:42,38,Other,6.1,165,149,110,17,32,32,17,0,FALSE,,,
12/25/2020 21:58,12/26/2020 23:04,UTC-06:00,12/26/2020 9:40,12/26/2020 10:55,74,Functional Fitness,12.9,460,185,115,32,15,17,10,13,FALSE,,,
12/24/2020 22:36,12/25/2020 21:58,UTC-06:00,12/25/2020 15:05,12/25/2020 15:23,18,Functional Fitness,4.8,73,143,103,34,14,46,4,0,FALSE,,,
12/24/2020 22:36,12/25/2020 21:58,UTC-06:00,12/25/2020 10:08,12/25/2020 10:32,24,Walking,4.1,28,108,90,69,30,0,0,0,TRUE,2133.77,17.78,0.06
12/22/2020 22:05,12/23/2020 23:33,UTC-06:00,12/23/2020 15:39,12/23/2020 16:25,45,Functional Fitness,12,388,195,132,12,11,16,36,11,FALSE,,,
12/21/2020 22:31,12/22/2020 22:05,UTC-06:00,12/22/2020 16:14,12/22/2020 16:27,13,Functional Fitness,5.6,99,158,128,0,14,43,36,5,FALSE,,,
12/21/2020 22:31,12/22/2020 22:05,UTC-06:00,12/22/2020 15:21,12/22/2020 16:13,51,Weightlifting,5.1,104,147,95,36,48,12,2,0,FALSE,,,
12/20/2020 22:24,12/21/2020 22:31,UTC-06:00,12/21/2020 17:50,12/21/2020 18:08,18,Stairmaster,6.7,143,169,128,3,16,23,41,14,FALSE,,,
12/20/2020 22:24,12/21/2020 22:31,UTC-06:00,12/21/2020 16:30,12/21/2020 17:49,79,Weightlifting,6.8,260,146,103,24,37,35,2,0,FALSE,,,
12/19/2020 2:39,12/19/2020 23:44,UTC-06:00,12/19/2020 10:04,12/19/2020 11:02,57,Functional Fitness,13.4,569,176,139,4,9,17,31,36,FALSE,,,
12/17/2020 22:38,12/19/2020 2:39,UTC-06:00,12/18/2020 14:15,12/18/2020 14:56,41,Weightlifting,5.6,137,141,104,17,50,29,2,0,FALSE,,,
12/17/2020 22:38,12/19/2020 2:39,UTC-06:00,12/18/2020 13:52,12/18/2020 14:09,16,Running,9.5,207,172,152,3,0,6,17,71,TRUE,3223.01,29.4,-0.51
12/15/2020 22:44,12/16/2020 21:47,UTC-06:00,12/16/2020 12:05,12/16/2020 13:13,67,Weightlifting,8.3,313,161,113,5,42,37,12,2,FALSE,,,
12/14/2020 22:20,12/15/2020 22:44,UTC-06:00,12/15/2020 15:22,12/15/2020 16:29,66,Functional Fitness,14,529,189,129,7,37,10,8,20,FALSE,,,
12/14/2020 0:34,12/14/2020 22:20,UTC-06:00,12/14/2020 12:11,12/14/2020 13:21,70,Weightlifting,6.2,198,142,100,27,52,17,3,0,FALSE,,,
12/12/2020 1:18,12/13/2020 2:24,UTC-06:00,12/12/2020 9:44,12/12/2020 10:42,57,Functional Fitness,11.4,448,183,128,0,18,36,32,9,FALSE,,,
12/10/2020 22:53,12/12/2020 1:18,UTC-06:00,12/11/2020 11:15,12/11/2020 12:17,62,Functional Fitness,10.8,340,179,113,27,26,22,4,14,FALSE,,,
12/7/2020 22:51,12/8/2020 23:02,UTC-06:00,12/8/2020 15:32,12/8/2020 16:01,28,Functional Fitness,12.3,309,182,141,15,11,8,3,31,FALSE,,,
12/6/2020 21:48,12/7/2020 22:51,UTC-06:00,12/7/2020 15:33,12/7/2020 16:30,57,Functional Fitness,11.8,397,175,123,10,35,17,7,27,FALSE,,,
12/3/2020 22:57,12/5/2020 1:06,UTC-06:00,12/4/2020 23:00,12/5/2020 1:00,120,Other,4.3,122,124,79,79,10,0,0,0,FALSE,,,
12/3/2020 22:57,12/5/2020 1:06,UTC-06:00,12/4/2020 15:49,12/4/2020 16:06,16,Running,11.1,243,180,163,0,2,0,2,73,TRUE,3022.09,19.63,-1.37
12/3/2020 22:57,12/5/2020 1:06,UTC-06:00,12/4/2020 14:35,12/4/2020 15:39,64,Functional Fitness,7.5,261,168,106,35,25,15,22,1,FALSE,,,
12/2/2020 23:12,12/3/2020 22:57,UTC-06:00,12/3/2020 15:22,12/3/2020 16:35,72,Weightlifting,8.3,331,169,112,4,45,35,12,1,FALSE,,,
12/2/2020 0:01,12/2/2020 23:12,UTC-06:00,12/2/2020 16:40,12/2/2020 17:26,46,Weightlifting,6.7,179,168,109,3,64,23,5,3,FALSE,,,
12/2/2020 0:01,12/2/2020 23:12,UTC-06:00,12/2/2020 16:12,12/2/2020 16:31,18,Running,10.7,255,173,158,1,0,2,3,90,TRUE,3088.37,30.9,-0.22
11/30/2020 22:26,12/2/2020 0:01,UTC-06:00,12/1/2020 9:55,12/1/2020 11:01,65,Functional Fitness,11.2,465,170,125,5,24,21,30,17,FALSE,,,
11/29/2020 22:05,11/30/2020 22:26,UTC-06:00,11/30/2020 16:48,11/30/2020 17:33,45,Weightlifting,5.5,131,148,104,13,56,29,1,0,FALSE,,,
11/29/2020 22:05,11/30/2020 22:26,UTC-06:00,11/30/2020 6:41,11/30/2020 6:54,13,Running,7.1,124,172,137,2,18,13,20,44,TRUE,2092.98,21.51,0.32
11/28/2020 0:44,11/29/2020 0:42,UTC-06:00,11/28/2020 10:07,11/28/2020 10:47,40,Functional Fitness,13.1,413,183,139,16,10,6,10,41,FALSE,,,
11/27/2020 0:20,11/28/2020 0:44,UTC-06:00,11/27/2020 14:08,11/27/2020 14:54,46,Functional Fitness,13.3,476,179,141,5,14,15,12,45,FALSE,,,
11/25/2020 22:44,11/27/2020 0:20,UTC-06:00,11/26/2020 15:19,11/26/2020 15:29,9,Running,8.7,134,188,161,0,4,3,13,34,TRUE,1979.57,10.12,-0.23
11/25/2020 22:44,11/27/2020 0:20,UTC-06:00,11/26/2020 14:38,11/26/2020 15:15,36,Weightlifting,6.1,175,152,113,9,25,59,5,0,FALSE,,,
11/23/2020 21:55,11/24/2020 23:58,UTC-06:00,11/24/2020 10:58,11/24/2020 11:17,19,Running,12,281,185,164,0,1,1,10,37,TRUE,3385.15,25.92,-3.33
11/23/2020 21:55,11/24/2020 23:58,UTC-06:00,11/24/2020 10:28,11/24/2020 10:52,24,Weightlifting,7.1,183,161,128,3,15,24,47,8,FALSE,,,
11/23/2020 0:56,11/23/2020 21:55,UTC-06:00,11/23/2020 17:37,11/23/2020 17:50,13,Functional Fitness,6.8,137,169,141,0,2,15,44,36,FALSE,,,
11/23/2020 0:56,11/23/2020 21:55,UTC-06:00,11/23/2020 16:59,11/23/2020 17:35,35,Weightlifting,6.1,168,143,114,5,28,54,11,0,FALSE,,,
11/21/2020 2:34,11/22/2020 0:06,UTC-06:00,11/21/2020 9:14,11/21/2020 10:11,56,Functional Fitness,8,282,163,113,5,44,35,9,4,FALSE,,,
11/18/2020 23:53,11/19/2020 22:47,UTC-06:00,11/19/2020 16:10,11/19/2020 16:27,16,Functional Fitness,7.8,177,174,142,0,3,15,41,39,FALSE,,,
11/18/2020 23:53,11/19/2020 22:47,UTC-06:00,11/19/2020 15:03,11/19/2020 16:03,60,Weightlifting,7.8,290,159,112,10,34,39,15,0,FALSE,,,
11/16/2020 22:36,11/17/2020 20:50,UTC-06:00,11/17/2020 15:19,11/17/2020 16:20,60,Weightlifting,5.4,138,135,96,36,46,16,0,0,FALSE,,,
11/16/2020 0:08,11/16/2020 22:36,UTC-06:00,11/16/2020 15:59,11/16/2020 16:25,26,Functional Fitness,11.4,299,184,147,0,13,13,12,48,FALSE,,,
11/16/2020 0:08,11/16/2020 22:36,UTC-06:00,11/16/2020 15:04,11/16/2020 15:57,53,Weightlifting,5.9,169,144,102,28,43,23,4,0,FALSE,,,
11/14/2020 22:37,11/16/2020 0:08,UTC-06:00,11/15/2020 10:18,11/15/2020 10:46,28,Running,9.9,264,167,134,12,14,10,20,41,TRUE,4516.79,42.1,2.25
11/9/2020 22:22,11/10/2020 22:00,UTC-06:00,11/10/2020 16:34,11/10/2020 17:08,34,Functional Fitness,6.9,163,167,103,43,16,12,19,8,FALSE,,,
11/8/2020 21:53,11/9/2020 22:22,UTC-06:00,11/9/2020 14:44,11/9/2020 15:40,55,Functional Fitness,9.3,276,170,111,28,34,8,13,14,FALSE,,,
11/5/2020 22:42,11/7/2020 1:18,UTC-06:00,11/6/2020 15:34,11/6/2020 16:39,64,Functional Fitness,12.3,445,181,121,14,29,20,10,22,FALSE,,,
11/5/2020 22:42,11/7/2020 1:18,UTC-06:00,11/6/2020 15:08,11/6/2020 15:16,8,Commuting,4.3,29,120,103,13,82,3,0,0,TRUE,1730.78,6.66,0.38
11/4/2020 21:57,11/5/2020 22:42,UTC-06:00,11/5/2020 16:33,11/5/2020 17:34,60,Functional Fitness,15.2,644,185,141,12,12,7,3,51,FALSE,,,
11/3/2020 23:00,11/4/2020 21:57,UTC-06:00,11/4/2020 15:30,11/4/2020 16:48,77,Functional Fitness,8.3,344,162,108,9,45,38,5,1,FALSE,,,
11/3/2020 23:00,11/4/2020 21:57,UTC-06:00,11/4/2020 15:03,11/4/2020 15:22,19,Cycling,4.8,69,131,102,23,48,28,0,0,TRUE,3531.28,16.28,-3.86
11/3/2020 23:00,11/4/2020 21:57,UTC-06:00,11/4/2020 14:19,11/4/2020 14:37,18,Walking,4.8,71,144,105,27,29,37,5,0,TRUE,1707.67,8.88,1.17
11/3/2020 1:13,11/3/2020 23:00,UTC-06:00,11/3/2020 15:03,11/3/2020 16:35,92,Weightlifting,7.7,301,158,103,16,62,15,4,0,FALSE,,,
11/2/2020 1:15,11/3/2020 1:13,UTC-06:00,11/2/2020 17:33,11/2/2020 18:35,62,Functional Fitness,11.3,422,175,121,16,19,24,22,16,FALSE,,,
10/31/2020 21:46,11/2/2020 2:15,UTC-05:00,11/1/2020 11:01,11/1/2020 11:29,27,Running,9.5,238,174,131,10,23,10,16,38,TRUE,1060.55,7.19,0.16
10/29/2020 23:18,10/30/2020 21:48,UTC-05:00,10/30/2020 9:18,10/30/2020 10:34,75,Functional Fitness,12.2,523,171,122,16,18,20,23,20,FALSE,,,
10/29/2020 0:09,10/29/2020 23:18,UTC-05:00,10/29/2020 15:00,10/29/2020 15:54,53,Functional Fitness,11.8,417,175,127,13,20,15,26,23,TRUE,42.97,0,0.1
10/27/2020 22:10,10/29/2020 0:09,UTC-05:00,10/28/2020 13:40,10/28/2020 14:32,52,Functional Fitness,7.6,250,163,110,20,28,30,17,3,FALSE,,,
10/26/2020 23:16,10/27/2020 22:10,UTC-05:00,10/27/2020 9:22,10/27/2020 10:13,50,Functional Fitness,8.2,288,162,116,10,32,32,21,2,FALSE,,,
10/25/2020 21:44,10/26/2020 23:16,UTC-05:00,10/26/2020 16:36,10/26/2020 16:44,8,Commuting,4.9,61,141,126,0,4,77,17,0,TRUE,1630.77,3.75,0.22
10/25/2020 21:44,10/26/2020 23:16,UTC-05:00,10/26/2020 16:02,10/26/2020 16:31,28,Running,11.7,356,168,151,0,0,6,23,69,TRUE,3821.77,25.91,-0.04
10/25/2020 21:44,10/26/2020 23:16,UTC-05:00,10/26/2020 15:10,10/26/2020 15:54,44,Functional Fitness,10.5,365,189,130,1,10,45,25,10,FALSE,,,
10/25/2020 21:44,10/26/2020 23:16,UTC-05:00,10/26/2020 15:00,10/26/2020 15:07,6,Commuting,4.6,44,138,121,7,11,69,12,0,TRUE,1594.88,4.09,-0.1
10/23/2020 22:36,10/25/2020 2:23,UTC-05:00,10/24/2020 10:00,10/24/2020 10:52,51,Functional Fitness,13.9,523,184,138,16,7,4,22,35,FALSE,,,
10/22/2020 21:26,10/23/2020 22:36,UTC-05:00,10/23/2020 16:01,10/23/2020 16:25,23,Running,9,234,179,138,3,6,16,41,29,TRUE,3564.84,22.03,0.02
10/22/2020 21:26,10/23/2020 22:36,UTC-05:00,10/23/2020 15:44,10/23/2020 15:53,8,Functional Fitness,4.5,40,142,108,14,28,41,16,0,FALSE,,,
10/21/2020 22:05,10/22/2020 21:26,UTC-05:00,10/22/2020 15:39,10/22/2020 16:32,53,Functional Fitness,11.5,439,175,130,0,20,29,27,20,FALSE,,,
10/21/2020 22:05,10/22/2020 21:26,UTC-05:00,10/22/2020 14:53,10/22/2020 15:12,18,Running,11.2,252,186,159,2,0,3,11,56,TRUE,3082.38,22.54,-0.17
10/20/2020 23:23,10/21/2020 22:05,UTC-05:00,10/21/2020 15:11,10/21/2020 15:52,41,Functional Fitness,12.5,397,177,137,5,19,12,17,39,FALSE,,,
10/19/2020 23:06,10/20/2020 23:23,UTC-05:00,10/20/2020 16:44,10/20/2020 17:28,43,Functional Fitness,14.2,519,184,148,4,9,10,10,49,FALSE,,,
10/19/2020 23:06,10/20/2020 23:23,UTC-05:00,10/20/2020 15:25,10/20/2020 16:24,58,Weightlifting,6.4,208,141,104,16,56,25,1,0,FALSE,,,
10/18/2020 20:56,10/19/2020 23:06,UTC-05:00,10/19/2020 16:20,10/19/2020 16:27,6,Commuting,5.6,71,163,141,0,10,6,42,40,TRUE,1638.43,4.31,0.18
10/18/2020 20:56,10/19/2020 23:06,UTC-05:00,10/19/2020 15:25,10/19/2020 16:15,50,Weightlifting,7.3,240,154,109,22,30,34,13,0,FALSE,,,
10/18/2020 20:56,10/19/2020 23:06,UTC-05:00,10/19/2020 15:01,10/19/2020 15:11,10,Commuting,4.7,52,137,114,13,20,61,3,0,TRUE,1619.87,5.35,-0.05
10/17/2020 0:02,10/18/2020 1:46,UTC-05:00,10/17/2020 10:03,10/17/2020 10:59,55,Functional Fitness,11.6,441,171,126,15,16,7,39,20,FALSE,,,
10/15/2020 21:09,10/17/2020 0:02,UTC-05:00,10/16/2020 16:30,10/16/2020 17:29,59,Functional Fitness,13.5,527,188,132,8,16,22,17,23,FALSE,,,
10/14/2020 23:32,10/15/2020 21:09,UTC-05:00,10/15/2020 16:41,10/15/2020 17:14,32,Functional Fitness,10,220,186,120,24,30,10,6,13,FALSE,,,
10/14/2020 23:32,10/15/2020 21:09,UTC-05:00,10/15/2020 16:05,10/15/2020 16:32,27,Gymnastics,5,87,138,102,23,46,28,1,0,FALSE,,,
10/14/2020 23:32,10/15/2020 21:09,UTC-05:00,10/15/2020 15:03,10/15/2020 16:05,61,Weightlifting,7,242,155,107,9,50,29,9,0,FALSE,,,
10/14/2020 23:32,10/15/2020 21:09,UTC-05:00,10/15/2020 14:49,10/15/2020 14:57,8,Commuting,4.3,32,127,105,14,52,33,0,0,TRUE,1654.32,4.13,0.42
10/13/2020 22:47,10/14/2020 23:32,UTC-05:00,10/14/2020 11:09,10/14/2020 11:30,21,Running,9.8,233,177,144,3,10,13,18,53,TRUE,3636.81,50.77,0.71
10/13/2020 22:47,10/14/2020 23:32,UTC-05:00,10/14/2020 9:20,10/14/2020 10:38,78,Weightlifting,5.6,163,132,95,39,51,8,0,0,FALSE,,,
10/12/2020 21:31,10/13/2020 22:47,UTC-05:00,10/13/2020 10:44,10/13/2020 11:44,60,Weightlifting,6.3,201,147,104,15,50,32,2,0,FALSE,,,
10/12/2020 21:31,10/13/2020 22:47,UTC-05:00,10/13/2020 9:34,10/13/2020 10:20,45,Functional Fitness,11.3,332,188,124,19,17,21,17,13,FALSE,,,
10/11/2020 23:02,10/12/2020 21:31,UTC-05:00,10/12/2020 16:19,10/12/2020 16:28,8,Commuting,5.3,77,150,134,0,0,39,60,0,TRUE,1528.09,2.29,0.03
10/11/2020 23:02,10/12/2020 21:31,UTC-05:00,10/12/2020 15:12,10/12/2020 16:17,65,Functional Fitness,11.6,470,183,124,8,18,33,25,9,FALSE,,,
10/11/2020 23:02,10/12/2020 21:31,UTC-05:00,10/12/2020 14:59,10/12/2020 15:05,5,Commuting,4.3,28,125,112,1,42,56,0,0,TRUE,1574.1,2.72,-0.09
10/10/2020 1:22,10/10/2020 22:43,UTC-05:00,10/10/2020 10:05,10/10/2020 10:47,42,Functional Fitness,12.8,428,187,140,3,16,18,21,29,FALSE,,,
10/10/2020 1:22,10/10/2020 22:43,UTC-05:00,10/10/2020 9:31,10/10/2020 9:48,17,Functional Fitness,8.6,176,183,139,0,20,23,5,40,FALSE,,,
10/8/2020 22:16,10/10/2020 1:22,UTC-05:00,10/9/2020 15:45,10/9/2020 16:22,37,Functional Fitness,11.3,337,183,133,2,14,35,15,18,FALSE,,,
10/8/2020 22:16,10/10/2020 1:22,UTC-05:00,10/9/2020 15:10,10/9/2020 15:44,34,Weightlifting,6.1,169,146,112,4,42,48,3,0,FALSE,,,
10/6/2020 21:34,10/7/2020 23:46,UTC-05:00,10/7/2020 11:16,10/7/2020 12:26,69,Running,13.7,660,179,136,2,6,28,31,27,TRUE,108.99,48.72,0.29
10/5/2020 22:29,10/6/2020 21:34,UTC-05:00,10/6/2020 17:33,10/6/2020 18:29,56,Functional Fitness,12.2,422,185,125,8,26,26,12,16,FALSE,,,
10/4/2020 21:45,10/5/2020 22:29,UTC-05:00,10/5/2020 17:29,10/5/2020 17:37,8,Commuting,6.9,107,171,152,0,0,8,34,57,TRUE,1714.54,3.31,0.09
10/4/2020 21:45,10/5/2020 22:29,UTC-05:00,10/5/2020 16:28,10/5/2020 17:17,49,Functional Fitness,9.7,241,182,109,37,30,9,3,11,FALSE,,,
10/4/2020 21:45,10/5/2020 22:29,UTC-05:00,10/5/2020 15:43,10/5/2020 15:50,6,Commuting,4.7,50,144,125,6,3,38,51,0,TRUE,1628.4,2.49,0.22
10/4/2020 2:01,10/4/2020 21:45,UTC-05:00,10/4/2020 11:52,10/4/2020 12:24,31,Functional Fitness,10.2,259,177,129,7,31,16,4,35,FALSE,,,
10/4/2020 2:01,10/4/2020 21:45,UTC-05:00,10/4/2020 11:37,10/4/2020 11:47,10,Commuting,4.7,55,144,115,23,11,50,14,0,TRUE,1713.14,7.39,0.21
10/2/2020 23:24,10/4/2020 2:01,UTC-05:00,10/3/2020 19:30,10/3/2020 20:30,60,Climber,5.1,122,135,92,52,40,7,0,0,FALSE,,,
10/2/2020 23:24,10/4/2020 2:01,UTC-05:00,10/3/2020 15:33,10/3/2020 15:56,22,Cycling,6.7,175,153,126,3,6,55,35,0,TRUE,6159.56,13.28,-0.26
10/2/2020 23:24,10/4/2020 2:01,UTC-05:00,10/3/2020 10:11,10/3/2020 11:05,54,Functional Fitness,10.5,391,180,120,23,7,21,32,14,FALSE,,,
10/2/2020 23:24,10/4/2020 2:01,UTC-05:00,10/3/2020 9:27,10/3/2020 10:03,35,Weightlifting,4.7,67,133,92,50,44,5,0,0,FALSE,,,
9/30/2020 22:21,10/1/2020 23:23,UTC-05:00,10/1/2020 15:25,10/1/2020 16:14,48,Functional Fitness,7.3,232,163,108,28,22,28,19,1,FALSE,,,
9/29/2020 23:42,9/30/2020 22:21,UTC-05:00,9/30/2020 15:24,9/30/2020 16:28,64,Functional Fitness,6.8,219,153,102,26,46,17,9,0,FALSE,,,
9/29/2020 23:42,9/30/2020 22:21,UTC-05:00,9/30/2020 14:46,9/30/2020 15:05,19,Walking,4.1,24,128,89,79,15,5,0,0,TRUE,1840.32,11.35,0.21
9/28/2020 21:48,9/29/2020 23:42,UTC-05:00,9/29/2020 10:30,9/29/2020 10:53,23,Weightlifting,5.8,134,152,116,0,33,46,20,0,FALSE,,,
9/28/2020 21:48,9/29/2020 23:42,UTC-05:00,9/29/2020 9:53,9/29/2020 10:18,24,Running,12.6,344,180,159,0,0,2,7,70,TRUE,4428.18,52.68,0.99
9/27/2020 21:45,9/28/2020 21:48,UTC-05:00,9/28/2020 17:11,9/28/2020 17:52,41,Functional Fitness,10.6,327,176,125,17,14,12,29,24,FALSE,,,
9/26/2020 23:23,9/27/2020 21:45,UTC-05:00,9/27/2020 16:22,9/27/2020 17:15,52,Weightlifting,5,100,122,93,43,54,2,0,0,FALSE,,,
9/25/2020 23:36,9/26/2020 23:23,UTC-05:00,9/26/2020 9:43,9/26/2020 10:54,70,Functional Fitness,15.9,708,189,137,14,10,19,11,18,FALSE,,,
9/24/2020 22:15,9/25/2020 23:36,UTC-05:00,9/25/2020 15:12,9/25/2020 15:59,46,Functional Fitness,7.8,267,161,114,18,15,44,18,2,FALSE,,,
9/23/2020 22:24,9/24/2020 22:15,UTC-05:00,9/24/2020 15:14,9/24/2020 16:19,64,Functional Fitness,10.2,342,181,113,17,41,17,11,9,FALSE,,,
9/23/2020 0:47,9/23/2020 22:24,UTC-05:00,9/23/2020 16:10,9/23/2020 16:35,25,Functional Fitness,13,326,192,154,1,6,16,14,18,FALSE,,,
9/23/2020 0:47,9/23/2020 22:24,UTC-05:00,9/23/2020 15:43,9/23/2020 16:10,26,Weightlifting,5.1,97,147,103,31,34,25,8,0,FALSE,,,
9/21/2020 22:31,9/23/2020 0:47,UTC-05:00,9/22/2020 9:52,9/22/2020 10:49,57,Other,5.4,105,174,85,77,13,3,1,3,TRUE,821.86,5.53,-0.08
9/20/2020 0:08,9/20/2020 22:49,UTC-05:00,9/20/2020 12:56,9/20/2020 13:31,34,Activity,4.4,56,134,91,65,29,4,0,0,FALSE,,,
9/20/2020 0:08,9/20/2020 22:49,UTC-05:00,9/20/2020 11:00,9/20/2020 12:09,69,Functional Fitness,7.7,276,165,105,23,49,16,9,0,FALSE,,,
9/18/2020 22:56,9/20/2020 0:08,UTC-05:00,9/19/2020 9:27,9/19/2020 10:03,35,Weightlifting,7.9,250,161,123,4,21,36,32,4,FALSE,,,
9/17/2020 22:39,9/18/2020 22:56,UTC-05:00,9/18/2020 15:48,9/18/2020 16:39,50,Functional Fitness,10.1,307,173,116,22,28,19,9,20,FALSE,,,
9/16/2020 22:37,9/17/2020 22:39,UTC-05:00,9/17/2020 15:16,9/17/2020 16:40,83,Functional Fitness,12.2,383,191,108,38,26,15,5,4,FALSE,,,
9/15/2020 23:11,9/16/2020 22:37,UTC-05:00,9/16/2020 16:56,9/16/2020 17:11,14,Functional Fitness,4.8,61,158,106,37,17,19,23,2,FALSE,,,
9/15/2020 23:11,9/16/2020 22:37,UTC-05:00,9/16/2020 16:07,9/16/2020 16:49,41,Weightlifting,4.3,61,134,83,64,29,5,0,0,FALSE,,,
9/14/2020 22:13,9/15/2020 23:11,UTC-05:00,9/15/2020 16:29,9/15/2020 17:24,55,Functional Fitness,12.9,534,176,137,0,10,30,21,35,FALSE,,,
9/14/2020 22:13,9/15/2020 23:11,UTC-05:00,9/15/2020 15:48,9/15/2020 16:27,39,Weightlifting,6.9,212,154,115,5,36,37,19,0,FALSE,,,
9/12/2020 22:12,9/14/2020 0:14,UTC-05:00,9/13/2020 10:46,9/13/2020 11:15,28,Weightlifting,5.5,119,158,108,5,61,22,9,1,FALSE,,,
9/12/2020 22:12,9/14/2020 0:14,UTC-05:00,9/13/2020 10:14,9/13/2020 10:45,30,Functional Fitness,10.6,296,177,136,6,11,20,20,37,FALSE,,,
9/10/2020 22:36,9/11/2020 23:04,UTC-05:00,9/11/2020 15:11,9/11/2020 16:24,72,Functional Fitness,9.8,364,180,111,17,34,30,8,6,FALSE,,,
9/9/2020 23:23,9/10/2020 22:36,UTC-05:00,9/10/2020 16:35,9/10/2020 17:27,52,Functional Fitness,13.4,521,185,139,0,13,24,27,21,FALSE,,,
9/9/2020 23:23,9/10/2020 22:36,UTC-05:00,9/10/2020 15:45,9/10/2020 16:35,50,Gymnastics,7,232,157,110,13,36,38,10,0,FALSE,,,
9/8/2020 22:28,9/9/2020 23:23,UTC-05:00,9/9/2020 9:31,9/9/2020 10:31,60,Functional Fitness,13.5,579,185,137,2,11,30,18,33,FALSE,,,
9/7/2020 2:11,9/7/2020 23:50,UTC-05:00,9/7/2020 16:27,9/7/2020 17:34,66,Functional Fitness,11.4,421,184,121,3,42,21,14,13,FALSE,,,
9/7/2020 2:11,9/7/2020 23:50,UTC-05:00,9/7/2020 15:45,9/7/2020 16:27,41,Gymnastics,5.6,139,145,103,21,41,32,3,0,FALSE,,,
9/7/2020 2:11,9/7/2020 23:50,UTC-05:00,9/7/2020 12:38,9/7/2020 12:45,7,Walking,4.3,24,153,104,30,41,9,19,0,TRUE,843.88,5.07,-0.68
9/5/2020 21:39,9/7/2020 2:11,UTC-05:00,9/6/2020 10:34,9/6/2020 11:22,47,Running,11.5,392,181,130,7,14,30,19,21,TRUE,2433.17,3.53,0.05
9/3/2020 22:23,9/4/2020 22:52,UTC-05:00,9/4/2020 15:19,9/4/2020 16:12,53,Functional Fitness,10.7,347,182,122,10,24,34,10,14,FALSE,,,
9/2/2020 22:39,9/3/2020 22:23,UTC-05:00,9/3/2020 11:17,9/3/2020 11:37,19,Functional Fitness,7.1,162,170,132,3,12,24,36,23,FALSE,,,
9/2/2020 22:39,9/3/2020 22:23,UTC-05:00,9/3/2020 10:29,9/3/2020 11:17,47,Weightlifting,5.4,128,136,101,24,53,21,0,0,FALSE,,,
8/31/2020 22:05,9/1/2020 21:36,UTC-05:00,9/1/2020 16:00,9/1/2020 17:00,60,Weightlifting,7.2,264,152,112,8,36,46,8,0,FALSE,,,
8/30/2020 22:10,8/31/2020 22:05,UTC-05:00,8/31/2020 17:43,8/31/2020 18:01,17,Functional Fitness,7.9,178,172,140,3,6,15,31,42,FALSE,,,
8/30/2020 22:10,8/31/2020 22:05,UTC-05:00,8/31/2020 16:17,8/31/2020 16:34,16,Gymnastics,4.2,30,133,95,44,42,13,0,0,FALSE,,,
8/29/2020 21:56,8/30/2020 22:10,UTC-05:00,8/30/2020 15:13,8/30/2020 16:25,72,Functional Fitness,7.4,274,159,108,20,36,25,17,0,FALSE,,,
8/26/2020 22:26,8/27/2020 22:59,UTC-05:00,8/27/2020 15:09,8/27/2020 15:42,33,Weightlifting,6.3,172,160,116,6,25,45,21,1,FALSE,,,
8/21/2020 22:22,8/22/2020 21:43,UTC-05:00,8/22/2020 9:11,8/22/2020 9:57,45,Functional Fitness,13,488,176,144,0,4,22,24,46,FALSE,,,
8/20/2020 22:47,8/21/2020 22:22,UTC-05:00,8/21/2020 16:30,8/21/2020 17:14,44,Functional Fitness,11,321,189,126,3,26,35,16,4,FALSE,,,
8/20/2020 22:47,8/21/2020 22:22,UTC-05:00,8/21/2020 16:09,8/21/2020 16:19,10,Rowing,6.5,110,174,143,3,1,5,47,40,TRUE,,,
8/20/2020 22:47,8/21/2020 22:22,UTC-05:00,8/21/2020 8:52,8/21/2020 9:53,60,Other,9.6,372,171,120,7,26,30,29,5,FALSE,,,
8/18/2020 23:55,8/19/2020 22:44,UTC-05:00,8/19/2020 16:30,8/19/2020 17:32,62,Functional Fitness,12.1,439,186,125,6,20,44,6,13,FALSE,,,
8/17/2020 22:46,8/18/2020 23:55,UTC-05:00,8/18/2020 11:12,8/18/2020 11:34,21,Running,11.8,304,177,160,0,0,0,17,63,TRUE,3696.94,34.35,0.21
8/17/2020 22:46,8/18/2020 23:55,UTC-05:00,8/18/2020 10:14,8/18/2020 11:09,54,Weightlifting,5.5,140,132,99,32,41,26,0,0,FALSE,,,
8/16/2020 21:58,8/17/2020 22:46,UTC-05:00,8/17/2020 16:47,8/17/2020 17:31,44,Functional Fitness,11.5,402,178,135,2,21,10,26,37,FALSE,,,
8/14/2020 22:21,8/15/2020 22:21,UTC-05:00,8/15/2020 10:03,8/15/2020 10:50,46,Functional Fitness,13.3,464,181,139,6,19,8,17,37,FALSE,,,
8/14/2020 22:21,8/15/2020 22:21,UTC-05:00,8/15/2020 9:44,8/15/2020 9:56,12,Running,6.8,125,171,140,2,8,18,37,33,TRUE,1937.74,9.98,-0.25
8/13/2020 22:12,8/14/2020 22:21,UTC-05:00,8/14/2020 15:36,8/14/2020 16:06,30,Functional Fitness,10.3,274,178,134,8,14,27,5,40,FALSE,,,
8/12/2020 21:51,8/13/2020 22:12,UTC-05:00,8/13/2020 15:10,8/13/2020 16:15,65,Functional Fitness,9.4,309,176,108,38,23,10,15,11,FALSE,,,
8/11/2020 22:08,8/12/2020 21:51,UTC-05:00,8/12/2020 15:33,8/12/2020 16:44,70,Functional Fitness,8.5,295,174,109,24,34,22,12,4,FALSE,,,
8/9/2020 22:52,8/10/2020 22:36,UTC-05:00,8/10/2020 17:46,8/10/2020 17:58,11,Running,9.9,173,182,164,0,1,4,8,32,TRUE,2078.68,21.85,0.17
8/9/2020 22:52,8/10/2020 22:36,UTC-05:00,8/10/2020 16:45,8/10/2020 17:43,58,Weightlifting,6.7,214,162,107,14,49,28,6,1,FALSE,,,
8/8/2020 23:40,8/9/2020 22:52,UTC-05:00,8/9/2020 9:45,8/9/2020 10:49,63,Activity,13.3,466,207,126,2,28,49,5,0,FALSE,,,
8/7/2020 23:06,8/8/2020 23:40,UTC-05:00,8/8/2020 11:32,8/8/2020 12:58,85,Other,8.8,403,153,112,5,33,52,8,0,TRUE,339.25,13.01,0.11
8/6/2020 22:19,8/7/2020 23:06,UTC-05:00,8/7/2020 15:38,8/7/2020 16:18,39,Functional Fitness,12.9,431,181,143,6,7,6,21,42,FALSE,,,
8/5/2020 22:53,8/6/2020 22:19,UTC-05:00,8/6/2020 15:02,8/6/2020 15:17,15,Functional Fitness,7.7,142,176,136,0,15,36,9,26,FALSE,,,
8/5/2020 22:53,8/6/2020 22:19,UTC-05:00,8/6/2020 14:19,8/6/2020 15:01,41,Weightlifting,6.7,197,150,111,17,23,41,16,0,FALSE,,,
8/5/2020 22:53,8/6/2020 22:19,UTC-05:00,8/6/2020 13:13,8/6/2020 13:35,21,Walking,4.6,51,124,99,17,80,2,0,0,TRUE,1945.57,7.84,0.04
8/4/2020 22:45,8/5/2020 22:53,UTC-05:00,8/5/2020 16:32,8/5/2020 16:48,16,Rowing,7.7,167,169,140,4,0,4,64,24,TRUE,60.9,14.88,-15.04
8/4/2020 22:45,8/5/2020 22:53,UTC-05:00,8/5/2020 15:35,8/5/2020 16:32,57,Functional Fitness,6.9,241,142,107,15,33,47,2,0,FALSE,,,
8/2/2020 20:49,8/3/2020 21:49,UTC-05:00,8/3/2020 15:39,8/3/2020 16:24,44,Functional Fitness,11.8,399,178,133,8,9,18,31,27,FALSE,,,
8/1/2020 22:39,8/2/2020 20:49,UTC-05:00,8/2/2020 16:09,8/2/2020 16:45,35,Functional Fitness,10.6,306,177,130,8,12,15,23,31,FALSE,,,
7/30/2020 21:54,7/31/2020 22:29,UTC-05:00,7/31/2020 6:55,7/31/2020 8:00,64,Running,17.6,927,183,161,1,0,4,5,53,TRUE,11508.1,99.94,0.01
7/29/2020 22:04,7/30/2020 21:54,UTC-05:00,7/30/2020 17:39,7/30/2020 17:58,18,Activity,10.9,251,182,156,1,1,3,11,53,FALSE,,,
7/29/2020 22:04,7/30/2020 21:54,UTC-05:00,7/30/2020 17:20,7/30/2020 17:38,18,Functional Fitness,4.4,45,141,95,46,26,22,5,0,FALSE,,,
7/29/2020 1:12,7/29/2020 22:04,UTC-05:00,7/29/2020 16:30,7/29/2020 17:20,49,Functional Fitness,10.8,362,179,125,6,18,31,21,18,FALSE,,,
7/27/2020 22:08,7/29/2020 1:12,UTC-05:00,7/28/2020 9:54,7/28/2020 10:32,37,Yoga,,37,107,75,97,2,0,0,0,FALSE,,,
7/27/2020 22:08,7/29/2020 1:12,UTC-05:00,7/28/2020 9:25,7/28/2020 9:47,21,Functional Fitness,6.2,122,157,109,38,5,14,33,8,FALSE,,,
7/27/2020 22:08,7/29/2020 1:12,UTC-05:00,7/28/2020 9:06,7/28/2020 9:21,15,Elliptical,4.6,56,121,106,5,65,29,0,0,FALSE,,,
7/26/2020 21:49,7/27/2020 22:08,UTC-05:00,7/27/2020 20:52,7/27/2020 21:02,10,Yoga,,10,84,69,99,0,0,0,0,FALSE,,,
7/26/2020 21:49,7/27/2020 22:08,UTC-05:00,7/27/2020 20:35,7/27/2020 20:50,15,Meditation,,15,71,53,99,0,0,0,0,FALSE,,,
7/26/2020 21:49,7/27/2020 22:08,UTC-05:00,7/27/2020 17:00,7/27/2020 17:20,20,Cycling,4,21,106,85,78,21,0,0,0,FALSE,,,
7/25/2020 23:08,7/26/2020 21:49,UTC-05:00,7/26/2020 16:07,7/26/2020 17:04,57,Functional Fitness,11.6,451,174,128,4,20,19,29,24,FALSE,,,
7/23/2020 23:58,7/24/2020 23:17,UTC-05:00,7/24/2020 15:27,7/24/2020 16:32,64,Functional Fitness,10.2,322,178,111,27,32,11,11,14,FALSE,,,
7/23/2020 23:58,7/24/2020 23:17,UTC-05:00,7/24/2020 15:09,7/24/2020 15:21,12,Functional Fitness,4.8,56,161,110,17,26,32,15,7,FALSE,,,
7/22/2020 22:54,7/23/2020 23:58,UTC-05:00,7/23/2020 16:06,7/23/2020 17:23,76,Functional Fitness,8.5,323,175,108,17,38,28,11,2,FALSE,,,
7/22/2020 1:53,7/22/2020 22:54,UTC-05:00,7/22/2020 16:28,7/22/2020 17:43,75,Weightlifting,8.4,313,167,109,4,55,30,4,4,FALSE,,,
7/22/2020 1:53,7/22/2020 22:54,UTC-05:00,7/22/2020 15:59,7/22/2020 16:24,25,Functional Fitness,6.5,166,152,122,1,17,38,41,0,FALSE,,,
7/22/2020 1:53,7/22/2020 22:54,UTC-05:00,7/22/2020 15:41,7/22/2020 15:57,16,Rowing,7.1,155,168,136,3,3,10,73,9,TRUE,5.6,0,0.02
7/20/2020 21:56,7/22/2020 1:53,UTC-05:00,7/21/2020 10:33,7/21/2020 11:03,30,Weightlifting,5.3,108,137,105,11,46,38,3,0,FALSE,,,
7/20/2020 21:56,7/22/2020 1:53,UTC-05:00,7/21/2020 10:02,7/21/2020 10:21,19,Walking,4.8,66,129,105,9,55,35,0,0,TRUE,229.49,0.24,0.18
7/19/2020 21:30,7/20/2020 21:56,UTC-05:00,7/20/2020 16:25,7/20/2020 17:21,55,Functional Fitness,11.5,293,186,109,46,17,6,6,9,FALSE,,,
7/18/2020 22:54,7/19/2020 21:30,UTC-05:00,7/19/2020 11:32,7/19/2020 12:11,38,Functional Fitness,6,159,144,109,9,36,44,9,0,FALSE,,,
7/18/2020 22:54,7/19/2020 21:30,UTC-05:00,7/19/2020 10:48,7/19/2020 10:54,5,Rowing,5.5,58,173,135,9,6,11,13,57,TRUE,,,
7/17/2020 22:59,7/18/2020 22:54,UTC-05:00,7/18/2020 9:13,7/18/2020 10:38,85,Functional Fitness,13.3,566,184,120,11,34,21,13,9,FALSE,,,
7/16/2020 22:39,7/17/2020 22:59,UTC-05:00,7/17/2020 16:34,7/17/2020 16:55,21,Weightlifting,6,120,164,115,9,29,33,21,6,FALSE,,,
7/16/2020 22:39,7/17/2020 22:59,UTC-05:00,7/17/2020 15:39,7/17/2020 16:31,51,Functional Fitness,8.1,232,167,108,25,36,12,15,9,FALSE,,,
7/15/2020 23:09,7/16/2020 22:39,UTC-05:00,7/16/2020 16:36,7/16/2020 16:39,2,Other,4.2,18,138,119,12,4,53,29,0,TRUE,,,
7/15/2020 23:09,7/16/2020 22:39,UTC-05:00,7/16/2020 15:40,7/16/2020 16:06,26,Functional Fitness,11.3,289,178,143,6,5,11,24,37,FALSE,,,
7/13/2020 23:22,7/14/2020 23:00,UTC-05:00,7/14/2020 15:18,7/14/2020 16:11,53,Functional Fitness,11.3,425,172,127,3,10,37,26,20,FALSE,,,
7/12/2020 22:45,7/13/2020 23:22,UTC-05:00,7/13/2020 16:22,7/13/2020 17:23,60,Functional Fitness,13.9,621,178,139,0,8,18,32,33,FALSE,,,
7/12/2020 22:45,7/13/2020 23:22,UTC-05:00,7/13/2020 15:23,7/13/2020 15:28,5,Rowing,5.2,56,164,138,4,2,4,54,33,TRUE,33.12,0,1.13
7/10/2020 23:40,7/11/2020 22:29,UTC-05:00,7/11/2020 10:22,7/11/2020 11:05,43,Functional Fitness,16.1,636,187,163,0,3,2,4,48,FALSE,,,
7/10/2020 23:40,7/11/2020 22:29,UTC-05:00,7/11/2020 9:20,7/11/2020 10:20,60,Other,8.8,348,162,116,3,30,44,19,1,FALSE,,,
7/10/2020 23:40,7/11/2020 22:29,UTC-05:00,7/11/2020 9:07,7/11/2020 9:17,9,Running,7.8,125,184,155,0,1,1,19,62,TRUE,1760.77,20.98,-0.36
7/8/2020 22:59,7/9/2020 22:04,UTC-05:00,7/9/2020 15:33,7/9/2020 16:30,57,Functional Fitness,8.4,314,157,114,10,27,43,17,1,FALSE,,,
7/8/2020 0:34,7/8/2020 22:59,UTC-05:00,7/8/2020 15:18,7/8/2020 16:18,60,Functional Fitness,7.9,254,163,106,16,52,15,10,4,FALSE,,,
7/6/2020 22:19,7/8/2020 0:34,UTC-05:00,7/7/2020 15:38,7/7/2020 16:32,54,Functional Fitness,11.2,285,183,107,45,22,7,2,11,FALSE,,,
7/5/2020 22:47,7/6/2020 22:19,UTC-05:00,7/6/2020 16:28,7/6/2020 17:21,53,Functional Fitness,7.2,194,177,103,25,49,9,10,3,FALSE,,,
7/5/2020 22:47,7/6/2020 22:19,UTC-05:00,7/6/2020 15:18,7/6/2020 16:27,69,Gymnastics,6.9,240,147,101,26,37,29,6,0,FALSE,,,
7/3/2020 23:02,7/4/2020 22:47,UTC-05:00,7/4/2020 9:42,7/4/2020 11:24,102,Functional Fitness,14.8,764,177,121,30,7,11,19,28,FALSE,,,
7/2/2020 22:17,7/3/2020 23:02,UTC-05:00,7/3/2020 15:30,7/3/2020 17:36,126,Functional Fitness,11,500,172,103,26,41,18,6,7,FALSE,,,
7/2/2020 0:10,7/2/2020 22:17,UTC-05:00,7/2/2020 16:20,7/2/2020 17:38,78,Functional Fitness,14.7,718,185,133,9,10,20,25,26,FALSE,,,
7/1/2020 2:50,7/2/2020 0:10,UTC-05:00,7/1/2020 15:00,7/1/2020 16:03,63,Functional Fitness,6.6,198,162,99,42,33,10,11,1,FALSE,,,
6/29/2020 21:17,7/1/2020 2:50,UTC-05:00,6/30/2020 10:00,6/30/2020 10:45,45,Functional Fitness,12.1,356,179,124,22,19,8,8,36,FALSE,,,
6/28/2020 21:57,6/29/2020 21:17,UTC-05:00,6/29/2020 16:41,6/29/2020 17:20,38,Functional Fitness,5.6,115,164,97,37,37,16,5,2,FALSE,,,
6/26/2020 23:45,6/27/2020 23:05,UTC-05:00,6/27/2020 10:08,6/27/2020 11:11,63,Functional Fitness,13.8,528,188,129,3,23,33,10,13,FALSE,,,
6/25/2020 22:46,6/26/2020 23:45,UTC-05:00,6/26/2020 9:28,6/26/2020 10:27,58,Functional Fitness,9.1,314,169,112,17,29,26,17,8,FALSE,,,
6/24/2020 22:28,6/25/2020 22:46,UTC-05:00,6/25/2020 8:48,6/25/2020 10:38,110,Functional Fitness,13.3,642,189,116,9,35,29,11,10,FALSE,,,
6/22/2020 21:07,6/23/2020 23:56,UTC-05:00,6/23/2020 9:28,6/23/2020 10:28,59,Functional Fitness,11.8,466,181,127,1,16,38,21,20,FALSE,,,
6/21/2020 21:56,6/22/2020 21:07,UTC-05:00,6/22/2020 17:59,6/22/2020 18:34,35,Functional Fitness,8.9,256,170,123,20,11,12,34,19,FALSE,,,
6/19/2020 22:35,6/21/2020 0:30,UTC-05:00,6/20/2020 20:50,6/20/2020 21:27,36,Functional Fitness,11.6,320,179,130,18,7,22,4,41,FALSE,,,
6/18/2020 22:58,6/19/2020 22:35,UTC-05:00,6/19/2020 15:53,6/19/2020 17:02,68,Functional Fitness,11.7,460,178,121,2,31,32,15,13,FALSE,,,
6/18/2020 22:58,6/19/2020 22:35,UTC-05:00,6/19/2020 15:36,6/19/2020 15:47,11,Rowing,6.4,102,170,133,8,14,3,27,45,TRUE,146.37,0.62,-0.48
6/17/2020 22:21,6/18/2020 22:58,UTC-05:00,6/18/2020 16:34,6/18/2020 17:25,50,Functional Fitness,11.8,436,175,131,2,16,21,37,20,FALSE,,,
6/17/2020 22:21,6/18/2020 22:58,UTC-05:00,6/18/2020 15:29,6/18/2020 16:05,35,Running,11.3,323,185,133,2,25,10,23,27,TRUE,4577.17,26.68,0.57
6/17/2020 0:32,6/17/2020 22:21,UTC-05:00,6/17/2020 16:22,6/17/2020 17:30,67,Functional Fitness,8.3,296,170,108,14,44,22,13,4,FALSE,,,
6/15/2020 22:18,6/17/2020 0:32,UTC-05:00,6/16/2020 10:32,6/16/2020 10:57,24,Functional Fitness,8.3,202,171,129,7,23,7,35,27,FALSE,,,
6/15/2020 22:18,6/17/2020 0:32,UTC-05:00,6/16/2020 10:06,6/16/2020 10:27,20,Walking,4.5,49,114,97,27,72,0,0,0,TRUE,1908.15,0.11,0.01
6/14/2020 21:53,6/15/2020 22:18,UTC-05:00,6/15/2020 17:12,6/15/2020 17:50,37,Functional Fitness,11.8,357,177,136,6,19,9,14,46,FALSE,,,
6/12/2020 22:05,6/13/2020 23:35,UTC-05:00,6/13/2020 13:34,6/13/2020 13:43,8,Walking,4.1,16,123,95,33,62,4,0,0,TRUE,752.66,2.84,0.24
6/12/2020 22:05,6/13/2020 23:35,UTC-05:00,6/13/2020 9:25,6/13/2020 10:08,43,Functional Fitness,10,320,169,124,4,23,25,23,23,FALSE,,,
6/11/2020 22:14,6/12/2020 22:05,UTC-05:00,6/12/2020 15:21,6/12/2020 16:23,61,Functional Fitness,11.7,413,179,121,10,32,22,12,18,FALSE,,,
6/10/2020 22:00,6/11/2020 22:14,UTC-05:00,6/11/2020 15:29,6/11/2020 16:23,53,Functional Fitness,14,587,178,144,0,7,15,26,42,TRUE,,,
6/9/2020 23:43,6/10/2020 22:00,UTC-05:00,6/10/2020 9:26,6/10/2020 10:00,34,Functional Fitness,6.3,174,157,111,15,22,48,12,0,FALSE,,,
6/9/2020 23:43,6/10/2020 22:00,UTC-05:00,6/10/2020 8:43,6/10/2020 9:17,33,Functional Fitness,4.8,81,136,94,45,36,16,1,0,FALSE,,,
6/8/2020 22:39,6/9/2020 23:43,UTC-05:00,6/9/2020 9:25,6/9/2020 10:08,43,Functional Fitness,11.9,379,174,131,5,21,13,20,37,FALSE,,,
6/8/2020 22:39,6/9/2020 23:43,UTC-05:00,6/9/2020 8:46,6/9/2020 9:07,21,Walking,4.1,27,111,87,59,40,0,0,0,TRUE,2757,16.19,0.31
6/7/2020 21:52,6/8/2020 22:39,UTC-05:00,6/8/2020 9:30,6/8/2020 10:31,61,Functional Fitness,8.3,240,176,105,20,47,18,5,4,FALSE,,,
6/6/2020 21:46,6/7/2020 21:52,UTC-05:00,6/7/2020 13:50,6/7/2020 14:23,33,Functional Fitness,9.5,236,173,120,23,25,4,14,31,FALSE,,,
6/5/2020 22:48,6/6/2020 21:46,UTC-05:00,6/6/2020 10:04,6/6/2020 11:15,70,Functional Fitness,13.9,615,176,130,11,14,16,18,34,FALSE,,,
6/4/2020 22:16,6/5/2020 22:48,UTC-05:00,6/5/2020 16:43,6/5/2020 17:10,26,Walking,4.8,69,127,100,14,80,4,0,0,TRUE,2472.56,11.91,0.01
6/4/2020 22:16,6/5/2020 22:48,UTC-05:00,6/5/2020 15:37,6/5/2020 16:30,52,Functional Fitness,14.2,505,188,136,6,13,32,10,7,FALSE,,,
6/3/2020 22:18,6/4/2020 22:16,UTC-05:00,6/4/2020 8:20,6/4/2020 9:27,66,Functional Fitness,15.3,647,189,136,7,15,20,9,21,FALSE,,,
6/2/2020 21:44,6/3/2020 22:18,UTC-05:00,6/3/2020 16:30,6/3/2020 17:20,49,Functional Fitness,9.9,332,179,121,7,24,30,25,9,FALSE,,,
6/2/2020 21:44,6/3/2020 22:18,UTC-05:00,6/3/2020 16:05,6/3/2020 16:20,15,Functional Fitness,4.8,60,157,103,40,19,15,19,4,FALSE,,,
6/2/2020 21:44,6/3/2020 22:18,UTC-05:00,6/3/2020 15:25,6/3/2020 15:45,20,Rowing,8,193,170,136,5,4,5,60,23,TRUE,100.6,0.44,0.11
6/1/2020 21:35,6/2/2020 21:44,UTC-05:00,6/2/2020 17:04,6/2/2020 17:15,10,Running,7.5,123,177,149,0,3,12,14,64,TRUE,1638.06,12.73,-0.27
6/1/2020 21:35,6/2/2020 21:44,UTC-05:00,6/2/2020 16:41,6/2/2020 16:54,13,Running,6.3,116,161,132,0,17,23,38,20,TRUE,2148.54,13.56,0.35
5/31/2020 21:36,6/1/2020 21:35,UTC-05:00,6/1/2020 7:05,6/1/2020 7:37,32,Functional Fitness,12.5,357,177,145,0,14,14,12,36,FALSE,,,
5/30/2020 21:38,5/31/2020 21:36,UTC-05:00,5/31/2020 10:12,5/31/2020 11:05,53,Functional Fitness,11.3,379,180,124,7,30,19,17,21,FALSE,,,
5/29/2020 21:54,5/30/2020 21:38,UTC-05:00,5/30/2020 10:21,5/30/2020 10:42,20,Walking,4.4,37,112,96,24,75,0,0,0,TRUE,2077.92,11,0.29
5/29/2020 21:54,5/30/2020 21:38,UTC-05:00,5/30/2020 9:10,5/30/2020 10:21,71,Weightlifting,5,113,122,93,42,54,3,0,0,FALSE,,,
5/28/2020 22:26,5/29/2020 21:54,UTC-05:00,5/29/2020 15:30,5/29/2020 16:17,46,Functional Fitness,5.9,159,147,104,15,48,30,5,0,FALSE,,,
5/27/2020 22:01,5/28/2020 22:26,UTC-05:00,5/28/2020 10:56,5/28/2020 11:47,50,Other,7.3,250,147,113,0,47,35,16,0,TRUE,123.75,0,0.14
5/27/2020 22:01,5/28/2020 22:26,UTC-05:00,5/28/2020 9:11,5/28/2020 10:34,82,Functional Fitness,11.8,522,177,119,11,16,41,18,10,FALSE,,,
5/26/2020 21:55,5/27/2020 22:01,UTC-05:00,5/27/2020 16:00,5/27/2020 16:13,13,Walking,4.1,16,105,93,42,57,0,0,0,TRUE,1279.15,9.73,0.02
5/26/2020 21:55,5/27/2020 22:01,UTC-05:00,5/27/2020 9:09,5/27/2020 10:22,73,Functional Fitness,12.4,428,188,113,28,18,25,8,10,FALSE,,,
5/25/2020 18:19,5/26/2020 21:55,UTC-05:00,5/26/2020 9:29,5/26/2020 9:51,21,Walking,4.7,58,124,101,2,94,3,0,0,TRUE,1909.71,12.62,3.35
5/25/2020 18:19,5/26/2020 21:55,UTC-05:00,5/26/2020 7:59,5/26/2020 9:15,76,Functional Fitness,11,432,178,114,17,28,22,19,12,FALSE,,,
5/24/2020 19:42,5/25/2020 18:19,UTC-05:00,5/25/2020 11:34,5/25/2020 12:09,35,Functional Fitness,11.9,374,174,141,0,19,4,17,56,FALSE,,,
5/23/2020 21:28,5/24/2020 19:42,UTC-05:00,5/24/2020 13:57,5/24/2020 14:55,57,Yoga,4.9,104,130,88,55,35,8,0,0,FALSE,,,
5/23/2020 21:28,5/24/2020 19:42,UTC-05:00,5/24/2020 12:06,5/24/2020 12:31,24,Walking,4.1,27,103,89,74,25,0,0,0,TRUE,2489.29,10.84,0.35
5/22/2020 20:18,5/23/2020 21:28,UTC-05:00,5/23/2020 9:12,5/23/2020 11:15,123,Functional Fitness,13.4,717,178,115,23,18,21,23,10,FALSE,,,
5/21/2020 22:27,5/22/2020 20:18,UTC-05:00,5/22/2020 14:55,5/22/2020 15:30,35,Functional Fitness,10.6,282,183,126,15,22,8,19,22,FALSE,,,
5/21/2020 22:27,5/22/2020 20:18,UTC-05:00,5/22/2020 13:04,5/22/2020 13:28,24,Walking,4.5,43,109,95,23,76,0,0,0,TRUE,2222.72,13.83,3.26
5/20/2020 23:09,5/21/2020 22:27,UTC-05:00,5/21/2020 15:28,5/21/2020 16:13,45,Functional Fitness,10.8,296,178,117,27,23,12,3,26,FALSE,,,
5/20/2020 23:09,5/21/2020 22:27,UTC-05:00,5/21/2020 14:37,5/21/2020 14:56,18,Walking,4.2,30,152,94,47,43,6,2,0,TRUE,1950.4,13.75,-3.2
5/19/2020 21:53,5/20/2020 23:09,UTC-05:00,5/20/2020 16:27,5/20/2020 17:19,52,Functional Fitness,10.6,418,168,128,6,6,34,38,13,FALSE,,,
5/19/2020 21:53,5/20/2020 23:09,UTC-05:00,5/20/2020 15:36,5/20/2020 16:11,35,Functional Fitness,8.1,193,175,112,24,33,10,13,15,FALSE,,,
5/19/2020 21:53,5/20/2020 23:09,UTC-05:00,5/20/2020 9:46,5/20/2020 10:06,19,Walking,5.6,99,161,111,23,23,24,16,12,TRUE,2296.46,18.83,0.4
5/18/2020 2:54,5/18/2020 22:14,UTC-05:00,5/18/2020 16:00,5/18/2020 17:12,71,Functional Fitness,10.2,352,179,110,22,34,18,12,8,FALSE,,,
5/18/2020 2:54,5/18/2020 22:14,UTC-05:00,5/18/2020 15:40,5/18/2020 15:58,18,Functional Fitness,9,178,177,134,12,12,11,12,37,FALSE,,,
5/18/2020 2:54,5/18/2020 22:14,UTC-05:00,5/18/2020 12:59,5/18/2020 13:26,26,Walking,4.1,31,119,87,75,23,0,0,0,TRUE,2623.69,12.88,2.9
5/16/2020 21:40,5/18/2020 2:54,UTC-05:00,5/17/2020 8:47,5/17/2020 9:30,42,Functional Fitness,14.5,482,184,141,20,4,4,4,35,FALSE,,,
5/15/2020 21:24,5/16/2020 21:40,UTC-05:00,5/16/2020 16:42,5/16/2020 17:15,32,Functional Fitness,13.4,360,186,144,12,11,9,3,28,FALSE,,,
5/15/2020 1:00,5/15/2020 21:24,UTC-05:00,5/15/2020 13:23,5/15/2020 13:40,17,Walking,4.1,21,103,89,70,30,0,0,0,TRUE,1801.73,12.1,3.24
5/13/2020 22:21,5/15/2020 1:00,UTC-05:00,5/14/2020 14:59,5/14/2020 16:16,77,Weightlifting,7,258,135,102,15,54,29,0,0,FALSE,,,
5/13/2020 22:21,5/15/2020 1:00,UTC-05:00,5/14/2020 8:51,5/14/2020 9:16,24,Walking,4.3,35,122,92,54,44,1,0,0,TRUE,2288.81,16.48,0.27
5/12/2020 23:09,5/13/2020 22:21,UTC-05:00,5/13/2020 14:43,5/13/2020 15:10,26,Yoga,4.1,32,110,82,68,31,0,0,0,FALSE,,,
5/12/2020 23:09,5/13/2020 22:21,UTC-05:00,5/13/2020 14:12,5/13/2020 14:36,23,Weightlifting,,22,98,71,93,2,0,0,0,FALSE,,,
5/11/2020 22:03,5/12/2020 23:09,UTC-05:00,5/12/2020 9:37,5/12/2020 10:01,24,Functional Fitness,12.2,314,176,153,1,5,1,19,52,FALSE,,,
5/11/2020 22:03,5/12/2020 23:09,UTC-05:00,5/12/2020 9:06,5/12/2020 9:36,29,Walking,6.4,146,164,109,35,17,19,18,10,TRUE,3561.81,31.55,5.76
5/10/2020 22:34,5/11/2020 22:03,UTC-05:00,5/11/2020 16:42,5/11/2020 17:14,32,Functional Fitness,9.1,260,164,124,13,13,12,34,25,FALSE,,,
5/10/2020 22:34,5/11/2020 22:03,UTC-05:00,5/11/2020 6:45,5/11/2020 6:59,13,Walking,4.4,41,132,100,7,85,6,0,0,TRUE,1578.05,7.79,0.45
5/9/2020 22:01,5/10/2020 22:34,UTC-05:00,5/10/2020 16:25,5/10/2020 17:35,70,Functional Fitness,6.8,190,167,90,68,11,7,9,2,FALSE,,,
5/8/2020 21:58,5/9/2020 22:01,UTC-05:00,5/9/2020 16:38,5/9/2020 17:20,42,Functional Fitness,10.8,335,172,125,10,22,20,14,30,FALSE,,,
5/8/2020 21:58,5/9/2020 22:01,UTC-05:00,5/9/2020 15:54,5/9/2020 16:16,21,Walking,5.6,98,163,108,19,41,15,16,6,TRUE,2460.61,11.95,0.21
5/7/2020 22:37,5/8/2020 21:58,UTC-05:00,5/8/2020 14:55,5/8/2020 15:34,39,Functional Fitness,11.3,331,176,128,14,19,10,16,37,FALSE,,,
5/7/2020 22:37,5/8/2020 21:58,UTC-05:00,5/8/2020 14:15,5/8/2020 14:41,26,Walking,4,31,115,85,84,15,0,0,0,TRUE,3243.83,9.08,-0.02
5/6/2020 21:37,5/7/2020 22:37,UTC-05:00,5/7/2020 17:30,5/7/2020 18:23,52,Functional Fitness,5.8,153,158,97,47,21,24,5,0,FALSE,,,
5/6/2020 21:37,5/7/2020 22:37,UTC-05:00,5/7/2020 14:35,5/7/2020 14:57,22,Walking,4.6,57,136,98,48,28,19,2,0,TRUE,2371.52,12.94,0.24
5/5/2020 22:25,5/6/2020 21:37,UTC-05:00,5/6/2020 14:53,5/6/2020 16:36,103,Weightlifting,7.8,316,166,99,32,40,21,3,1,FALSE,,,
5/4/2020 22:06,5/5/2020 22:25,UTC-05:00,5/5/2020 16:38,5/5/2020 17:32,54,Running,14.1,581,174,140,8,3,12,19,53,TRUE,3687.59,65.4,0.33
5/3/2020 21:41,5/4/2020 22:06,UTC-05:00,5/4/2020 15:33,5/4/2020 16:04,30,Weightlifting,5.4,117,145,104,16,44,34,4,0,FALSE,,,
5/3/2020 21:41,5/4/2020 22:06,UTC-05:00,5/4/2020 14:55,5/4/2020 15:25,29,Running,9.3,266,165,133,7,4,16,36,35,TRUE,4460.52,29.63,2.35
5/2/2020 22:26,5/3/2020 21:41,UTC-05:00,5/3/2020 14:25,5/3/2020 15:27,62,Functional Fitness,14,573,180,133,5,23,11,16,32,FALSE,,,
5/2/2020 22:26,5/3/2020 21:41,UTC-05:00,5/3/2020 10:10,5/3/2020 10:32,22,Walking,2.2,23,104,87,88,11,0,0,0,TRUE,2154.27,14.82,0.12
4/30/2020 22:36,5/1/2020 22:24,UTC-05:00,5/1/2020 17:10,5/1/2020 17:52,41,Functional Fitness,13.6,468,180,143,7,9,9,11,48,FALSE,,,
4/30/2020 22:36,5/1/2020 22:24,UTC-05:00,5/1/2020 16:40,5/1/2020 16:57,17,Yoga,2.7,17,110,77,85,14,0,0,0,FALSE,,,
4/30/2020 22:36,5/1/2020 22:24,UTC-05:00,5/1/2020 13:58,5/1/2020 14:12,13,Running,6.4,109,163,125,23,4,12,29,29,TRUE,2165.52,10.82,0.1
4/29/2020 22:39,4/30/2020 22:36,UTC-05:00,4/30/2020 17:23,4/30/2020 18:36,73,Functional Fitness,13.4,458,186,115,34,21,10,9,8,FALSE,,,
4/29/2020 22:39,4/30/2020 22:36,UTC-05:00,4/30/2020 14:20,4/30/2020 14:45,25,Walking,4.7,54,153,90,63,24,3,8,0,FALSE,,,
4/29/2020 3:40,4/29/2020 22:39,UTC-05:00,4/29/2020 16:06,4/29/2020 16:46,40,Functional Fitness,12.6,354,188,132,8,28,12,4,25,FALSE,,,
4/27/2020 21:41,4/29/2020 3:40,UTC-05:00,4/28/2020 9:41,4/28/2020 10:19,38,Functional Fitness,14.8,500,186,153,6,1,11,9,23,FALSE,,,
4/27/2020 21:41,4/29/2020 3:40,UTC-05:00,4/28/2020 8:59,4/28/2020 9:24,25,Yoga,,25,95,69,99,0,0,0,0,FALSE,,,
4/26/2020 21:28,4/27/2020 21:41,UTC-05:00,4/27/2020 16:48,4/27/2020 17:11,23,Running,8.7,213,166,134,4,20,11,35,29,TRUE,3510.66,46.72,0.64
4/26/2020 21:28,4/27/2020 21:41,UTC-05:00,4/27/2020 6:07,4/27/2020 6:28,20,Functional Fitness,7,161,175,127,2,12,33,35,12,FALSE,,,
4/25/2020 22:35,4/26/2020 21:28,UTC-05:00,4/26/2020 10:38,4/26/2020 12:07,88,Weightlifting,5.1,147,140,85,67,22,9,1,0,FALSE,,,
4/23/2020 22:27,4/24/2020 23:01,UTC-05:00,4/24/2020 16:55,4/24/2020 17:37,42,Functional Fitness,11.6,340,184,127,5,22,30,9,24,FALSE,,,
4/22/2020 22:31,4/23/2020 22:27,UTC-05:00,4/23/2020 16:18,4/23/2020 17:21,62,Weightlifting,5.8,164,152,95,41,39,14,4,0,FALSE,,,
4/21/2020 22:17,4/22/2020 22:31,UTC-05:00,4/22/2020 12:54,4/22/2020 14:18,84,Other,10.3,496,148,116,2,28,49,19,0,FALSE,,,
4/21/2020 22:17,4/22/2020 22:31,UTC-05:00,4/22/2020 11:23,4/22/2020 12:00,36,Other,5.3,106,131,100,11,77,10,0,0,FALSE,,,
4/20/2020 21:37,4/21/2020 22:17,UTC-05:00,4/21/2020 15:28,4/21/2020 16:28,60,Functional Fitness,13.3,464,177,123,29,12,9,6,34,FALSE,,,
4/19/2020 23:05,4/20/2020 21:37,UTC-05:00,4/20/2020 18:16,4/20/2020 18:58,42,Functional Fitness,12.8,356,185,128,19,27,6,3,21,FALSE,,,
4/19/2020 23:05,4/20/2020 21:37,UTC-05:00,4/20/2020 11:15,4/20/2020 12:53,98,Weightlifting,8.5,377,159,104,18,45,28,7,0,FALSE,,,
4/18/2020 21:38,4/19/2020 23:05,UTC-05:00,4/19/2020 9:55,4/19/2020 10:44,48,Functional Fitness,12.5,464,172,135,1,16,14,27,38,FALSE,,,
4/17/2020 1:15,4/17/2020 21:42,UTC-05:00,4/17/2020 15:19,4/17/2020 16:46,87,Functional Fitness,15.4,743,176,129,12,27,8,5,43,FALSE,,,
4/15/2020 21:59,4/17/2020 1:15,UTC-05:00,4/16/2020 15:13,4/16/2020 15:47,34,Functional Fitness,13.4,413,181,149,2,12,4,11,45,FALSE,,,
4/15/2020 0:11,4/15/2020 21:59,UTC-05:00,4/15/2020 17:00,4/15/2020 17:45,45,Functional Fitness,9.8,340,170,124,4,13,43,26,11,FALSE,,,
4/13/2020 22:28,4/15/2020 0:11,UTC-05:00,4/14/2020 9:11,4/14/2020 9:54,42,Functional Fitness,9.3,310,164,123,6,14,28,39,10,FALSE,,,
4/13/2020 22:28,4/15/2020 0:11,UTC-05:00,4/14/2020 8:19,4/14/2020 8:47,28,Yoga,1,28,100,73,97,2,0,0,0,FALSE,,,
4/12/2020 20:58,4/13/2020 22:28,UTC-05:00,4/13/2020 16:34,4/13/2020 17:04,29,Functional Fitness,12.1,348,176,146,1,3,16,23,46,FALSE,,,
4/12/2020 20:58,4/13/2020 22:28,UTC-05:00,4/13/2020 6:06,4/13/2020 6:32,26,Functional Fitness,9,231,174,131,3,16,26,21,30,FALSE,,,
4/11/2020 22:57,4/12/2020 20:58,UTC-05:00,4/12/2020 12:52,4/12/2020 13:50,57,Weightlifting,5.1,111,130,93,44,45,9,0,0,FALSE,,,
4/10/2020 22:06,4/11/2020 22:57,UTC-05:00,4/11/2020 12:38,4/11/2020 13:11,32,Functional Fitness,12.6,390,177,147,4,6,4,8,73,FALSE,,,
4/10/2020 22:06,4/11/2020 22:57,UTC-05:00,4/11/2020 11:22,4/11/2020 12:00,37,Gymnastics,4.3,52,119,86,66,32,1,0,0,FALSE,,,
4/9/2020 21:53,4/10/2020 22:06,UTC-05:00,4/10/2020 12:38,4/10/2020 12:55,16,Ice Bath,,16,99,72,99,0,0,0,0,FALSE,,,
4/9/2020 21:53,4/10/2020 22:06,UTC-05:00,4/10/2020 11:02,4/10/2020 11:44,41,Functional Fitness,13.9,486,181,147,0,6,19,13,40,FALSE,,,
4/9/2020 21:53,4/10/2020 22:06,UTC-05:00,4/10/2020 10:15,4/10/2020 11:00,45,Jumping Rope,6.8,155,175,92,56,21,3,7,9,FALSE,,,
4/8/2020 22:11,4/9/2020 21:53,UTC-05:00,4/9/2020 16:55,4/9/2020 17:41,45,Walking,7.5,239,167,112,10,35,28,18,7,TRUE,4986.32,27.83,-0.49
4/7/2020 22:07,4/8/2020 22:11,UTC-05:00,4/8/2020 15:27,4/8/2020 16:31,64,Functional Fitness,14.3,607,178,134,12,14,7,16,42,FALSE,,,
4/6/2020 22:48,4/7/2020 22:07,UTC-05:00,4/7/2020 14:45,4/7/2020 15:38,53,Functional Fitness,13.6,369,187,121,30,31,2,0,8,FALSE,,,
4/5/2020 22:27,4/6/2020 22:48,UTC-05:00,4/6/2020 16:10,4/6/2020 17:25,75,Functional Fitness,16.3,792,183,141,3,18,15,7,34,FALSE,,,
4/4/2020 22:01,4/5/2020 22:27,UTC-05:00,4/5/2020 17:05,4/5/2020 19:02,116,Functional Fitness,10.2,495,159,105,25,33,24,15,1,FALSE,,,
4/3/2020 22:13,4/4/2020 22:01,UTC-05:00,4/4/2020 15:07,4/4/2020 15:47,39,Functional Fitness,12,349,183,132,13,15,13,13,33,FALSE,,,
4/1/2020 23:03,4/2/2020 22:40,UTC-05:00,4/2/2020 18:00,4/2/2020 18:28,28,Functional Fitness,9.7,267,172,135,5,14,6,32,41,FALSE,,,
4/1/2020 23:03,4/2/2020 22:40,UTC-05:00,4/2/2020 9:36,4/2/2020 10:00,24,Walking,4.4,37,116,92,42,56,0,0,0,FALSE,,,
3/30/2020 22:35,3/31/2020 22:41,UTC-05:00,3/31/2020 16:47,3/31/2020 17:42,55,Other,8.5,344,156,119,0,18,66,13,1,FALSE,,,
3/30/2020 0:27,3/30/2020 22:35,UTC-05:00,3/30/2020 13:10,3/30/2020 14:13,63,Functional Fitness,10.6,394,181,115,20,13,38,15,10,FALSE,,,
3/28/2020 21:47,3/30/2020 0:27,UTC-05:00,3/29/2020 9:25,3/29/2020 9:52,26,Functional Fitness,11,302,174,144,4,1,9,20,62,FALSE,,,
3/28/2020 21:47,3/30/2020 0:27,UTC-05:00,3/29/2020 8:49,3/29/2020 9:23,33,Walking,4.5,66,137,90,57,27,12,1,0,TRUE,2323.14,9.4,4.89
3/26/2020 22:16,3/27/2020 22:06,UTC-05:00,3/27/2020 13:59,3/27/2020 14:58,59,Functional Fitness,10.9,379,180,117,30,7,27,12,20,FALSE,,,
3/25/2020 22:00,3/26/2020 22:16,UTC-05:00,3/26/2020 12:53,3/26/2020 13:13,20,Functional Fitness,8,196,170,137,0,1,27,39,31,FALSE,,,
3/25/2020 22:00,3/26/2020 22:16,UTC-05:00,3/26/2020 12:20,3/26/2020 12:52,32,Running,14.9,463,187,160,6,1,0,11,28,TRUE,5249.15,72.98,-2.1
3/24/2020 23:56,3/25/2020 22:00,UTC-05:00,3/25/2020 12:59,3/25/2020 13:46,47,Functional Fitness,8,291,149,116,12,11,49,26,0,FALSE,,,
3/23/2020 22:05,3/24/2020 23:56,UTC-05:00,3/24/2020 10:03,3/24/2020 10:22,18,Functional Fitness,9.7,221,175,147,0,9,4,15,66,FALSE,,,
3/23/2020 22:05,3/24/2020 23:56,UTC-05:00,3/24/2020 9:34,3/24/2020 10:02,28,Running,10.2,231,183,129,3,33,20,6,20,FALSE,,,
3/23/2020 0:30,3/23/2020 22:05,UTC-05:00,3/23/2020 16:49,3/23/2020 17:38,48,Functional Fitness,7.8,230,167,109,18,38,20,13,8,FALSE,,,
3/21/2020 22:44,3/23/2020 0:30,UTC-05:00,3/22/2020 10:00,3/22/2020 10:51,51,Functional Fitness,11.4,341,175,110,42,6,8,9,29,FALSE,,,
3/19/2020 22:40,3/20/2020 22:22,UTC-05:00,3/20/2020 16:15,3/20/2020 17:22,66,Functional Fitness,10.6,339,186,109,27,30,18,6,11,FALSE,,,
3/18/2020 21:58,3/19/2020 22:40,UTC-05:00,3/19/2020 16:14,3/19/2020 17:21,67,Functional Fitness,12.9,480,189,123,5,33,26,8,16,FALSE,,,
3/17/2020 21:00,3/18/2020 21:58,UTC-05:00,3/18/2020 18:04,3/18/2020 19:06,61,Functional Fitness,17.1,774,186,152,0,11,15,8,19,FALSE,,,
3/17/2020 21:00,3/18/2020 21:58,UTC-05:00,3/18/2020 9:16,3/18/2020 9:36,20,Yoga,4.1,30,131,85,59,37,2,0,0,FALSE,,,
3/16/2020 18:48,3/17/2020 21:00,UTC-05:00,3/17/2020 13:32,3/17/2020 14:23,51,Functional Fitness,14.9,571,189,144,3,15,14,6,32,FALSE,,,
3/13/2020 21:26,3/14/2020 21:09,UTC-05:00,3/14/2020 9:12,3/14/2020 10:51,98,Functional Fitness,15.2,652,187,119,23,32,9,4,13,FALSE,,,
3/11/2020 20:58,3/12/2020 20:15,UTC-05:00,3/12/2020 16:29,3/12/2020 17:40,71,Functional Fitness,12.9,521,182,123,13,21,17,21,21,FALSE,,,
3/10/2020 21:08,3/11/2020 20:58,UTC-05:00,3/11/2020 8:42,3/11/2020 9:27,44,Functional Fitness,14.6,553,179,150,11,0,0,11,62,FALSE,,,
3/9/2020 22:23,3/10/2020 21:08,UTC-05:00,3/10/2020 16:22,3/10/2020 17:38,75,Functional Fitness,13.2,533,184,122,10,24,26,15,13,FALSE,,,
3/8/2020 20:22,3/9/2020 22:23,UTC-05:00,3/9/2020 8:29,3/9/2020 10:37,127,Functional Fitness,14.1,619,191,109,27,33,20,4,3,FALSE,,,
3/5/2020 22:09,3/6/2020 21:26,UTC-06:00,3/6/2020 8:44,3/6/2020 10:20,95,Functional Fitness,10.6,469,171,111,16,31,32,14,6,FALSE,,,
3/4/2020 21:11,3/5/2020 22:09,UTC-06:00,3/5/2020 9:29,3/5/2020 10:15,46,Functional Fitness,10.4,329,182,123,15,17,18,25,15,FALSE,,,
3/3/2020 20:35,3/4/2020 21:11,UTC-06:00,3/4/2020 8:30,3/4/2020 10:26,115,Functional Fitness,12.3,683,176,117,7,23,43,19,3,FALSE,,,
3/1/2020 21:17,3/2/2020 21:12,UTC-06:00,3/2/2020 16:22,3/2/2020 17:36,73,Functional Fitness,15.2,727,189,137,5,11,15,31,19,FALSE,,,
2/28/2020 23:43,2/29/2020 22:17,UTC-06:00,2/29/2020 9:00,2/29/2020 10:48,108,Functional Fitness,15.6,676,188,117,35,19,10,3,13,FALSE,,,
