cstart,cend,workoutstart,workoutend,duration,activity,activitystrain,calories,maxhr,avghr,hrz1,hrz2,hrz3,hrz4,hrz5
4/1/2020 23:03,4/2/2020 22:40,4/2/2020 18:00,4/2/2020 18:28,28,Functional Fitness,9.7,267,172,135,5,14,6,32,41
4/1/2020 23:03,4/2/2020 22:40,4/2/2020 9:36,4/2/2020 10:00,24,Walking,4.4,37,116,92,42,56,0,0,0
4/3/2020 22:13,4/4/2020 22:01,4/4/2020 15:07,4/4/2020 15:47,39,Functional Fitness,12,349,183,132,13,15,13,13,33
4/4/2020 22:01,4/5/2020 22:27,4/5/2020 17:05,4/5/2020 19:02,116,Functional Fitness,10.2,495,159,105,25,33,24,15,1
4/5/2020 22:27,4/6/2020 22:48,4/6/2020 16:10,4/6/2020 17:25,75,Functional Fitness,16.3,792,183,141,3,18,15,7,34
4/6/2020 22:48,4/7/2020 22:07,4/7/2020 14:45,4/7/2020 15:38,53,Functional Fitness,13.6,369,187,121,30,31,2,0,8
4/7/2020 22:07,4/8/2020 22:11,4/8/2020 15:27,4/8/2020 16:31,64,Functional Fitness,14.3,607,178,134,12,14,7,16,42
4/8/2020 22:11,4/9/2020 21:53,4/9/2020 16:55,4/9/2020 17:41,45,Walking,7.5,239,167,112,10,35,28,18,7
4/9/2020 21:53,4/10/2020 22:06,4/10/2020 12:38,4/10/2020 12:55,16,Ice Bath,,16,99,72,99,0,0,0,0
4/9/2020 21:53,4/10/2020 22:06,4/10/2020 11:02,4/10/2020 11:44,41,Functional Fitness,13.9,486,181,147,0,6,19,13,40
4/9/2020 21:53,4/10/2020 22:06,4/10/2020 10:15,4/10/2020 11:00,45,Jumping Rope,6.8,155,175,92,56,21,3,7,9
4/10/2020 22:06,4/11/2020 22:57,4/11/2020 12:38,4/11/2020 13:11,32,Functional Fitness,12.6,390,177,147,4,6,4,8,73
4/10/2020 22:06,4/11/2020 22:57,4/11/2020 11:22,4/11/2020 12:00,37,Gymnastics,4.3,52,119,86,66,32,1,0,0
4/11/2020 22:57,4/12/2020 20:58,4/12/2020 12:52,4/12/2020 13:50,57,Weightlifting,5.1,111,130,93,44,45,9,0,0
4/12/2020 20:58,4/13/2020 22:28,4/13/2020 16:34,4/13/2020 17:04,29,Functional Fitness,12.1,348,176,146,1,3,16,23,46
4/12/2020 20:58,4/13/2020 22:28,4/13/2020 6:06,4/13/2020 6:32,26,Functional Fitness,9,231,174,131,3,16,26,21,30
4/13/2020 22:28,4/15/2020 0:11,4/14/2020 9:11,4/14/2020 9:54,42,Functional Fitness,9.3,310,164,123,6,14,28,39,10
4/13/2020 22:28,4/15/2020 0:11,4/14/2020 8:19,4/14/2020 8:47,28,Yoga,1,28,100,73,97,2,0,0,0
4/15/2020 0:11,4/15/2020 21:59,4/15/2020 17:00,4/15/2020 17:45,45,Functional Fitness,9.8,340,170,124,4,13,43,26,11
4/15/2020 21:59,4/17/2020 1:15,4/16/2020 15:13,4/16/2020 15:47,34,Functional Fitness,13.4,413,181,149,2,12,4,11,45
4/17/2020 1:15,4/17/2020 21:42,4/17/2020 15:19,4/17/2020 16:46,87,Functional Fitness,15.4,743,176,129,12,27,8,5,43
4/18/2020 21:38,4/19/2020 23:05,4/19/2020 9:55,4/19/2020 10:44,48,Functional Fitness,12.5,464,172,135,1,16,14,27,38
4/19/2020 23:05,4/20/2020 21:37,4/20/2020 18:16,4/20/2020 18:58,42,Functional Fitness,12.8,356,185,128,19,27,6,3,21
4/19/2020 23:05,4/20/2020 21:37,4/20/2020 11:15,4/20/2020 12:53,98,Weightlifting,8.5,377,159,104,18,45,28,7,0
4/20/2020 21:37,4/21/2020 22:17,4/21/2020 15:28,4/21/2020 16:28,60,Functional Fitness,13.3,464,177,123,29,12,9,6,34
4/21/2020 22:17,4/22/2020 22:31,4/22/2020 12:54,4/22/2020 14:18,84,Other,10.3,496,148,116,2,28,49,19,0
4/21/2020 22:17,4/22/2020 22:31,4/22/2020 11:23,4/22/2020 12:00,36,Other,5.3,106,131,100,11,77,10,0,0
4/22/2020 22:31,4/23/2020 22:27,4/23/2020 16:18,4/23/2020 17:21,62,Weightlifting,5.8,164,152,95,41,39,14,4,0
4/23/2020 22:27,4/24/2020 23:01,4/24/2020 16:55,4/24/2020 17:37,42,Functional Fitness,11.6,340,184,127,5,22,30,9,24
4/25/2020 22:35,4/26/2020 21:28,4/26/2020 10:38,4/26/2020 12:07,88,Weightlifting,5.1,147,140,85,67,22,9,1,0
4/26/2020 21:28,4/27/2020 21:41,4/27/2020 16:48,4/27/2020 17:11,23,Running,8.7,213,166,134,4,20,11,35,29
4/26/2020 21:28,4/27/2020 21:41,4/27/2020 6:07,4/27/2020 6:28,20,Functional Fitness,7,161,175,127,2,12,33,35,12
4/27/2020 21:41,4/29/2020 3:40,4/28/2020 9:41,4/28/2020 10:19,38,Functional Fitness,14.8,500,186,153,6,1,11,9,23
4/27/2020 21:41,4/29/2020 3:40,4/28/2020 8:59,4/28/2020 9:24,25,Yoga,,25,95,69,99,0,0,0,0
4/29/2020 3:40,4/29/2020 22:39,4/29/2020 16:06,4/29/2020 16:46,40,Functional Fitness,12.6,354,188,132,8,28,12,4,25
4/29/2020 22:39,4/30/2020 22:36,4/30/2020 17:23,4/30/2020 18:36,73,Functional Fitness,13.4,458,186,115,34,21,10,9,8
4/29/2020 22:39,4/30/2020 22:36,4/30/2020 14:20,4/30/2020 14:45,25,Walking,4.7,54,153,90,63,24,3,8,0
4/30/2020 22:36,5/1/2020 22:24,5/1/2020 17:10,5/1/2020 17:52,41,Functional Fitness,13.6,468,180,143,7,9,9,11,48
4/30/2020 22:36,5/1/2020 22:24,5/1/2020 16:40,5/1/2020 16:57,17,Yoga,2.7,17,110,77,85,14,0,0,0
4/30/2020 22:36,5/1/2020 22:24,5/1/2020 13:58,5/1/2020 14:12,13,Running,6.4,109,163,125,23,4,12,29,29
5/2/2020 22:26,5/3/2020 21:41,5/3/2020 14:25,5/3/2020 15:27,62,Functional Fitness,14,573,180,133,5,23,11,16,32
5/2/2020 22:26,5/3/2020 21:41,5/3/2020 10:10,5/3/2020 10:32,22,Walking,2.2,23,104,87,88,11,0,0,0
5/3/2020 21:41,5/4/2020 22:06,5/4/2020 15:33,5/4/2020 16:04,30,Weightlifting,5.4,117,145,104,16,44,34,4,0
5/3/2020 21:41,5/4/2020 22:06,5/4/2020 14:55,5/4/2020 15:25,29,Running,9.3,266,165,133,7,4,16,36,35
5/4/2020 22:06,5/5/2020 22:25,5/5/2020 16:38,5/5/2020 17:32,54,Running,14.1,581,174,140,8,3,12,19,53
5/5/2020 22:25,5/6/2020 21:37,5/6/2020 14:53,5/6/2020 16:36,103,Weightlifting,7.8,316,166,99,32,40,21,3,1
5/6/2020 21:37,5/7/2020 22:37,5/7/2020 17:30,5/7/2020 18:23,52,Functional Fitness,5.8,153,158,97,47,21,24,5,0
5/6/2020 21:37,5/7/2020 22:37,5/7/2020 14:35,5/7/2020 14:57,22,Walking,4.6,57,136,98,48,28,19,2,0
5/7/2020 22:37,5/8/2020 21:58,5/8/2020 14:55,5/8/2020 15:34,39,Functional Fitness,11.3,331,176,128,14,19,10,16,37
5/7/2020 22:37,5/8/2020 21:58,5/8/2020 14:15,5/8/2020 14:41,26,Walking,4,31,115,85,84,15,0,0,0
5/8/2020 21:58,5/9/2020 22:01,5/9/2020 16:38,5/9/2020 17:20,42,Functional Fitness,10.8,335,172,125,10,22,20,14,30
5/8/2020 21:58,5/9/2020 22:01,5/9/2020 15:54,5/9/2020 16:16,21,Walking,5.6,98,163,108,19,41,15,16,6
5/9/2020 22:01,5/10/2020 22:34,5/10/2020 16:25,5/10/2020 17:35,70,Functional Fitness,6.8,190,167,90,68,11,7,9,2
5/10/2020 22:34,5/11/2020 22:03,5/11/2020 16:42,5/11/2020 17:14,32,Functional Fitness,9.1,260,164,124,13,13,12,34,25
5/10/2020 22:34,5/11/2020 22:03,5/11/2020 6:45,5/11/2020 6:59,13,Walking,4.4,41,132,100,7,85,6,0,0
5/11/2020 22:03,5/12/2020 23:09,5/12/2020 9:37,5/12/2020 10:01,24,Functional Fitness,12.2,314,176,153,1,5,1,19,52
5/11/2020 22:03,5/12/2020 23:09,5/12/2020 9:06,5/12/2020 9:36,29,Walking,6.4,146,164,109,35,17,19,18,10
5/12/2020 23:09,5/13/2020 22:21,5/13/2020 14:43,5/13/2020 15:10,26,Yoga,4.1,32,110,82,68,31,0,0,0
5/12/2020 23:09,5/13/2020 22:21,5/13/2020 14:12,5/13/2020 14:36,23,Weightlifting,,22,98,71,93,2,0,0,0
5/13/2020 22:21,5/15/2020 1:00,5/14/2020 14:59,5/14/2020 16:16,77,Weightlifting,7,258,135,102,15,54,29,0,0
5/13/2020 22:21,5/15/2020 1:00,5/14/2020 8:51,5/14/2020 9:16,24,Walking,4.3,35,122,92,54,44,1,0,0
5/15/2020 1:00,5/15/2020 21:24,5/15/2020 13:23,5/15/2020 13:40,17,Walking,4.1,21,103,89,70,30,0,0,0
5/15/2020 21:24,5/16/2020 21:40,5/16/2020 16:42,5/16/2020 17:15,32,Functional Fitness,13.4,360,186,144,12,11,9,3,28
5/16/2020 21:40,5/18/2020 2:54,5/17/2020 8:47,5/17/2020 9:30,42,Functional Fitness,14.5,482,184,141,20,4,4,4,35
5/18/2020 2:54,5/18/2020 22:14,5/18/2020 16:00,5/18/2020 17:12,71,Functional Fitness,10.2,352,179,110,22,34,18,12,8
5/18/2020 2:54,5/18/2020 22:14,5/18/2020 15:40,5/18/2020 15:58,18,Functional Fitness,9,178,177,134,12,12,11,12,37
5/18/2020 2:54,5/18/2020 22:14,5/18/2020 12:59,5/18/2020 13:26,26,Walking,4.1,31,119,87,75,23,0,0,0
5/19/2020 21:53,5/20/2020 23:09,5/20/2020 16:27,5/20/2020 17:19,52,Functional Fitness,10.6,418,168,128,6,6,34,38,13
5/19/2020 21:53,5/20/2020 23:09,5/20/2020 15:36,5/20/2020 16:11,35,Functional Fitness,8.1,193,175,112,24,33,10,13,15
5/19/2020 21:53,5/20/2020 23:09,5/20/2020 9:46,5/20/2020 10:06,19,Walking,5.6,99,161,111,23,23,24,16,12
5/20/2020 23:09,5/21/2020 22:27,5/21/2020 15:28,5/21/2020 16:13,45,Functional Fitness,10.8,296,178,117,27,23,12,3,26
5/20/2020 23:09,5/21/2020 22:27,5/21/2020 14:37,5/21/2020 14:56,18,Walking,4.2,30,152,94,47,43,6,2,0
5/21/2020 22:27,5/22/2020 20:18,5/22/2020 14:55,5/22/2020 15:30,35,Functional Fitness,10.6,282,183,126,15,22,8,19,22
5/21/2020 22:27,5/22/2020 20:18,5/22/2020 13:04,5/22/2020 13:28,24,Walking,4.5,43,109,95,23,76,0,0,0
5/22/2020 20:18,5/23/2020 21:28,5/23/2020 9:12,5/23/2020 11:15,123,Functional Fitness,13.4,717,178,115,23,18,21,23,10
5/23/2020 21:28,5/24/2020 19:42,5/24/2020 13:57,5/24/2020 14:55,57,Yoga,4.9,104,130,88,55,35,8,0,0
5/23/2020 21:28,5/24/2020 19:42,5/24/2020 12:06,5/24/2020 12:31,24,Walking,4.1,27,103,89,74,25,0,0,0
5/24/2020 19:42,5/25/2020 18:19,5/25/2020 11:34,5/25/2020 12:09,35,Functional Fitness,11.9,374,174,141,0,19,4,17,56
5/25/2020 18:19,5/26/2020 21:55,5/26/2020 9:29,5/26/2020 9:51,21,Walking,4.7,58,124,101,2,94,3,0,0
5/25/2020 18:19,5/26/2020 21:55,5/26/2020 7:59,5/26/2020 9:15,76,Functional Fitness,11,432,178,114,17,28,22,19,12
5/26/2020 21:55,5/27/2020 22:01,5/27/2020 16:00,5/27/2020 16:13,13,Walking,4.1,16,105,93,42,57,0,0,0
5/26/2020 21:55,5/27/2020 22:01,5/27/2020 9:09,5/27/2020 10:22,73,Functional Fitness,12.4,428,188,113,28,18,25,8,10
5/27/2020 22:01,5/28/2020 22:26,5/28/2020 10:56,5/28/2020 11:47,50,Other,7.3,250,147,113,0,47,35,16,0
5/27/2020 22:01,5/28/2020 22:26,5/28/2020 9:11,5/28/2020 10:34,82,Functional Fitness,11.8,522,177,119,11,16,41,18,10
5/28/2020 22:26,5/29/2020 21:54,5/29/2020 15:30,5/29/2020 16:17,46,Functional Fitness,5.9,159,147,104,15,48,30,5,0
5/29/2020 21:54,5/30/2020 21:38,5/30/2020 10:21,5/30/2020 10:42,20,Walking,4.4,37,112,96,24,75,0,0,0
5/29/2020 21:54,5/30/2020 21:38,5/30/2020 9:10,5/30/2020 10:21,71,Weightlifting,5,113,122,93,42,54,3,0,0
5/30/2020 21:38,5/31/2020 21:36,5/31/2020 10:12,5/31/2020 11:05,53,Functional Fitness,11.3,379,180,124,7,30,19,17,21
5/31/2020 21:36,6/1/2020 21:35,6/1/2020 7:05,6/1/2020 7:37,32,Functional Fitness,12.5,357,177,145,0,14,14,12,36
6/1/2020 21:35,6/2/2020 21:44,6/2/2020 17:04,6/2/2020 17:15,10,Running,7.5,123,177,149,0,3,12,14,64
6/1/2020 21:35,6/2/2020 21:44,6/2/2020 16:41,6/2/2020 16:54,13,Running,6.3,116,161,132,0,17,23,38,20
6/2/2020 21:44,6/3/2020 22:18,6/3/2020 16:30,6/3/2020 17:20,49,Functional Fitness,9.9,332,179,121,7,24,30,25,9
6/2/2020 21:44,6/3/2020 22:18,6/3/2020 16:05,6/3/2020 16:20,15,Functional Fitness,4.8,60,157,103,40,19,15,19,4
6/2/2020 21:44,6/3/2020 22:18,6/3/2020 15:25,6/3/2020 15:45,20,Rowing,8,193,170,136,5,4,5,60,23
6/3/2020 22:18,6/4/2020 22:16,6/4/2020 8:20,6/4/2020 9:27,66,Functional Fitness,15.3,647,189,136,7,15,20,9,21
6/4/2020 22:16,6/5/2020 22:48,6/5/2020 16:43,6/5/2020 17:10,26,Walking,4.8,69,127,100,14,80,4,0,0
6/4/2020 22:16,6/5/2020 22:48,6/5/2020 15:37,6/5/2020 16:30,52,Functional Fitness,14.2,505,188,136,6,13,32,10,7
6/5/2020 22:48,6/6/2020 21:46,6/6/2020 10:04,6/6/2020 11:15,70,Functional Fitness,13.9,615,176,130,11,14,16,18,34
6/6/2020 21:46,6/7/2020 21:52,6/7/2020 13:50,6/7/2020 14:23,33,Functional Fitness,9.5,236,173,120,23,25,4,14,31
6/7/2020 21:52,6/8/2020 22:39,6/8/2020 9:30,6/8/2020 10:31,61,Functional Fitness,8.3,240,176,105,20,47,18,5,4
6/8/2020 22:39,6/9/2020 23:43,6/9/2020 9:25,6/9/2020 10:08,43,Functional Fitness,11.9,379,174,131,5,21,13,20,37
6/8/2020 22:39,6/9/2020 23:43,6/9/2020 8:46,6/9/2020 9:07,21,Walking,4.1,27,111,87,59,40,0,0,0
6/9/2020 23:43,6/10/2020 22:00,6/10/2020 9:26,6/10/2020 10:00,34,Functional Fitness,6.3,174,157,111,15,22,48,12,0
6/9/2020 23:43,6/10/2020 22:00,6/10/2020 8:43,6/10/2020 9:17,33,Functional Fitness,4.8,81,136,94,45,36,16,1,0
6/10/2020 22:00,6/11/2020 22:14,6/11/2020 15:29,6/11/2020 16:23,53,Functional Fitness,14,587,178,144,0,7,15,26,42
6/11/2020 22:14,6/12/2020 22:05,6/12/2020 15:21,6/12/2020 16:23,61,Functional Fitness,11.7,413,179,121,10,32,22,12,18
6/12/2020 22:05,6/13/2020 23:35,6/13/2020 13:34,6/13/2020 13:43,8,Walking,4.1,16,123,95,33,62,4,0,0
6/12/2020 22:05,6/13/2020 23:35,6/13/2020 9:25,6/13/2020 10:08,43,Functional Fitness,10,320,169,124,4,23,25,23,23
6/14/2020 21:53,6/15/2020 22:18,6/15/2020 17:12,6/15/2020 17:50,37,Functional Fitness,11.8,357,177,136,6,19,9,14,46
6/15/2020 22:18,6/17/2020 0:32,6/16/2020 10:32,6/16/2020 10:57,24,Functional Fitness,8.3,202,171,129,7,23,7,35,27
6/15/2020 22:18,6/17/2020 0:32,6/16/2020 10:06,6/16/2020 10:27,20,Walking,4.5,49,114,97,27,72,0,0,0
6/17/2020 0:32,6/17/2020 22:21,6/17/2020 16:22,6/17/2020 17:30,67,Functional Fitness,8.3,296,170,108,14,44,22,13,4
6/17/2020 22:21,6/18/2020 22:58,6/18/2020 16:34,6/18/2020 17:25,50,Functional Fitness,11.8,436,175,131,2,16,21,37,20
6/17/2020 22:21,6/18/2020 22:58,6/18/2020 15:29,6/18/2020 16:05,35,Running,11.3,323,185,133,2,25,10,23,27
6/18/2020 22:58,6/19/2020 22:35,6/19/2020 15:53,6/19/2020 17:02,68,Functional Fitness,11.7,460,178,121,2,31,32,15,13
6/18/2020 22:58,6/19/2020 22:35,6/19/2020 15:36,6/19/2020 15:47,11,Rowing,6.4,102,170,133,8,14,3,27,45
6/19/2020 22:35,6/21/2020 0:30,6/20/2020 20:50,6/20/2020 21:27,36,Functional Fitness,11.6,320,179,130,18,7,22,4,41
6/21/2020 21:56,6/22/2020 21:07,6/22/2020 17:59,6/22/2020 18:34,35,Functional Fitness,8.9,256,170,123,20,11,12,34,19
6/22/2020 21:07,6/23/2020 23:56,6/23/2020 9:28,6/23/2020 10:28,59,Functional Fitness,11.8,466,181,127,1,16,38,21,20
6/24/2020 22:28,6/25/2020 22:46,6/25/2020 8:48,6/25/2020 10:38,110,Functional Fitness,13.3,642,189,116,9,35,29,11,10
6/25/2020 22:46,6/26/2020 23:45,6/26/2020 9:28,6/26/2020 10:27,58,Functional Fitness,9.1,314,169,112,17,29,26,17,8
6/26/2020 23:45,6/27/2020 23:05,6/27/2020 10:08,6/27/2020 11:11,63,Functional Fitness,13.8,528,188,129,3,23,33,10,13
6/28/2020 21:57,6/29/2020 21:17,6/29/2020 16:41,6/29/2020 17:20,38,Functional Fitness,5.6,115,164,97,37,37,16,5,2
6/29/2020 21:17,7/1/2020 2:50,6/30/2020 10:00,6/30/2020 10:45,45,Functional Fitness,12.1,356,179,124,22,19,8,8,36
7/1/2020 2:50,7/2/2020 0:10,7/1/2020 15:00,7/1/2020 16:03,63,Functional Fitness,6.6,198,162,99,42,33,10,11,1
7/2/2020 0:10,7/2/2020 22:17,7/2/2020 16:20,7/2/2020 17:38,78,Functional Fitness,14.7,718,185,133,9,10,20,25,26
7/2/2020 22:17,7/3/2020 23:02,7/3/2020 15:30,7/3/2020 17:36,126,Functional Fitness,11,500,172,103,26,41,18,6,7
7/3/2020 23:02,7/4/2020 22:47,7/4/2020 9:42,7/4/2020 11:24,102,Functional Fitness,14.8,764,177,121,30,7,11,19,28
7/5/2020 22:47,7/6/2020 22:19,7/6/2020 16:28,7/6/2020 17:21,53,Functional Fitness,7.2,194,177,103,25,49,9,10,3
7/5/2020 22:47,7/6/2020 22:19,7/6/2020 15:18,7/6/2020 16:27,69,Gymnastics,6.9,240,147,101,26,37,29,6,0
7/6/2020 22:19,7/8/2020 0:34,7/7/2020 15:38,7/7/2020 16:32,54,Functional Fitness,11.2,285,183,107,45,22,7,2,11
7/8/2020 0:34,7/8/2020 22:59,7/8/2020 15:18,7/8/2020 16:18,60,Functional Fitness,7.9,254,163,106,16,52,15,10,4
7/8/2020 22:59,7/9/2020 22:04,7/9/2020 15:33,7/9/2020 16:30,57,Functional Fitness,8.4,314,157,114,10,27,43,17,1
7/10/2020 23:40,7/11/2020 22:29,7/11/2020 10:22,7/11/2020 11:05,43,Functional Fitness,16.1,636,187,163,0,3,2,4,48
7/10/2020 23:40,7/11/2020 22:29,7/11/2020 9:20,7/11/2020 10:20,60,Other,8.8,348,162,116,3,30,44,19,1
7/10/2020 23:40,7/11/2020 22:29,7/11/2020 9:07,7/11/2020 9:17,9,Running,7.8,125,184,155,0,1,1,19,62
7/12/2020 22:45,7/13/2020 23:22,7/13/2020 16:22,7/13/2020 17:23,60,Functional Fitness,13.9,621,178,139,0,8,18,32,33
7/12/2020 22:45,7/13/2020 23:22,7/13/2020 15:23,7/13/2020 15:28,5,Rowing,5.2,56,164,138,4,2,4,54,33
7/13/2020 23:22,7/14/2020 23:00,7/14/2020 15:18,7/14/2020 16:11,53,Functional Fitness,11.3,425,172,127,3,10,37,26,20
7/15/2020 23:09,7/16/2020 22:39,7/16/2020 16:36,7/16/2020 16:39,2,Other,4.2,18,138,119,12,4,53,29,0
7/15/2020 23:09,7/16/2020 22:39,7/16/2020 15:40,7/16/2020 16:06,26,Functional Fitness,11.3,289,178,143,6,5,11,24,37
7/16/2020 22:39,7/17/2020 22:59,7/17/2020 16:34,7/17/2020 16:55,21,Weightlifting,6,120,164,115,9,29,33,21,6
7/16/2020 22:39,7/17/2020 22:59,7/17/2020 15:39,7/17/2020 16:31,51,Functional Fitness,8.1,232,167,108,25,36,12,15,9
7/17/2020 22:59,7/18/2020 22:54,7/18/2020 9:13,7/18/2020 10:38,85,Functional Fitness,13.3,566,184,120,11,34,21,13,9
7/18/2020 22:54,7/19/2020 21:30,7/19/2020 11:32,7/19/2020 12:11,38,Functional Fitness,6,159,144,109,9,36,44,9,0
7/18/2020 22:54,7/19/2020 21:30,7/19/2020 10:48,7/19/2020 10:54,5,Rowing,5.5,58,173,135,9,6,11,13,57
7/19/2020 21:30,7/20/2020 21:56,7/20/2020 16:25,7/20/2020 17:21,55,Functional Fitness,11.5,293,186,109,46,17,6,6,9
7/20/2020 21:56,7/22/2020 1:53,7/21/2020 10:33,7/21/2020 11:03,30,Weightlifting,5.3,108,137,105,11,46,38,3,0
7/20/2020 21:56,7/22/2020 1:53,7/21/2020 10:02,7/21/2020 10:21,19,Walking,4.8,66,129,105,9,55,35,0,0
7/22/2020 1:53,7/22/2020 22:54,7/22/2020 16:28,7/22/2020 17:43,75,Weightlifting,8.4,313,167,109,4,55,30,4,4
7/22/2020 1:53,7/22/2020 22:54,7/22/2020 15:59,7/22/2020 16:24,25,Functional Fitness,6.5,166,152,122,1,17,38,41,0
7/22/2020 1:53,7/22/2020 22:54,7/22/2020 15:41,7/22/2020 15:57,16,Rowing,7.1,155,168,136,3,3,10,73,9
7/22/2020 22:54,7/23/2020 23:58,7/23/2020 16:06,7/23/2020 17:23,76,Functional Fitness,8.5,323,175,108,17,38,28,11,2
7/23/2020 23:58,7/24/2020 23:17,7/24/2020 15:27,7/24/2020 16:32,64,Functional Fitness,10.2,322,178,111,27,32,11,11,14
7/23/2020 23:58,7/24/2020 23:17,7/24/2020 15:09,7/24/2020 15:21,12,Functional Fitness,4.8,56,161,110,17,26,32,15,7
7/25/2020 23:08,7/26/2020 21:49,7/26/2020 16:07,7/26/2020 17:04,57,Functional Fitness,11.6,451,174,128,4,20,19,29,24
7/26/2020 21:49,7/27/2020 22:08,7/27/2020 20:52,7/27/2020 21:02,10,Yoga,,10,84,69,99,0,0,0,0
7/26/2020 21:49,7/27/2020 22:08,7/27/2020 20:35,7/27/2020 20:50,15,Meditation,,15,71,53,99,0,0,0,0
7/26/2020 21:49,7/27/2020 22:08,7/27/2020 17:00,7/27/2020 17:20,20,Cycling,4,21,106,85,78,21,0,0,0
7/27/2020 22:08,7/29/2020 1:12,7/28/2020 9:54,7/28/2020 10:32,37,Yoga,,37,107,75,97,2,0,0,0
7/27/2020 22:08,7/29/2020 1:12,7/28/2020 9:25,7/28/2020 9:47,21,Functional Fitness,6.2,122,157,109,38,5,14,33,8
7/27/2020 22:08,7/29/2020 1:12,7/28/2020 9:06,7/28/2020 9:21,15,Elliptical,4.6,56,121,106,5,65,29,0,0
7/29/2020 1:12,7/29/2020 22:04,7/29/2020 16:30,7/29/2020 17:20,49,Functional Fitness,10.8,362,179,125,6,18,31,21,18
7/29/2020 22:04,7/30/2020 21:54,7/30/2020 17:39,7/30/2020 17:58,18,Activity,10.9,251,182,156,1,1,3,11,53
7/29/2020 22:04,7/30/2020 21:54,7/30/2020 17:20,7/30/2020 17:38,18,Functional Fitness,4.4,45,141,95,46,26,22,5,0
7/30/2020 21:54,7/31/2020 22:29,7/31/2020 6:55,7/31/2020 8:00,64,Running,17.6,927,183,161,1,0,4,5,53
8/1/2020 22:39,8/2/2020 20:49,8/2/2020 16:09,8/2/2020 16:45,35,Functional Fitness,10.6,306,177,130,8,12,15,23,31
8/2/2020 20:49,8/3/2020 21:49,8/3/2020 15:39,8/3/2020 16:24,44,Functional Fitness,11.8,399,178,133,8,9,18,31,27
8/4/2020 22:45,8/5/2020 22:53,8/5/2020 16:32,8/5/2020 16:48,16,Rowing,7.7,167,169,140,4,0,4,64,24
8/4/2020 22:45,8/5/2020 22:53,8/5/2020 15:35,8/5/2020 16:32,57,Functional Fitness,6.9,241,142,107,15,33,47,2,0
8/5/2020 22:53,8/6/2020 22:19,8/6/2020 15:02,8/6/2020 15:17,15,Functional Fitness,7.7,142,176,136,0,15,36,9,26
8/5/2020 22:53,8/6/2020 22:19,8/6/2020 14:19,8/6/2020 15:01,41,Weightlifting,6.7,197,150,111,17,23,41,16,0
8/5/2020 22:53,8/6/2020 22:19,8/6/2020 13:13,8/6/2020 13:35,21,Walking,4.6,51,124,99,17,80,2,0,0
8/6/2020 22:19,8/7/2020 23:06,8/7/2020 15:38,8/7/2020 16:18,39,Functional Fitness,12.9,431,181,143,6,7,6,21,42
8/7/2020 23:06,8/8/2020 23:40,8/8/2020 11:32,8/8/2020 12:58,85,Other,8.8,403,153,112,5,33,52,8,0
8/8/2020 23:40,8/9/2020 22:52,8/9/2020 9:45,8/9/2020 10:49,63,Activity,13.3,466,207,126,2,28,49,5,0
8/9/2020 22:52,8/10/2020 22:36,8/10/2020 17:46,8/10/2020 17:58,11,Running,9.9,173,182,164,0,1,4,8,32
8/9/2020 22:52,8/10/2020 22:36,8/10/2020 16:45,8/10/2020 17:43,58,Weightlifting,6.7,214,162,107,14,49,28,6,1
8/11/2020 22:08,8/12/2020 21:51,8/12/2020 15:33,8/12/2020 16:44,70,Functional Fitness,8.5,295,174,109,24,34,22,12,4
8/12/2020 21:51,8/13/2020 22:12,8/13/2020 15:10,8/13/2020 16:15,65,Functional Fitness,9.4,309,176,108,38,23,10,15,11
8/13/2020 22:12,8/14/2020 22:21,8/14/2020 15:36,8/14/2020 16:06,30,Functional Fitness,10.3,274,178,134,8,14,27,5,40
8/14/2020 22:21,8/15/2020 22:21,8/15/2020 10:03,8/15/2020 10:50,46,Functional Fitness,13.3,464,181,139,6,19,8,17,37
8/14/2020 22:21,8/15/2020 22:21,8/15/2020 9:44,8/15/2020 9:56,12,Running,6.8,125,171,140,2,8,18,37,33
8/16/2020 21:58,8/17/2020 22:46,8/17/2020 16:47,8/17/2020 17:31,44,Functional Fitness,11.5,402,178,135,2,21,10,26,37
8/17/2020 22:46,8/18/2020 23:55,8/18/2020 11:12,8/18/2020 11:34,21,Running,11.8,304,177,160,0,0,0,17,63
8/17/2020 22:46,8/18/2020 23:55,8/18/2020 10:14,8/18/2020 11:09,54,Weightlifting,5.5,140,132,99,32,41,26,0,0
8/18/2020 23:55,8/19/2020 22:44,8/19/2020 16:30,8/19/2020 17:32,62,Functional Fitness,12.1,439,186,125,6,20,44,6,13
8/20/2020 22:47,8/21/2020 22:22,8/21/2020 16:30,8/21/2020 17:14,44,Functional Fitness,11,321,189,126,3,26,35,16,4
8/20/2020 22:47,8/21/2020 22:22,8/21/2020 16:09,8/21/2020 16:19,10,Rowing,6.5,110,174,143,3,1,5,47,40
8/20/2020 22:47,8/21/2020 22:22,8/21/2020 8:52,8/21/2020 9:53,60,Other,9.6,372,171,120,7,26,30,29,5
8/21/2020 22:22,8/22/2020 21:43,8/22/2020 9:11,8/22/2020 9:57,45,Functional Fitness,13,488,176,144,0,4,22,24,46
8/26/2020 22:26,8/27/2020 22:59,8/27/2020 15:09,8/27/2020 15:42,33,Weightlifting,6.3,172,160,116,6,25,45,21,1
8/29/2020 21:56,8/30/2020 22:10,8/30/2020 15:13,8/30/2020 16:25,72,Functional Fitness,7.4,274,159,108,20,36,25,17,0
8/30/2020 22:10,8/31/2020 22:05,8/31/2020 17:43,8/31/2020 18:01,17,Functional Fitness,7.9,178,172,140,3,6,15,31,42
8/30/2020 22:10,8/31/2020 22:05,8/31/2020 16:17,8/31/2020 16:34,16,Gymnastics,4.2,30,133,95,44,42,13,0,0
8/31/2020 22:05,9/1/2020 21:36,9/1/2020 16:00,9/1/2020 17:00,60,Weightlifting,7.2,264,152,112,8,36,46,8,0
9/2/2020 22:39,9/3/2020 22:23,9/3/2020 11:17,9/3/2020 11:37,19,Functional Fitness,7.1,162,170,132,3,12,24,36,23
9/2/2020 22:39,9/3/2020 22:23,9/3/2020 10:29,9/3/2020 11:17,47,Weightlifting,5.4,128,136,101,24,53,21,0,0
9/3/2020 22:23,9/4/2020 22:52,9/4/2020 15:19,9/4/2020 16:12,53,Functional Fitness,10.7,347,182,122,10,24,34,10,14
9/5/2020 21:39,9/7/2020 2:11,9/6/2020 10:34,9/6/2020 11:22,47,Running,11.5,392,181,130,7,14,30,19,21
9/7/2020 2:11,9/7/2020 23:50,9/7/2020 16:27,9/7/2020 17:34,66,Functional Fitness,11.4,421,184,121,3,42,21,14,13
9/7/2020 2:11,9/7/2020 23:50,9/7/2020 15:45,9/7/2020 16:27,41,Gymnastics,5.6,139,145,103,21,41,32,3,0
9/7/2020 2:11,9/7/2020 23:50,9/7/2020 12:38,9/7/2020 12:45,7,Walking,4.3,24,153,104,30,41,9,19,0
9/8/2020 22:28,9/9/2020 23:23,9/9/2020 9:31,9/9/2020 10:31,60,Functional Fitness,13.5,579,185,137,2,11,30,18,33
9/9/2020 23:23,9/10/2020 22:36,9/10/2020 16:35,9/10/2020 17:27,52,Functional Fitness,13.4,521,185,139,0,13,24,27,21
9/9/2020 23:23,9/10/2020 22:36,9/10/2020 15:45,9/10/2020 16:35,50,Gymnastics,7,232,157,110,13,36,38,10,0
9/10/2020 22:36,9/11/2020 23:04,9/11/2020 15:11,9/11/2020 16:24,72,Functional Fitness,9.8,364,180,111,17,34,30,8,6
9/12/2020 22:12,9/14/2020 0:14,9/13/2020 10:46,9/13/2020 11:15,28,Weightlifting,5.5,119,158,108,5,61,22,9,1
9/12/2020 22:12,9/14/2020 0:14,9/13/2020 10:14,9/13/2020 10:45,30,Functional Fitness,10.6,296,177,136,6,11,20,20,37
9/14/2020 22:13,9/15/2020 23:11,9/15/2020 16:29,9/15/2020 17:24,55,Functional Fitness,12.9,534,176,137,0,10,30,21,35
9/14/2020 22:13,9/15/2020 23:11,9/15/2020 15:48,9/15/2020 16:27,39,Weightlifting,6.9,212,154,115,5,36,37,19,0
9/15/2020 23:11,9/16/2020 22:37,9/16/2020 16:56,9/16/2020 17:11,14,Functional Fitness,4.8,61,158,106,37,17,19,23,2
9/15/2020 23:11,9/16/2020 22:37,9/16/2020 16:07,9/16/2020 16:49,41,Weightlifting,4.3,61,134,83,64,29,5,0,0
9/16/2020 22:37,9/17/2020 22:39,9/17/2020 15:16,9/17/2020 16:40,83,Functional Fitness,12.2,383,191,108,38,26,15,5,4
9/17/2020 22:39,9/18/2020 22:56,9/18/2020 15:48,9/18/2020 16:39,50,Functional Fitness,10.1,307,173,116,22,28,19,9,20
9/18/2020 22:56,9/20/2020 0:08,9/19/2020 9:27,9/19/2020 10:03,35,Weightlifting,7.9,250,161,123,4,21,36,32,4
9/20/2020 0:08,9/20/2020 22:49,9/20/2020 12:56,9/20/2020 13:31,34,Activity,4.4,56,134,91,65,29,4,0,0
9/20/2020 0:08,9/20/2020 22:49,9/20/2020 11:00,9/20/2020 12:09,69,Functional Fitness,7.7,276,165,105,23,49,16,9,0
9/21/2020 22:31,9/23/2020 0:47,9/22/2020 9:52,9/22/2020 10:49,57,Other,5.4,105,174,85,77,13,3,1,3
9/23/2020 0:47,9/23/2020 22:24,9/23/2020 16:10,9/23/2020 16:35,25,Functional Fitness,13,326,192,154,1,6,16,14,18
9/23/2020 0:47,9/23/2020 22:24,9/23/2020 15:43,9/23/2020 16:10,26,Weightlifting,5.1,97,147,103,31,34,25,8,0
9/23/2020 22:24,9/24/2020 22:15,9/24/2020 15:14,9/24/2020 16:19,64,Functional Fitness,10.2,342,181,113,17,41,17,11,9
9/24/2020 22:15,9/25/2020 23:36,9/25/2020 15:12,9/25/2020 15:59,46,Functional Fitness,7.8,267,161,114,18,15,44,18,2
9/25/2020 23:36,9/26/2020 23:23,9/26/2020 9:43,9/26/2020 10:54,70,Functional Fitness,15.9,708,189,137,14,10,19,11,18
9/26/2020 23:23,9/27/2020 21:45,9/27/2020 16:22,9/27/2020 17:15,52,Weightlifting,5,100,122,93,43,54,2,0,0
9/27/2020 21:45,9/28/2020 21:48,9/28/2020 17:11,9/28/2020 17:52,41,Functional Fitness,10.6,327,176,125,17,14,12,29,24
9/28/2020 21:48,9/29/2020 23:42,9/29/2020 10:30,9/29/2020 10:53,23,Weightlifting,5.8,134,152,116,0,33,46,20,0
9/28/2020 21:48,9/29/2020 23:42,9/29/2020 9:53,9/29/2020 10:18,24,Running,12.6,344,180,159,0,0,2,7,70
9/29/2020 23:42,9/30/2020 22:21,9/30/2020 15:24,9/30/2020 16:28,64,Functional Fitness,6.8,219,153,102,26,46,17,9,0
9/29/2020 23:42,9/30/2020 22:21,9/30/2020 14:46,9/30/2020 15:05,19,Walking,4.1,24,128,89,79,15,5,0,0
9/30/2020 22:21,10/1/2020 23:23,10/1/2020 15:25,10/1/2020 16:14,48,Functional Fitness,7.3,232,163,108,28,22,28,19,1
10/2/2020 23:24,10/4/2020 2:01,10/3/2020 19:30,10/3/2020 20:30,60,Climber,5.1,122,135,92,52,40,7,0,0
10/2/2020 23:24,10/4/2020 2:01,10/3/2020 15:33,10/3/2020 15:56,22,Cycling,6.7,175,153,126,3,6,55,35,0
10/2/2020 23:24,10/4/2020 2:01,10/3/2020 10:11,10/3/2020 11:05,54,Functional Fitness,10.5,391,180,120,23,7,21,32,14
10/2/2020 23:24,10/4/2020 2:01,10/3/2020 9:27,10/3/2020 10:03,35,Weightlifting,4.7,67,133,92,50,44,5,0,0
10/4/2020 2:01,10/4/2020 21:45,10/4/2020 11:52,10/4/2020 12:24,31,Functional Fitness,10.2,259,177,129,7,31,16,4,35
10/4/2020 2:01,10/4/2020 21:45,10/4/2020 11:37,10/4/2020 11:47,10,Commuting,4.7,55,144,115,23,11,50,14,0
10/4/2020 21:45,10/5/2020 22:29,10/5/2020 17:29,10/5/2020 17:37,8,Commuting,6.9,107,171,152,0,0,8,34,57
10/4/2020 21:45,10/5/2020 22:29,10/5/2020 16:28,10/5/2020 17:17,49,Functional Fitness,9.7,241,182,109,37,30,9,3,11
10/4/2020 21:45,10/5/2020 22:29,10/5/2020 15:43,10/5/2020 15:50,6,Commuting,4.7,50,144,125,6,3,38,51,0
10/5/2020 22:29,10/6/2020 21:34,10/6/2020 17:33,10/6/2020 18:29,56,Functional Fitness,12.2,422,185,125,8,26,26,12,16
10/6/2020 21:34,10/7/2020 23:46,10/7/2020 11:16,10/7/2020 12:26,69,Running,13.7,660,179,136,2,6,28,31,27
10/8/2020 22:16,10/10/2020 1:22,10/9/2020 15:45,10/9/2020 16:22,37,Functional Fitness,11.3,337,183,133,2,14,35,15,18
10/8/2020 22:16,10/10/2020 1:22,10/9/2020 15:10,10/9/2020 15:44,34,Weightlifting,6.1,169,146,112,4,42,48,3,0
10/10/2020 1:22,10/10/2020 22:43,10/10/2020 10:05,10/10/2020 10:47,42,Functional Fitness,12.8,428,187,140,3,16,18,21,29
10/10/2020 1:22,10/10/2020 22:43,10/10/2020 9:31,10/10/2020 9:48,17,Functional Fitness,8.6,176,183,139,0,20,23,5,40
10/11/2020 23:02,10/12/2020 21:31,10/12/2020 16:19,10/12/2020 16:28,8,Commuting,5.3,77,150,134,0,0,39,60,0
10/11/2020 23:02,10/12/2020 21:31,10/12/2020 15:12,10/12/2020 16:17,65,Functional Fitness,11.6,470,183,124,8,18,33,25,9
10/11/2020 23:02,10/12/2020 21:31,10/12/2020 14:59,10/12/2020 15:05,5,Commuting,4.3,28,125,112,1,42,56,0,0
10/12/2020 21:31,10/13/2020 22:47,10/13/2020 10:44,10/13/2020 11:44,60,Weightlifting,6.3,201,147,104,15,50,32,2,0
10/12/2020 21:31,10/13/2020 22:47,10/13/2020 9:34,10/13/2020 10:20,45,Functional Fitness,11.3,332,188,124,19,17,21,17,13
10/13/2020 22:47,10/14/2020 23:32,10/14/2020 11:09,10/14/2020 11:30,21,Running,9.8,233,177,144,3,10,13,18,53
10/13/2020 22:47,10/14/2020 23:32,10/14/2020 9:20,10/14/2020 10:38,78,Weightlifting,5.6,163,132,95,39,51,8,0,0
10/14/2020 23:32,10/15/2020 21:09,10/15/2020 16:41,10/15/2020 17:14,32,Functional Fitness,10,220,186,120,24,30,10,6,13
10/14/2020 23:32,10/15/2020 21:09,10/15/2020 16:05,10/15/2020 16:32,27,Gymnastics,5,87,138,102,23,46,28,1,0
10/14/2020 23:32,10/15/2020 21:09,10/15/2020 15:03,10/15/2020 16:05,61,Weightlifting,7,242,155,107,9,50,29,9,0
10/14/2020 23:32,10/15/2020 21:09,10/15/2020 14:49,10/15/2020 14:57,8,Commuting,4.3,32,127,105,14,52,33,0,0
10/15/2020 21:09,10/17/2020 0:02,10/16/2020 16:30,10/16/2020 17:29,59,Functional Fitness,13.5,527,188,132,8,16,22,17,23
10/17/2020 0:02,10/18/2020 1:46,10/17/2020 10:03,10/17/2020 10:59,55,Functional Fitness,11.6,441,171,126,15,16,7,39,20
10/18/2020 20:56,10/19/2020 23:06,10/19/2020 16:20,10/19/2020 16:27,6,Commuting,5.6,71,163,141,0,10,6,42,40
10/18/2020 20:56,10/19/2020 23:06,10/19/2020 15:25,10/19/2020 16:15,50,Weightlifting,7.3,240,154,109,22,30,34,13,0
10/18/2020 20:56,10/19/2020 23:06,10/19/2020 15:01,10/19/2020 15:11,10,Commuting,4.7,52,137,114,13,20,61,3,0
10/19/2020 23:06,10/20/2020 23:23,10/20/2020 16:44,10/20/2020 17:28,43,Functional Fitness,14.2,519,184,148,4,9,10,10,49
10/19/2020 23:06,10/20/2020 23:23,10/20/2020 15:25,10/20/2020 16:24,58,Weightlifting,6.4,208,141,104,16,56,25,1,0
10/20/2020 23:23,10/21/2020 22:05,10/21/2020 15:11,10/21/2020 15:52,41,Functional Fitness,12.5,397,177,137,5,19,12,17,39
10/21/2020 22:05,10/22/2020 21:26,10/22/2020 15:39,10/22/2020 16:32,53,Functional Fitness,11.5,439,175,130,0,20,29,27,20
10/21/2020 22:05,10/22/2020 21:26,10/22/2020 14:53,10/22/2020 15:12,18,Running,11.2,252,186,159,2,0,3,11,56
10/22/2020 21:26,10/23/2020 22:36,10/23/2020 16:01,10/23/2020 16:25,23,Running,9,234,179,138,3,6,16,41,29
10/22/2020 21:26,10/23/2020 22:36,10/23/2020 15:44,10/23/2020 15:53,8,Functional Fitness,4.5,40,142,108,14,28,41,16,0
10/23/2020 22:36,10/25/2020 2:23,10/24/2020 10:00,10/24/2020 10:52,51,Functional Fitness,13.9,523,184,138,16,7,4,22,35
10/25/2020 21:44,10/26/2020 23:16,10/26/2020 16:36,10/26/2020 16:44,8,Commuting,4.9,61,141,126,0,4,77,17,0
10/25/2020 21:44,10/26/2020 23:16,10/26/2020 16:02,10/26/2020 16:31,28,Running,11.7,356,168,151,0,0,6,23,69
10/25/2020 21:44,10/26/2020 23:16,10/26/2020 15:10,10/26/2020 15:54,44,Functional Fitness,10.5,365,189,130,1,10,45,25,10
10/25/2020 21:44,10/26/2020 23:16,10/26/2020 15:00,10/26/2020 15:07,6,Commuting,4.6,44,138,121,7,11,69,12,0
10/26/2020 23:16,10/27/2020 22:10,10/27/2020 9:22,10/27/2020 10:13,50,Functional Fitness,8.2,288,162,116,10,32,32,21,2
10/27/2020 22:10,10/29/2020 0:09,10/28/2020 13:40,10/28/2020 14:32,52,Functional Fitness,7.6,250,163,110,20,28,30,17,3
10/29/2020 0:09,10/29/2020 23:18,10/29/2020 15:00,10/29/2020 15:54,53,Functional Fitness,11.8,417,175,127,13,20,15,26,23
10/29/2020 23:18,10/30/2020 21:48,10/30/2020 9:18,10/30/2020 10:34,75,Functional Fitness,12.2,523,171,122,16,18,20,23,20
10/31/2020 21:46,11/2/2020 2:15,11/1/2020 11:01,11/1/2020 11:29,27,Running,9.5,238,174,131,10,23,10,16,38
11/2/2020 1:15,11/3/2020 1:13,11/2/2020 17:33,11/2/2020 18:35,62,Functional Fitness,11.3,422,175,121,16,19,24,22,16
11/3/2020 1:13,11/3/2020 23:00,11/3/2020 15:03,11/3/2020 16:35,92,Weightlifting,7.7,301,158,103,16,62,15,4,0
11/3/2020 23:00,11/4/2020 21:57,11/4/2020 15:30,11/4/2020 16:48,77,Functional Fitness,8.3,344,162,108,9,45,38,5,1
11/3/2020 23:00,11/4/2020 21:57,11/4/2020 15:03,11/4/2020 15:22,19,Cycling,4.8,69,131,102,23,48,28,0,0
11/3/2020 23:00,11/4/2020 21:57,11/4/2020 14:19,11/4/2020 14:37,18,Walking,4.8,71,144,105,27,29,37,5,0
11/4/2020 21:57,11/5/2020 22:42,11/5/2020 16:33,11/5/2020 17:34,60,Functional Fitness,15.2,644,185,141,12,12,7,3,51
11/5/2020 22:42,11/7/2020 1:18,11/6/2020 15:34,11/6/2020 16:39,64,Functional Fitness,12.3,445,181,121,14,29,20,10,22
11/5/2020 22:42,11/7/2020 1:18,11/6/2020 15:08,11/6/2020 15:16,8,Commuting,4.3,29,120,103,13,82,3,0,0
11/8/2020 21:53,11/9/2020 22:22,11/9/2020 14:44,11/9/2020 15:40,55,Functional Fitness,9.3,276,170,111,28,34,8,13,14
11/9/2020 22:22,11/10/2020 22:00,11/10/2020 16:34,11/10/2020 17:08,34,Functional Fitness,6.9,163,167,103,43,16,12,19,8
11/14/2020 22:37,11/16/2020 0:08,11/15/2020 10:18,11/15/2020 10:46,28,Running,9.9,264,167,134,12,14,10,20,41
11/16/2020 0:08,11/16/2020 22:36,11/16/2020 15:59,11/16/2020 16:25,26,Functional Fitness,11.4,299,184,147,0,13,13,12,48
11/16/2020 0:08,11/16/2020 22:36,11/16/2020 15:04,11/16/2020 15:57,53,Weightlifting,5.9,169,144,102,28,43,23,4,0
11/16/2020 22:36,11/17/2020 20:50,11/17/2020 15:19,11/17/2020 16:20,60,Weightlifting,5.4,138,135,96,36,46,16,0,0
11/18/2020 23:53,11/19/2020 22:47,11/19/2020 16:10,11/19/2020 16:27,16,Functional Fitness,7.8,177,174,142,0,3,15,41,39
11/18/2020 23:53,11/19/2020 22:47,11/19/2020 15:03,11/19/2020 16:03,60,Weightlifting,7.8,290,159,112,10,34,39,15,0
11/21/2020 2:34,11/22/2020 0:06,11/21/2020 9:14,11/21/2020 10:11,56,Functional Fitness,8,282,163,113,5,44,35,9,4
11/23/2020 0:56,11/23/2020 21:55,11/23/2020 17:37,11/23/2020 17:50,13,Functional Fitness,6.8,137,169,141,0,2,15,44,36
11/23/2020 0:56,11/23/2020 21:55,11/23/2020 16:59,11/23/2020 17:35,35,Weightlifting,6.1,168,143,114,5,28,54,11,0
11/23/2020 21:55,11/24/2020 23:58,11/24/2020 10:58,11/24/2020 11:17,19,Running,12,281,185,164,0,1,1,10,37
11/23/2020 21:55,11/24/2020 23:58,11/24/2020 10:28,11/24/2020 10:52,24,Weightlifting,7.1,183,161,128,3,15,24,47,8
11/25/2020 22:44,11/27/2020 0:20,11/26/2020 15:19,11/26/2020 15:29,9,Running,8.7,134,188,161,0,4,3,13,34
11/25/2020 22:44,11/27/2020 0:20,11/26/2020 14:38,11/26/2020 15:15,36,Weightlifting,6.1,175,152,113,9,25,59,5,0
11/27/2020 0:20,11/28/2020 0:44,11/27/2020 14:08,11/27/2020 14:54,46,Functional Fitness,13.3,476,179,141,5,14,15,12,45
11/28/2020 0:44,11/29/2020 0:42,11/28/2020 10:07,11/28/2020 10:47,40,Functional Fitness,13.1,413,183,139,16,10,6,10,41
11/29/2020 22:05,11/30/2020 22:26,11/30/2020 16:48,11/30/2020 17:33,45,Weightlifting,5.5,131,148,104,13,56,29,1,0
11/29/2020 22:05,11/30/2020 22:26,11/30/2020 6:41,11/30/2020 6:54,13,Running,7.1,124,172,137,2,18,13,20,44
11/30/2020 22:26,12/2/2020 0:01,12/1/2020 9:55,12/1/2020 11:01,65,Functional Fitness,11.2,465,170,125,5,24,21,30,17
12/2/2020 0:01,12/2/2020 23:12,12/2/2020 16:40,12/2/2020 17:26,46,Weightlifting,6.7,179,168,109,3,64,23,5,3
12/2/2020 0:01,12/2/2020 23:12,12/2/2020 16:12,12/2/2020 16:31,18,Running,10.7,255,173,158,1,0,2,3,90
12/2/2020 23:12,12/3/2020 22:57,12/3/2020 15:22,12/3/2020 16:35,72,Weightlifting,8.3,331,169,112,4,45,35,12,1
12/3/2020 22:57,12/5/2020 1:06,12/4/2020 23:00,12/5/2020 1:00,120,Other,4.3,122,124,79,79,10,0,0,0
12/3/2020 22:57,12/5/2020 1:06,12/4/2020 15:49,12/4/2020 16:06,16,Running,11.1,243,180,163,0,2,0,2,73
12/3/2020 22:57,12/5/2020 1:06,12/4/2020 14:35,12/4/2020 15:39,64,Functional Fitness,7.5,261,168,106,35,25,15,22,1
12/6/2020 21:48,12/7/2020 22:51,12/7/2020 15:33,12/7/2020 16:30,57,Functional Fitness,11.8,397,175,123,10,35,17,7,27
12/7/2020 22:51,12/8/2020 23:02,12/8/2020 15:32,12/8/2020 16:01,28,Functional Fitness,12.3,309,182,141,15,11,8,3,31
12/10/2020 22:53,12/12/2020 1:18,12/11/2020 11:15,12/11/2020 12:17,62,Functional Fitness,10.8,340,179,113,27,26,22,4,14
12/12/2020 1:18,12/13/2020 2:24,12/12/2020 9:44,12/12/2020 10:42,57,Functional Fitness,11.4,448,183,128,0,18,36,32,9
12/14/2020 0:34,12/14/2020 22:20,12/14/2020 12:11,12/14/2020 13:21,70,Weightlifting,6.2,198,142,100,27,52,17,3,0
12/14/2020 22:20,12/15/2020 22:44,12/15/2020 15:22,12/15/2020 16:29,66,Functional Fitness,14,529,189,129,7,37,10,8,20
12/15/2020 22:44,12/16/2020 21:47,12/16/2020 12:05,12/16/2020 13:13,67,Weightlifting,8.3,313,161,113,5,42,37,12,2
12/17/2020 22:38,12/19/2020 2:39,12/18/2020 14:15,12/18/2020 14:56,41,Weightlifting,5.6,137,141,104,17,50,29,2,0
12/17/2020 22:38,12/19/2020 2:39,12/18/2020 13:52,12/18/2020 14:09,16,Running,9.5,207,172,152,3,0,6,17,71
12/19/2020 2:39,12/19/2020 23:44,12/19/2020 10:04,12/19/2020 11:02,57,Functional Fitness,13.4,569,176,139,4,9,17,31,36
12/20/2020 22:24,12/21/2020 22:31,12/21/2020 17:50,12/21/2020 18:08,18,Stairmaster,6.7,143,169,128,3,16,23,41,14
12/20/2020 22:24,12/21/2020 22:31,12/21/2020 16:30,12/21/2020 17:49,79,Weightlifting,6.8,260,146,103,24,37,35,2,0
12/21/2020 22:31,12/22/2020 22:05,12/22/2020 16:14,12/22/2020 16:27,13,Functional Fitness,5.6,99,158,128,0,14,43,36,5
12/21/2020 22:31,12/22/2020 22:05,12/22/2020 15:21,12/22/2020 16:13,51,Weightlifting,5.1,104,147,95,36,48,12,2,0
12/22/2020 22:05,12/23/2020 23:33,12/23/2020 15:39,12/23/2020 16:25,45,Functional Fitness,12,388,195,132,12,11,16,36,11
12/24/2020 22:36,12/25/2020 21:58,12/25/2020 15:05,12/25/2020 15:23,18,Functional Fitness,4.8,73,143,103,34,14,46,4,0
12/24/2020 22:36,12/25/2020 21:58,12/25/2020 10:08,12/25/2020 10:32,24,Walking,4.1,28,108,90,69,30,0,0,0
12/25/2020 21:58,12/26/2020 23:04,12/26/2020 11:03,12/26/2020 11:42,38,Other,6.1,165,149,110,17,32,32,17,0
12/25/2020 21:58,12/26/2020 23:04,12/26/2020 9:40,12/26/2020 10:55,74,Functional Fitness,12.9,460,185,115,32,15,17,10,13
12/26/2020 23:04,12/27/2020 22:00,12/27/2020 13:54,12/27/2020 15:04,69,Weightlifting,7.2,258,155,106,16,49,25,8,0
12/27/2020 22:00,12/28/2020 22:40,12/28/2020 16:36,12/28/2020 16:53,17,Running,10.2,229,176,157,0,1,0,13,82
12/27/2020 22:00,12/28/2020 22:40,12/28/2020 15:36,12/28/2020 16:31,54,Weightlifting,6.8,225,156,109,13,41,34,9,0
12/28/2020 22:40,12/29/2020 22:43,12/29/2020 15:07,12/29/2020 16:27,79,Weightlifting,6.8,256,152,104,18,49,30,1,0
12/30/2020 23:06,1/1/2021 1:32,12/31/2020 14:25,12/31/2020 15:30,64,Functional Fitness,11.6,415,177,121,5,38,23,8,21
1/1/2021 21:29,1/3/2021 2:57,1/2/2021 11:10,1/2/2021 11:24,13,Functional Fitness,6.1,122,164,134,3,1,20,68,6
1/1/2021 21:29,1/3/2021 2:57,1/2/2021 10:18,1/2/2021 10:43,25,Running,7.8,189,169,128,3,20,30,21,24
1/3/2021 22:35,1/4/2021 23:01,1/4/2021 14:24,1/4/2021 16:09,104,Weightlifting,7.2,295,150,101,29,42,24,3,0
1/4/2021 23:01,1/5/2021 22:31,1/5/2021 16:08,1/5/2021 17:02,54,Weightlifting,6.6,220,146,110,8,43,42,5,0
1/4/2021 23:01,1/5/2021 22:31,1/5/2021 15:31,1/5/2021 15:57,25,Running,13,364,181,160,1,0,4,10,72
1/6/2021 22:57,1/7/2021 22:01,1/7/2021 11:27,1/7/2021 11:48,20,Stairmaster,6,147,139,125,0,6,85,8,0
1/6/2021 22:57,1/7/2021 22:01,1/7/2021 10:38,1/7/2021 11:26,47,Weightlifting,6.5,200,151,110,11,38,41,9,0
1/7/2021 22:01,1/8/2021 22:48,1/8/2021 16:22,1/8/2021 16:41,18,Running,10.2,236,177,153,1,4,6,12,70
1/7/2021 22:01,1/8/2021 22:48,1/8/2021 15:00,1/8/2021 16:03,62,Weightlifting,5.1,125,139,95,43,42,13,0,0
1/8/2021 22:48,1/10/2021 0:34,1/9/2021 14:44,1/9/2021 15:23,39,Functional Fitness,11.5,337,176,128,25,6,10,6,47
1/10/2021 22:26,1/11/2021 23:16,1/11/2021 15:56,1/11/2021 16:27,30,HIIT,8.5,261,167,132,4,7,23,52,12
1/10/2021 22:26,1/11/2021 23:16,1/11/2021 14:46,1/11/2021 15:55,69,Weightlifting,5.1,123,159,94,43,45,10,0,0
1/11/2021 23:16,1/12/2021 22:51,1/12/2021 14:37,1/12/2021 15:41,64,Weightlifting,5.3,135,140,96,35,50,13,0,0
1/12/2021 22:51,1/13/2021 23:05,1/13/2021 10:34,1/13/2021 11:23,48,Weightlifting,6.6,210,152,111,3,51,35,9,0
1/12/2021 22:51,1/13/2021 23:05,1/13/2021 10:17,1/13/2021 10:33,16,Elliptical,4.7,60,128,106,7,60,31,0,0
1/13/2021 23:05,1/14/2021 23:11,1/14/2021 14:39,1/14/2021 15:15,36,Weightlifting,5.4,121,135,104,15,49,35,0,0
1/13/2021 23:05,1/14/2021 23:11,1/14/2021 14:27,1/14/2021 14:38,10,Rowing,5.2,79,147,125,7,1,44,47,0
1/14/2021 23:11,1/16/2021 0:25,1/15/2021 16:31,1/15/2021 17:02,31,Running,14.3,468,183,164,0,0,1,3,64
1/17/2021 22:58,1/18/2021 22:59,1/18/2021 10:32,1/18/2021 11:43,70,Weightlifting,6.3,204,156,101,28,49,18,2,0
1/18/2021 22:59,1/19/2021 23:36,1/19/2021 14:24,1/19/2021 15:50,86,Weightlifting,7.5,304,145,105,15,52,29,3,0
1/18/2021 22:59,1/19/2021 23:36,1/19/2021 14:12,1/19/2021 14:20,8,Walking,4.4,33,146,105,25,27,35,11,0
1/19/2021 23:36,1/20/2021 21:35,1/20/2021 11:28,1/20/2021 11:40,11,Rowing,6.4,117,154,139,0,7,7,83,0
1/19/2021 23:36,1/20/2021 21:35,1/20/2021 10:20,1/20/2021 11:28,68,Weightlifting,6.2,188,145,99,30,46,18,5,0
1/20/2021 21:35,1/21/2021 22:43,1/21/2021 10:37,1/21/2021 11:28,51,Weightlifting,5.8,161,145,103,19,48,28,3,0
1/20/2021 21:35,1/21/2021 22:43,1/21/2021 10:20,1/21/2021 10:36,15,Walking,6.7,119,168,124,18,9,20,22,28
1/21/2021 22:43,1/23/2021 0:46,1/22/2021 11:31,1/22/2021 11:53,21,Functional Fitness,7.4,184,166,131,1,16,23,39,19
1/21/2021 22:43,1/23/2021 0:46,1/22/2021 10:39,1/22/2021 11:28,48,Weightlifting,7,220,155,111,6,45,34,13,0
1/24/2021 22:20,1/25/2021 23:05,1/25/2021 15:20,1/25/2021 16:39,79,Weightlifting,7,252,143,104,12,60,24,1,0
1/24/2021 22:20,1/25/2021 23:05,1/25/2021 14:40,1/25/2021 15:03,23,Stairmaster,4.7,60,122,100,14,81,3,0,0
1/26/2021 23:07,1/27/2021 23:07,1/27/2021 15:45,1/27/2021 16:06,21,Running,11.3,271,186,153,0,7,9,14,53
1/26/2021 23:07,1/27/2021 23:07,1/27/2021 14:15,1/27/2021 15:39,83,Weightlifting,7.7,317,148,106,10,51,35,3,0
1/27/2021 23:07,1/28/2021 23:22,1/28/2021 15:36,1/28/2021 15:48,11,Stairmaster,5.1,78,142,124,0,11,69,18,0
1/27/2021 23:07,1/28/2021 23:22,1/28/2021 14:32,1/28/2021 15:36,64,Weightlifting,5.6,149,148,96,27,57,13,1,0
1/28/2021 23:22,1/30/2021 0:48,1/29/2021 12:03,1/29/2021 12:19,15,Elliptical,5.5,109,139,123,0,13,82,3,0
1/28/2021 23:22,1/30/2021 0:48,1/29/2021 11:14,1/29/2021 12:03,49,Weightlifting,5.7,145,142,101,25,50,18,5,0
1/31/2021 2:04,1/31/2021 19:52,1/31/2021 14:15,1/31/2021 14:44,29,Elliptical,,29,99,83,97,2,0,0,0
1/31/2021 19:52,2/1/2021 21:52,2/1/2021 17:13,2/1/2021 18:09,55,Weightlifting,9.9,410,167,126,0,11,48,32,7
1/31/2021 19:52,2/1/2021 21:52,2/1/2021 17:01,2/1/2021 17:12,10,Rowing,6.4,106,174,138,4,1,27,26,36
2/2/2021 22:12,2/3/2021 22:56,2/3/2021 16:03,2/3/2021 16:25,22,Running,11.6,294,185,156,1,0,5,14,67
2/3/2021 22:56,2/4/2021 21:56,2/4/2021 10:33,2/4/2021 11:48,74,Weightlifting,6.9,250,151,105,11,53,33,1,0
2/4/2021 21:56,2/5/2021 23:54,2/5/2021 11:08,2/5/2021 12:22,74,Weightlifting,6,186,148,98,25,52,19,2,0
2/7/2021 21:37,2/8/2021 22:23,2/8/2021 10:38,2/8/2021 11:52,74,Weightlifting,6.8,245,142,104,11,56,30,1,0
2/8/2021 22:23,2/9/2021 22:31,2/9/2021 14:09,2/9/2021 15:00,51,Weightlifting,7.9,294,154,117,2,24,54,17,0
2/8/2021 22:23,2/9/2021 22:31,2/9/2021 13:48,2/9/2021 14:09,20,Running,12.2,281,190,159,3,1,5,16,29
2/9/2021 22:31,2/10/2021 22:00,2/10/2021 15:17,2/10/2021 16:02,45,Weightlifting,5.8,152,134,105,7,62,29,0,0
2/9/2021 22:31,2/10/2021 22:00,2/10/2021 14:55,2/10/2021 15:15,20,Elliptical,5.4,106,143,113,12,33,40,14,0
2/10/2021 22:00,2/11/2021 22:18,2/11/2021 15:36,2/11/2021 16:40,63,Weightlifting,6.9,244,148,107,16,40,37,5,0
2/11/2021 22:18,2/12/2021 22:59,2/12/2021 15:11,2/12/2021 15:25,14,Functional Fitness,7.4,153,166,142,0,4,22,33,39
2/11/2021 22:18,2/12/2021 22:59,2/12/2021 14:11,2/12/2021 15:10,58,Weightlifting,6,173,141,102,15,58,24,0,0
2/14/2021 22:54,2/16/2021 0:22,2/15/2021 14:51,2/15/2021 14:57,5,Running,5.6,66,161,147,0,1,11,46,40
2/14/2021 22:54,2/16/2021 0:22,2/15/2021 13:43,2/15/2021 14:49,66,Weightlifting,6.5,226,137,103,17,48,33,0,0
2/16/2021 23:27,2/17/2021 23:18,2/17/2021 14:37,2/17/2021 15:24,46,Weightlifting,5.6,141,138,102,17,55,25,0,0
2/16/2021 23:27,2/17/2021 23:18,2/17/2021 14:02,2/17/2021 14:34,32,Stairmaster,6.5,177,151,115,16,19,43,19,0
2/17/2021 23:18,2/18/2021 22:43,2/18/2021 15:04,2/18/2021 15:59,55,Weightlifting,5.7,156,140,100,24,54,19,1,0
2/18/2021 22:43,2/19/2021 22:39,2/19/2021 16:29,2/19/2021 16:46,17,Running,11.5,254,183,162,0,1,1,15,48
2/18/2021 22:43,2/19/2021 22:39,2/19/2021 15:28,2/19/2021 16:22,53,Weightlifting,5.4,131,128,97,31,57,10,0,0
2/21/2021 22:37,2/22/2021 21:57,2/22/2021 17:55,2/22/2021 18:04,8,Running,7.6,118,174,156,0,4,5,11,74
2/21/2021 22:37,2/22/2021 21:57,2/22/2021 17:00,2/22/2021 17:54,54,Weightlifting,6.9,232,151,108,14,42,35,7,0
2/22/2021 21:57,2/23/2021 22:21,2/23/2021 17:30,2/23/2021 18:01,30,Stairmaster,6.6,190,151,119,5,26,51,17,0
2/23/2021 22:21,2/24/2021 22:09,2/24/2021 15:46,2/24/2021 16:01,15,Functional Fitness,7.1,149,173,138,0,5,23,33,36
2/23/2021 22:21,2/24/2021 22:09,2/24/2021 15:12,2/24/2021 15:31,18,Running,8.9,215,162,147,0,1,14,24,58
2/25/2021 21:34,2/26/2021 21:49,2/26/2021 15:08,2/26/2021 16:06,57,Functional Fitness,8.9,305,177,111,24,22,31,12,8
2/26/2021 21:49,2/27/2021 22:39,2/27/2021 16:35,2/27/2021 16:50,15,Running,6.3,121,163,127,11,11,21,41,14
2/28/2021 23:08,3/1/2021 22:03,3/1/2021 11:47,3/1/2021 12:16,29,Walking,4.3,41,119,92,54,44,1,0,0
3/1/2021 22:03,3/2/2021 22:30,3/2/2021 14:48,3/2/2021 15:36,47,Elliptical,7,244,138,115,1,41,55,1,0
3/2/2021 22:30,3/3/2021 22:31,3/3/2021 14:42,3/3/2021 15:51,69,Functional Fitness,11.1,497,163,124,8,14,26,46,4
3/2/2021 22:30,3/3/2021 22:31,3/3/2021 14:03,3/3/2021 14:16,12,Walking,4.6,55,137,105,32,12,48,6,0
3/2/2021 22:30,3/3/2021 22:31,3/3/2021 10:17,3/3/2021 10:45,28,Activity,5.1,100,131,103,33,39,27,0,0
3/3/2021 22:31,3/4/2021 22:13,3/4/2021 14:29,3/4/2021 15:28,58,Functional Fitness,11,470,170,129,2,11,27,50,7
3/5/2021 22:01,3/6/2021 22:10,3/6/2021 14:41,3/6/2021 15:21,40,Functional Fitness,9.2,306,162,127,5,16,21,44,11
3/5/2021 22:01,3/6/2021 22:10,3/6/2021 13:39,3/6/2021 14:17,38,Walking,4.1,48,135,89,75,19,4,0,0
3/7/2021 21:55,3/8/2021 21:10,3/8/2021 14:40,3/8/2021 15:49,69,Functional Fitness,12.8,569,181,131,1,17,30,34,11
3/8/2021 21:10,3/9/2021 22:50,3/9/2021 14:33,3/9/2021 15:19,45,Functional Fitness,10.1,330,170,124,10,24,13,26,24
3/10/2021 22:43,3/11/2021 22:43,3/11/2021 16:20,3/11/2021 17:14,53,Box Fitness,9.8,305,176,115,17,37,17,13,12
3/10/2021 22:43,3/11/2021 22:43,3/11/2021 15:45,3/11/2021 16:12,27,Other,7.2,205,172,127,0,10,41,44,2
3/11/2021 22:43,3/12/2021 23:28,3/12/2021 15:38,3/12/2021 16:20,41,Box Fitness,10.1,266,187,118,21,31,16,10,7
3/12/2021 23:28,3/13/2021 22:00,3/13/2021 10:07,3/13/2021 11:09,61,Box Fitness,13.2,538,185,132,14,13,8,28,30
3/14/2021 21:17,3/15/2021 20:38,3/15/2021 14:32,3/15/2021 15:58,86,Box Fitness,10.6,490,163,115,26,13,26,31,1
3/15/2021 20:38,3/16/2021 21:07,3/16/2021 14:25,3/16/2021 15:24,59,Box Fitness,9.3,324,179,116,7,39,29,13,7
3/16/2021 21:07,3/17/2021 22:13,3/17/2021 9:58,3/17/2021 10:12,14,Running,6.7,132,159,135,2,11,23,34,27
3/17/2021 23:13,3/18/2021 23:27,3/18/2021 17:29,3/18/2021 18:24,54,HIIT,11.6,428,189,129,1,25,27,21,18
3/17/2021 23:13,3/18/2021 23:27,3/18/2021 16:45,3/18/2021 17:28,43,Box Fitness,9.7,311,181,125,0,30,34,20,10
3/18/2021 23:27,3/19/2021 22:11,3/19/2021 15:12,3/19/2021 16:38,85,Activity,8.1,353,137,109,5,60,33,0,0
3/19/2021 22:11,3/20/2021 22:28,3/20/2021 10:07,3/20/2021 10:46,38,Box Fitness,10.4,333,171,132,1,23,14,30,29
3/29/2021 22:42,3/31/2021 1:09,3/30/2021 9:25,3/30/2021 9:41,15,HIIT,7.7,168,172,143,0,0,21,40,38
3/29/2021 22:42,3/31/2021 1:09,3/30/2021 9:13,3/30/2021 9:23,9,Running,9.2,141,194,163,0,6,1,11,17
